comment,sentiment
"Honestly, This is one of the weakest videos on this topic.",negative
"for me, this is a tutorial about the basics. 😍",neutral
"Honestly, The comments section has many different opinions.",neutral
"In my opinion, I came here randomly and ended up learning a lot. 😊",positive
I regret clicking on this video.,negative
"Finally, Keep making content like this! lol",positive
"Not gonna lie, I watched this on my phone! 🙌",neutral
"Finally, Great explanation, everything was very clear.",positive
"Personally, I watched the whole thing without getting bored. 😍",positive
"for me, this topic is discussed in the second half.",neutral
"Not gonna lie, The title is misleading.",negative
"For me, The quality has gone downhill. 😂",negative
"Not gonna lie, I watched this video today.",neutral
"Not gonna lie, Too many ads and not enough useful information.",negative
"Overall, Such a useful video, thank you for sharing.",positive
"As a student, The video was uploaded recently.",neutral
"Finally, I stopped watching halfway through. 🔥",negative
"As a student, The explanation was confusing and poorly organized.",negative
"Finally, The video feels rushed and incomplete. 😍",negative
"In my opinion, I stopped watching halfway through! ❤️",negative
"Honestly, This video is absolutely amazing, I learned so much!!!!",positive
"Overall, There are several examples in the video!",neutral
"As a beginner, This video was a complete waste of time. ❤️",negative
"After watching this, You explained this topic really well.",positive
"personally, the video is around ten minutes long.",neutral
"Overall, This was not worth my time.",negative
"As a student, One of the best videos on this topic. 🔥",positive
"in my opinion, the video contains a practical demonstration.",neutral
"As a beginner, The editing is fantastic and the content is even better. 😊",positive
"Overall, The comments section has many different opinions.",neutral
"Personally, The quality has gone downhill.",negative
"For me, This explanation made the topic more confusing.",negative
"Honestly, Such a useful video, thank you for sharing.",positive
"Not gonna lie, You explained this topic really well. lol",positive
"As a student, There is a link mentioned in the description. :)",neutral
"As a student, I could not understand what the creator was trying to say. 😊",negative
"As a beginner, The video is about the topic mentioned in the title. 🙌",neutral
"Personally, There is too much unnecessary talking. 😊",negative
"Personally, The information is outdated and not helpful.",negative
"not gonna lie, this channel keeps getting better. haha",positive
"In my opinion, The examples made everything easy to understand.",positive
"After watching this, The explanation was simple and practical.",positive
"After watching this, Great explanation, everything was very clear.",positive
"Overall, The quality has gone downhill. 😂",negative
"After watching this, This is a tutorial about the basics. 🙌",neutral
"Personally, This deserves way more views.",positive
"Finally, Such a useful video, thank you for sharing.",positive
"Personally, The quality has gone downhill. 😂",negative
"In my opinion, This was not worth my time!",negative
"For me, I watched the whole thing without getting bored.",positive
"As a student, There is too much unnecessary talking. haha",negative
"After watching this, The video feels rushed and incomplete.",negative
"as a beginner, the title is misleading.!!!",negative
"personally, i found this while searching for information.",neutral
"After watching this, The information is outdated and not helpful. 😊",negative
"Personally, The creator answers a few questions in the video!",neutral
"For me, Very disappointing content.",negative
"Finally, The video contains a practical demonstration.",neutral
"Honestly, I came here randomly and ended up learning a lot.",positive
"As a student, This is one of the weakest videos on this topic.",negative
"For me, The quality has gone downhill! :)",negative
"Honestly, Such a useful video, thank you for sharing.",positive
"Overall, One of the best videos on this topic.",positive
"For me, This video was a complete waste of time. 😊",negative
"not gonna lie, very disappointing content. :)",negative
"For me, There is too much unnecessary talking.",negative
"For me, I could not understand what the creator was trying to say.",negative
"Overall, I watched the whole thing without getting bored.",positive
"Honestly, This channel keeps getting better.",positive
"Finally, I am taking notes while watching this.",neutral
"Personally, This is a tutorial about the basics.",neutral
"In my opinion, The editing is distracting and annoying.",negative
"For me, This topic is discussed in the second half.",neutral
"Finally, You explained this topic really well. :)",positive
"Personally, You explained this topic really well.",positive
"As a beginner, I did not find this useful at all.",negative
"After watching this, The creator uploaded another video on this topic. 👍",neutral
"As a student, The comments section has many different opinions. 🙌",neutral
"Overall, This is a tutorial about the basics.",neutral
"As a beginner, This was not worth my time.",negative
"After watching this, I found this while searching for information.",neutral
"Not gonna lie, This is a tutorial about the basics.",neutral
"Personally, I could not understand what the creator was trying to say!",negative
"For me, The video is way too long for such a simple topic.!!!",negative
"Overall, I watched this video today. 😍",neutral
"Overall, Loved every second of this video!",positive
"Overall, Too many ads and not enough useful information.",negative
"as a student, the editing is distracting and annoying.",negative
"As a beginner, Such a useful video, thank you for sharing! 🙌",positive
"This video is absolutely amazing, I learned so much! 🙌",positive
"overall, the video is way too long for such a simple topic. ❤️",negative
"After watching this, The examples made everything easy to understand.",positive
"In my opinion, Finally someone explained it properly.",positive
"After watching this, Very informative and entertaining at the same time! 😊",positive
"As a student, There are several examples in the video. lol",neutral
The creator uses slides to explain the topic. 🙌,neutral
"Honestly, The explanation was simple and practical.",positive
"For me, This is one of the weakest videos on this topic. 👍",negative
"Overall, I came here randomly and ended up learning a lot.",positive
"Overall, The audio quality is terrible.",negative
"Honestly, The video was uploaded recently. haha",neutral
"Overall, Too many ads and not enough useful information.",negative
"As a beginner, This video was a complete waste of time. 👍",negative
"Finally, I expected much better from this channel. ❤️",negative
"In my opinion, The editing is fantastic and the content is even better.",positive
"After watching this, The video feels rushed and incomplete. 🔥",negative
"In my opinion, Too many ads and not enough useful information!",negative
"after watching this, i am taking notes while watching this.!!!",neutral
"Overall, I expected much better from this channel.",negative
"after watching this, too many ads and not enough useful information. lol",negative
"As a beginner, Great explanation, everything was very clear. ❤️",positive
"Finally, You explained this topic really well.",positive
"Honestly, There is a link mentioned in the description. 😍",neutral
"In my opinion, I expected much better from this channel. 🙌",negative
"Personally, Such a useful video, thank you for sharing.",positive
"In my opinion, Very informative and entertaining at the same time. 😍",positive
"For me, The title is misleading!",negative
"In my opinion, I came here randomly and ended up learning a lot.",positive
"Not gonna lie, I regret clicking on this video. :)",negative
"As a student, One of the best videos on this topic.!!!",positive
"as a student, i found this while searching for information. 🙌",neutral
"As a student, The information is outdated and not helpful. 😊",negative
"In my opinion, The creator uses slides to explain the topic.",neutral
The comments section has many different opinions.,neutral
"As a beginner, You explained this topic really well.",positive
"Not gonna lie, The creator uses slides to explain the topic.",neutral
"Overall, Loved every second of this video. 😊",positive
"After watching this, Loved every second of this video.",positive
"Personally, Very disappointing content.",negative
"Finally, I expected much better from this channel.",negative
"Honestly, The creator uploaded another video on this topic.",neutral
"Honestly, This video helped me solve my problem.",positive
"Personally, The title is misleading.",negative
"Finally, This was not worth my time. 😊",negative
"Honestly, I did not find this useful at all.",negative
"Personally, The editing is fantastic and the content is even better.",positive
The video covers both theory and examples!,neutral
"In my opinion, This is a tutorial about the basics.",neutral
"For me, The audio quality is terrible. :)",negative
"Honestly, There is a link mentioned in the description.",neutral
"For me, Loved every second of this video.",positive
"As a student, The title is misleading.",negative
"Honestly, The audio quality is terrible. 😊",negative
"Finally, This video was a complete waste of time. 😍",negative
"personally, the video is about the topic mentioned in the title.",neutral
"Honestly, The explanation was confusing and poorly organized.",negative
"As a student, This explanation made the topic more confusing.",negative
"Overall, The information is outdated and not helpful.",negative
"overall, the creator uses slides to explain the topic. haha",neutral
"Honestly, I stopped watching halfway through. :)",negative
Very disappointing content.,negative
"After watching this, I expected much better from this channel.",negative
"in my opinion, too many ads and not enough useful information.",negative
The examples made everything easy to understand.,positive
"Overall, The examples made everything easy to understand. haha",positive
"After watching this, This is a tutorial about the basics. 😍",neutral
"In my opinion, The creator uploaded another video on this topic. 🙌",neutral
"Not gonna lie, I am watching this for a college assignment. 😍",neutral
"As a student, The creator answers a few questions in the video. 😍",neutral
"As a beginner, The creator answers a few questions in the video. ❤️",neutral
"honestly, this is a tutorial about the basics. :)",neutral
"In my opinion, I stopped watching halfway through.",negative
"Overall, The explanation was simple and practical. ❤️",positive
"Honestly, The explanation was simple and practical.",positive
"Finally, I am watching this for a college assignment. 🔥",neutral
"Overall, I came here randomly and ended up learning a lot.",positive
"As a beginner, I expected much better from this channel. 😂",negative
"As a beginner, This is one of the weakest videos on this topic.",negative
"in my opinion, i stopped watching halfway through.",negative
"As a beginner, The creator answers a few questions in the video.",neutral
"Overall, The creator uses slides to explain the topic.",neutral
"As a beginner, I am watching this for a college assignment.",neutral
"Personally, I found this while searching for information.",neutral
"Personally, The video contains a practical demonstration. lol",neutral
"Finally, Loved every second of this video.!!!",positive
"As a student, This is one of the weakest videos on this topic.",negative
This was recommended on my homepage.,neutral
"as a beginner, such a useful video, thank you for sharing.",positive
"As a student, The video is around ten minutes long.",neutral
The video is around ten minutes long.,neutral
"In my opinion, Very informative and entertaining at the same time.!!!",positive
"Not gonna lie, There is too much unnecessary talking. ❤️",negative
"Personally, Loved every second of this video.",positive
"Personally, The explanation was simple and practical.",positive
"Overall, There is too much unnecessary talking. :)",negative
"In my opinion, Very disappointing content.",negative
"Honestly, The explanation was confusing and poorly organized. 😍",negative
"Overall, There is a link mentioned in the description. 😊",neutral
"As a beginner, This was recommended on my homepage. 🙌",neutral
"For me, I regret clicking on this video.",negative
"As a student, Great explanation, everything was very clear.",positive
"After watching this, I watched this on my phone. 👍",neutral
"As a beginner, I watched the whole thing without getting bored. haha",positive
"Finally, The creator uploaded another video on this topic. 😍",neutral
"finally, the editing is distracting and annoying. 🔥",negative
"for me, the creator answers a few questions in the video. :)",neutral
"Not gonna lie, Finally someone explained it properly.",positive
"As a beginner, This is exactly what I was looking for.",positive
"For me, The video contains a practical demonstration. 😍",neutral
"Finally, I found this while searching for information. ❤️",neutral
"Honestly, The video is about the topic mentioned in the title.",neutral
"for me, the quality has gone downhill. lol",negative
"Personally, I watched the whole thing without getting bored.",positive
"Not gonna lie, I stopped watching halfway through.",negative
"As a beginner, Too many ads and not enough useful information!",negative
"As a beginner, Loved every second of this video. 🙌",positive
"Finally, There is too much unnecessary talking. ❤️",negative
"Personally, The creator answers a few questions in the video. lol",neutral
"Personally, I did not find this useful at all.",negative
"Honestly, There is too much unnecessary talking.",negative
"After watching this, There is too much unnecessary talking.",negative
"In my opinion, The video is around ten minutes long.",neutral
I came here randomly and ended up learning a lot.,positive
"Honestly, The creator answers a few questions in the video.",neutral
"After watching this, Great explanation, everything was very clear.",positive
"Personally, I really enjoyed watching this. 😊",positive
"Honestly, The creator uploaded another video on this topic. :)",neutral
"Honestly, I could not understand what the creator was trying to say.",negative
"Personally, The creator answers a few questions in the video.",neutral
"For me, I came here randomly and ended up learning a lot. :)",positive
"Finally, The quality has gone downhill.",negative
I will come back to this video later.,neutral
"In my opinion, I found this while searching for information.",neutral
"As a beginner, The creator uses slides to explain the topic.",neutral
"After watching this, The video feels rushed and incomplete.",negative
"Not gonna lie, The comments section has many different opinions.",neutral
"Overall, One of the best videos on this topic.",positive
"honestly, i am taking notes while watching this.",neutral
"For me, This is a tutorial about the basics.",neutral
The video was uploaded recently.,neutral
"As a student, Very disappointing content.",negative
"Honestly, The quality has gone downhill. haha",negative
"In my opinion, This video was a complete waste of time.",negative
"Overall, There is a link mentioned in the description.",neutral
"As a beginner, Too many ads and not enough useful information. 🔥",negative
"In my opinion, The explanation was confusing and poorly organized.",negative
"Overall, I stopped watching halfway through.!!!",negative
"Personally, The video covers both theory and examples!",neutral
"In my opinion, This is one of the weakest videos on this topic. 😂",negative
I watched the whole thing without getting bored.,positive
"After watching this, Loved every second of this video. 😍",positive
"After watching this, This video is absolutely amazing, I learned so much!",positive
"In my opinion, This is exactly what I was looking for.",positive
"in my opinion, very disappointing content. 😍",negative
"As a beginner, I will come back to this video later.",neutral
"Not gonna lie, The video is around ten minutes long.",neutral
"For me, This channel keeps getting better. :)",positive
"Honestly, There are several examples in the video.",neutral
I am taking notes while watching this. 🙌,neutral
"Honestly, This explanation made the topic more confusing.!!!",negative
"After watching this, I found this while searching for information.",neutral
"For me, This was recommended on my homepage. 👍",neutral
"Not gonna lie, Very informative and entertaining at the same time. lol",positive
"In my opinion, I stopped watching halfway through.",negative
"Personally, The editing is distracting and annoying.",negative
"Not gonna lie, I found this while searching for information. 😂",neutral
"Overall, I really enjoyed watching this.",positive
"Not gonna lie, The video is way too long for such a simple topic.",negative
"as a beginner, i found this while searching for information. 😊",neutral
"In my opinion, I found this while searching for information. 🙌",neutral
"Not gonna lie, The comments section has many different opinions. lol",neutral
"As a student, Excellent work by the creator. 😊",positive
"After watching this, I will come back to this video later. 🔥",neutral
"For me, The video is about the topic mentioned in the title.",neutral
"As a student, The editing is distracting and annoying. haha",negative
"After watching this, I could not understand what the creator was trying to say! 👍",negative
"For me, The quality has gone downhill. :)",negative
"Not gonna lie, This video helped me solve my problem.",positive
"In my opinion, This video helped me solve my problem. 👍",positive
This is exactly what I was looking for.,positive
"As a beginner, There is too much unnecessary talking.",negative
"Finally, Finally someone explained it properly. :)",positive
"For me, Finally someone explained it properly. 🙌",positive
"After watching this, Finally someone explained it properly.",positive
"Honestly, The comments section has many different opinions.",neutral
"For me, I watched this video today.",neutral
"Finally, Loved every second of this video. :)",positive
"Overall, I could not understand what the creator was trying to say.",negative
"Not gonna lie, I watched this on my phone. 😊",neutral
You explained this topic really well! 🙌,positive
"As a student, There is a link mentioned in the description.",neutral
"Personally, This topic is discussed in the second half.",neutral
"Not gonna lie, The video is about the topic mentioned in the title.",neutral
"For me, This deserves way more views.",positive
"Not gonna lie, There are several examples in the video. lol",neutral
"After watching this, The creator uses slides to explain the topic. :)",neutral
"In my opinion, The editing is fantastic and the content is even better.",positive
"After watching this, This video is absolutely amazing, I learned so much! 😂",positive
"Overall, Finally someone explained it properly.",positive
"In my opinion, The creator uploaded another video on this topic.",neutral
"Not gonna lie, Keep making content like this! 😍",positive
"Overall, I am watching this for a college assignment.",neutral
"In my opinion, I expected much better from this channel. 😍",negative
"For me, The video is around ten minutes long. 😍",neutral
One of the best videos on this topic. ❤️,positive
"Honestly, There is too much unnecessary talking. 😊",negative
"Honestly, This was recommended on my homepage.",neutral
"finally, this video is absolutely amazing, i learned so much! 😊",positive
"For me, The video is about the topic mentioned in the title. 👍",neutral
keep making content like this!,positive
"After watching this, The quality has gone downhill.",negative
"As a student, This video helped me solve my problem.",positive
I really enjoyed watching this.,positive
"This video is absolutely amazing, I learned so much! 😂",positive
"for me, the title is misleading. 🙌",negative
"After watching this, Very disappointing content.",negative
"Overall, I came here randomly and ended up learning a lot.",positive
"Honestly, The video is around ten minutes long. 😂",neutral
"After watching this, This is exactly what I was looking for.",positive
"For me, Keep making content like this!!!!",positive
"For me, The title is misleading.",negative
"After watching this, The video covers both theory and examples.",neutral
"Personally, The creator uses slides to explain the topic.",neutral
"For me, This video was a complete waste of time.",negative
"As a student, The video feels rushed and incomplete.",negative
"For me, I will come back to this video later. ❤️",neutral
"As a student, The examples made everything easy to understand. :)",positive
"For me, I stopped watching halfway through.",negative
"Not gonna lie, Excellent work by the creator.",positive
"In my opinion, I expected much better from this channel. :)",negative
"Honestly, I really enjoyed watching this.",positive
"Not gonna lie, The information is outdated and not helpful.",negative
"After watching this, The information is outdated and not helpful.",negative
"As a student, The editing is distracting and annoying.!!!",negative
"as a beginner, i expected much better from this channel.",negative
"In my opinion, The editing is fantastic and the content is even better.",positive
"honestly, the video is about the topic mentioned in the title.",neutral
you explained this topic really well. ❤️,positive
"In my opinion, I am watching this for a college assignment. ❤️",neutral
"Personally, Too many ads and not enough useful information.",negative
"Personally, This video was a complete waste of time!",negative
"Not gonna lie, You explained this topic really well. 😊",positive
"Not gonna lie, This channel keeps getting better.",positive
"As a beginner, The video covers both theory and examples. ❤️",neutral
"For me, I came here randomly and ended up learning a lot.",positive
"For me, I came here randomly and ended up learning a lot.",positive
"As a student, Great explanation, everything was very clear.",positive
"For me, I came here randomly and ended up learning a lot. 🔥",positive
"Honestly, The creator uploaded another video on this topic. haha",neutral
"personally, i really enjoyed watching this. 👍",positive
"As a beginner, One of the best videos on this topic!",positive
"Honestly, This explanation made the topic more confusing.",negative
The explanation was simple and practical! 👍,positive
"Personally, The information is outdated and not helpful.",negative
"After watching this, I came here randomly and ended up learning a lot.",positive
"not gonna lie, excellent work by the creator. ❤️",positive
"finally, the explanation was simple and practical.",positive
"Honestly, The video feels rushed and incomplete.",negative
"Overall, Such a useful video, thank you for sharing.",positive
"Not gonna lie, Too many ads and not enough useful information.",negative
"As a student, The examples made everything easy to understand.",positive
The title is misleading.,negative
"Finally, There are several examples in the video.",neutral
"Honestly, The video was uploaded recently.",neutral
"Honestly, Finally someone explained it properly.",positive
"For me, The video covers both theory and examples. haha",neutral
"As a student, You explained this topic really well. 😍",positive
"Overall, This channel keeps getting better.",positive
The explanation was simple and practical. 😂,positive
"As a student, The editing is fantastic and the content is even better. haha",positive
"Not gonna lie, The comments section has many different opinions.",neutral
"finally, loved every second of this video.",positive
Finally someone explained it properly. 👍,positive
"Honestly, I came here randomly and ended up learning a lot. 😍",positive
"Overall, The video feels rushed and incomplete.",negative
"Honestly, The audio quality is terrible.",negative
"In my opinion, Such a useful video, thank you for sharing. 🔥",positive
"as a student, such a useful video, thank you for sharing. 😍",positive
"For me, I could not understand what the creator was trying to say!",negative
"In my opinion, The video contains a practical demonstration. 🔥",neutral
There is too much unnecessary talking.,negative
"Personally, This deserves way more views.",positive
"Honestly, I came here randomly and ended up learning a lot. :)",positive
"Overall, There are several examples in the video.",neutral
"After watching this, The comments section has many different opinions.",neutral
"As a student, The comments section has many different opinions.",neutral
"After watching this, The title is misleading.",negative
"Finally, The quality has gone downhill. :)",negative
"Overall, The examples made everything easy to understand.",positive
I stopped watching halfway through. 😍,negative
"Honestly, The examples made everything easy to understand.",positive
"As a student, I watched this video today.",neutral
"Honestly, I am watching this for a college assignment. :)",neutral
"For me, Finally someone explained it properly.",positive
"overall, such a useful video, thank you for sharing.",positive
"Personally, This video was a complete waste of time.",negative
"Overall, I could not understand what the creator was trying to say.",negative
"In my opinion, The quality has gone downhill.",negative
"As a student, You explained this topic really well. ❤️",positive
"In my opinion, The title is misleading. lol",negative
"Finally, One of the best videos on this topic.",positive
"Honestly, I did not find this useful at all.",negative
"Finally, The explanation was simple and practical.",positive
I am watching this for a college assignment.,neutral
"Not gonna lie, I watched this on my phone. 🙌",neutral
"As a student, The information is outdated and not helpful. lol",negative
"After watching this, This video is absolutely amazing, I learned so much!",positive
"Personally, I will come back to this video later.",neutral
I really enjoyed watching this!,positive
"After watching this, The editing is fantastic and the content is even better.",positive
"After watching this, I stopped watching halfway through. haha",negative
"As a beginner, This was recommended on my homepage.",neutral
"In my opinion, This is one of the weakest videos on this topic. lol",negative
"After watching this, I came here randomly and ended up learning a lot.",positive
"Not gonna lie, Very disappointing content. haha",negative
"Not gonna lie, This explanation made the topic more confusing. 🔥",negative
The comments section has many different opinions!,neutral
"honestly, the quality has gone downhill.",negative
"Overall, The video feels rushed and incomplete.",negative
"Personally, I really enjoyed watching this. 🙌",positive
"Personally, This was recommended on my homepage.",neutral
"Overall, This video is absolutely amazing, I learned so much!",positive
"Honestly, Keep making content like this! 😂",positive
"As a student, This is a tutorial about the basics.",neutral
"As a student, The creator uploaded another video on this topic.",neutral
"As a beginner, I did not find this useful at all.",negative
"For me, I watched this on my phone.",neutral
Keep making content like this! 🔥,positive
"Finally, Keep making content like this!",positive
"As a beginner, This is exactly what I was looking for.",positive
"As a beginner, The editing is fantastic and the content is even better.",positive
"For me, The examples made everything easy to understand. :)",positive
"As a student, This explanation made the topic more confusing. 👍",negative
"As a student, The editing is distracting and annoying.",negative
"As a beginner, I came here randomly and ended up learning a lot. 🙌",positive
"In my opinion, This explanation made the topic more confusing. haha",negative
"In my opinion, The video was uploaded recently.",neutral
"Finally, I stopped watching halfway through. 😊",negative
"Overall, The information is outdated and not helpful.",negative
"Personally, I watched the whole thing without getting bored.",positive
"After watching this, I watched the whole thing without getting bored. 👍",positive
"After watching this, The audio quality is terrible. 🙌",negative
"honestly, i am taking notes while watching this. :)",neutral
"Finally, I watched this on my phone.",neutral
"Personally, This was recommended on my homepage.",neutral
"Finally, This explanation made the topic more confusing.",negative
"Overall, This is one of the weakest videos on this topic. 😊",negative
"Such a useful video, thank you for sharing.",positive
"Honestly, The title is misleading. ❤️",negative
"Finally, This topic is discussed in the second half.",neutral
"as a student, this video is absolutely amazing, i learned so much! 😊",positive
too many ads and not enough useful information.,negative
"Personally, The comments section has many different opinions. 🔥",neutral
"As a student, The examples made everything easy to understand.",positive
"As a student, I watched this on my phone.",neutral
"finally, the creator uses slides to explain the topic! 🙌",neutral
"After watching this, The video is way too long for such a simple topic.",negative
"As a beginner, I did not find this useful at all.",negative
The creator answers a few questions in the video.,neutral
"honestly, loved every second of this video. 😂",positive
"In my opinion, The video contains a practical demonstration. ❤️",neutral
"For me, The video is way too long for such a simple topic. ❤️",negative
"Overall, Excellent work by the creator. 👍",positive
"Overall, The explanation was simple and practical.",positive
"As a beginner, The video was uploaded recently. 😂",neutral
"Overall, I expected much better from this channel.",negative
"As a student, Great explanation, everything was very clear.",positive
"As a beginner, This was recommended on my homepage.",neutral
"Not gonna lie, There is a link mentioned in the description.",neutral
"Overall, This channel keeps getting better.!!!",positive
"In my opinion, Very informative and entertaining at the same time.",positive
"As a beginner, This was recommended on my homepage. 😊",neutral
"Overall, I am watching this for a college assignment. 😍",neutral
I really enjoyed watching this!,positive
"As a student, I watched the whole thing without getting bored. 👍",positive
"As a beginner, Excellent work by the creator.!!!",positive
"Personally, I watched this on my phone.",neutral
"As a beginner, The comments section has many different opinions. 😊",neutral
"As a student, The video contains a practical demonstration!",neutral
"Honestly, I expected much better from this channel.",negative
"Honestly, This topic is discussed in the second half.",neutral
"In my opinion, I came here randomly and ended up learning a lot. 🙌",positive
"As a student, This deserves way more views. 🙌",positive
"Personally, I regret clicking on this video.",negative
"As a student, I regret clicking on this video.",negative
"After watching this, The video is around ten minutes long.",neutral
"For me, This channel keeps getting better.",positive
"For me, This video is absolutely amazing, I learned so much!",positive
"Finally, This video is absolutely amazing, I learned so much! 😍",positive
"As a student, I really enjoyed watching this.",positive
"Not gonna lie, This topic is discussed in the second half.",neutral
"Personally, The creator uploaded another video on this topic.",neutral
"Not gonna lie, Very informative and entertaining at the same time. 😍",positive
"Personally, Very informative and entertaining at the same time.",positive
"As a student, The video contains a practical demonstration. lol",neutral
"In my opinion, I found this while searching for information.",neutral
The explanation was simple and practical. :),positive
"Honestly, Such a useful video, thank you for sharing. 😊",positive
"As a student, Finally someone explained it properly.",positive
"After watching this, Very informative and entertaining at the same time. 😊",positive
"Such a useful video, thank you for sharing.",positive
"In my opinion, This is exactly what I was looking for.",positive
"Personally, The creator uses slides to explain the topic.",neutral
"Overall, This channel keeps getting better. 😂",positive
"as a student, the editing is distracting and annoying! 😂",negative
"Finally, The editing is distracting and annoying. 😍",negative
This video was a complete waste of time. 🔥,negative
"Overall, Too many ads and not enough useful information.",negative
"For me, This deserves way more views.",positive
"Personally, I did not find this useful at all. 😍",negative
"In my opinion, This was not worth my time. 👍",negative
"Personally, Keep making content like this! 😊",positive
"For me, This is one of the weakest videos on this topic.",negative
"As a beginner, The creator answers a few questions in the video. 👍",neutral
"Not gonna lie, The video feels rushed and incomplete. 😊",negative
"Not gonna lie, The examples made everything easy to understand.",positive
"As a student, Excellent work by the creator. 😊",positive
"In my opinion, I watched this video today. ❤️",neutral
"Finally, I expected much better from this channel.",negative
"Personally, This video helped me solve my problem. 😊",positive
"not gonna lie, the video feels rushed and incomplete.",negative
"After watching this, The creator uploaded another video on this topic.",neutral
The examples made everything easy to understand. haha,positive
"As a beginner, The explanation was confusing and poorly organized.",negative
"As a beginner, I found this while searching for information.",neutral
The video covers both theory and examples.,neutral
I did not find this useful at all. 👍,negative
"As a student, The video is way too long for such a simple topic.!!!",negative
"Personally, The video is way too long for such a simple topic. ❤️",negative
"Personally, The quality has gone downhill.",negative
"honestly, i regret clicking on this video. lol",negative
"For me, I really enjoyed watching this.",positive
"Personally, I could not understand what the creator was trying to say. 👍",negative
"In my opinion, I will come back to this video later. 👍",neutral
The editing is fantastic and the content is even better! 👍,positive
One of the best videos on this topic.,positive
"After watching this, Loved every second of this video.",positive
I will come back to this video later.,neutral
"As a beginner, Too many ads and not enough useful information. :)",negative
"Overall, The video is around ten minutes long. lol",neutral
"Personally, Very disappointing content.",negative
"Overall, I did not find this useful at all.",negative
"Finally, The audio quality is terrible.",negative
"For me, I will come back to this video later.",neutral
"finally, i am watching this for a college assignment!",neutral
"As a beginner, You explained this topic really well. 👍",positive
"As a beginner, The examples made everything easy to understand.",positive
"Honestly, I really enjoyed watching this.",positive
"Honestly, Excellent work by the creator. 😂",positive
"As a student, I did not find this useful at all.",negative
"After watching this, You explained this topic really well. 😍",positive
"Not gonna lie, This video helped me solve my problem. 😂",positive
"As a beginner, I really enjoyed watching this.",positive
"Honestly, There is too much unnecessary talking.",negative
"Such a useful video, thank you for sharing.",positive
"finally, the title is misleading.",negative
"As a student, I watched the whole thing without getting bored. 🙌",positive
"After watching this, Very informative and entertaining at the same time.",positive
"As a student, I did not find this useful at all. 😊",negative
"Not gonna lie, I found this while searching for information. 👍",neutral
"After watching this, The creator answers a few questions in the video. 😂",neutral
"Honestly, Very informative and entertaining at the same time.",positive
"Finally, Finally someone explained it properly.!!!",positive
"Finally, This was recommended on my homepage. :)",neutral
"Overall, I will come back to this video later. 🔥",neutral
"For me, The video is about the topic mentioned in the title. :)",neutral
"As a beginner, The video is about the topic mentioned in the title.",neutral
Keep making content like this! 👍,positive
"Honestly, The video contains a practical demonstration.",neutral
"Honestly, The explanation was confusing and poorly organized.!!!",negative
"Personally, I could not understand what the creator was trying to say.",negative
The video is about the topic mentioned in the title.,neutral
"overall, i came here randomly and ended up learning a lot.",positive
"In my opinion, I came here randomly and ended up learning a lot.",positive
"Honestly, I found this while searching for information. haha",neutral
"After watching this, There is too much unnecessary talking.",negative
"As a beginner, This video was a complete waste of time.!!!",negative
"as a beginner, this video is absolutely amazing, i learned so much!",positive
"Personally, The audio quality is terrible. 🔥",negative
"For me, One of the best videos on this topic.",positive
"Honestly, This is a tutorial about the basics.!!!",neutral
"As a beginner, The information is outdated and not helpful. 😂",negative
"Overall, The editing is distracting and annoying. 😂",negative
The creator uploaded another video on this topic. 😊,neutral
"Honestly, I will come back to this video later. ❤️",neutral
"Not gonna lie, One of the best videos on this topic. 🔥",positive
"As a beginner, The explanation was confusing and poorly organized.",negative
this is exactly what i was looking for.,positive
"Personally, This was not worth my time.",negative
"In my opinion, Keep making content like this!",positive
"As a beginner, The video is about the topic mentioned in the title. ❤️",neutral
One of the best videos on this topic!,positive
"After watching this, I regret clicking on this video.",negative
"As a beginner, This is one of the weakest videos on this topic.",negative
"In my opinion, The comments section has many different opinions.",neutral
"Not gonna lie, The video is way too long for such a simple topic. :)",negative
"As a student, The quality has gone downhill. :)",negative
"In my opinion, You explained this topic really well.",positive
"Personally, I watched this video today.",neutral
"Not gonna lie, This topic is discussed in the second half. haha",neutral
"Personally, The creator uses slides to explain the topic.",neutral
I regret clicking on this video. haha,negative
"As a student, The video is around ten minutes long.",neutral
"As a student, The creator uses slides to explain the topic.",neutral
"Honestly, I am watching this for a college assignment. haha",neutral
"For me, This channel keeps getting better. 😂",positive
"Overall, This topic is discussed in the second half. haha",neutral
"For me, Loved every second of this video.",positive
"not gonna lie, loved every second of this video.",positive
"Personally, This explanation made the topic more confusing! 🔥",negative
"After watching this, This topic is discussed in the second half.!!!",neutral
"As a beginner, I really enjoyed watching this. 🔥",positive
"Overall, This is a tutorial about the basics. 😂",neutral
"After watching this, The creator uses slides to explain the topic.",neutral
"finally, the video covers both theory and examples. 🔥",neutral
This is one of the weakest videos on this topic. 🙌,negative
"Finally, There is a link mentioned in the description.",neutral
This is one of the weakest videos on this topic.,negative
"Honestly, I did not find this useful at all.",negative
"Overall, This video helped me solve my problem.",positive
I watched the whole thing without getting bored.,positive
"Personally, I stopped watching halfway through. haha",negative
"After watching this, This topic is discussed in the second half. 🔥",neutral
"As a student, I expected much better from this channel.",negative
"Not gonna lie, Very informative and entertaining at the same time.",positive
"As a beginner, The video contains a practical demonstration. 😊",neutral
"Not gonna lie, The editing is fantastic and the content is even better. 😊",positive
"Personally, The video contains a practical demonstration.",neutral
"In my opinion, The comments section has many different opinions.",neutral
"for me, there is too much unnecessary talking.",negative
"Not gonna lie, This deserves way more views.",positive
"In my opinion, The explanation was confusing and poorly organized. ❤️",negative
"In my opinion, I watched the whole thing without getting bored.",positive
"As a beginner, The quality has gone downhill.",negative
"Finally, The examples made everything easy to understand.",positive
"After watching this, Great explanation, everything was very clear.",positive
"Personally, The title is misleading.",negative
"Not gonna lie, This video helped me solve my problem.",positive
"In my opinion, The video feels rushed and incomplete. ❤️",negative
"as a beginner, this is exactly what i was looking for. 🔥",positive
"Finally, Too many ads and not enough useful information.",negative
"After watching this, This was not worth my time!",negative
"In my opinion, Such a useful video, thank you for sharing.",positive
"After watching this, The video is way too long for such a simple topic. 👍",negative
"For me, I really enjoyed watching this. 😂",positive
"Overall, This topic is discussed in the second half. 👍",neutral
the video is around ten minutes long.,neutral
"As a beginner, Finally someone explained it properly.",positive
"In my opinion, This is one of the weakest videos on this topic.",negative
"Honestly, The editing is distracting and annoying.",negative
"As a student, The title is misleading. ❤️",negative
"After watching this, The video is way too long for such a simple topic.",negative
"After watching this, Great explanation, everything was very clear. 🔥",positive
"Overall, I watched the whole thing without getting bored.",positive
"In my opinion, Loved every second of this video. :)",positive
"Overall, Finally someone explained it properly.",positive
"As a beginner, I watched this video today. 😊",neutral
"Personally, There is too much unnecessary talking.",negative
"Personally, The video was uploaded recently. lol",neutral
There is too much unnecessary talking. 😍,negative
You explained this topic really well. 😂,positive
"Overall, This topic is discussed in the second half.!!!",neutral
"As a beginner, One of the best videos on this topic.",positive
"Finally, This was not worth my time. 😍",negative
"In my opinion, The editing is distracting and annoying.",negative
"For me, The video is way too long for such a simple topic.",negative
"For me, This was recommended on my homepage.",neutral
"finally, the explanation was simple and practical. 🙌",positive
"In my opinion, Such a useful video, thank you for sharing. 🔥",positive
"As a student, I came here randomly and ended up learning a lot. 😂",positive
"after watching this, this topic is discussed in the second half.",neutral
"Finally, This topic is discussed in the second half.",neutral
"Finally, The creator uploaded another video on this topic.",neutral
"In my opinion, This video was a complete waste of time. :)",negative
"Honestly, Finally someone explained it properly.",positive
"For me, There is too much unnecessary talking.",negative
"For me, One of the best videos on this topic.",positive
I really enjoyed watching this.,positive
"in my opinion, there is a link mentioned in the description.",neutral
"As a beginner, I watched this video today!",neutral
"In my opinion, This is exactly what I was looking for.",positive
"Honestly, This explanation made the topic more confusing.!!!",negative
Excellent work by the creator.!!!,positive
"In my opinion, This video helped me solve my problem. haha",positive
"Not gonna lie, The comments section has many different opinions.",neutral
"Personally, This is exactly what I was looking for.",positive
"Honestly, The title is misleading. 😊",negative
"Not gonna lie, Finally someone explained it properly.",positive
"Not gonna lie, The creator uses slides to explain the topic.",neutral
"In my opinion, This video was a complete waste of time.",negative
"Overall, This is exactly what I was looking for. ❤️",positive
"Not gonna lie, The video is way too long for such a simple topic. 😍",negative
"Finally, This was not worth my time.",negative
This topic is discussed in the second half.,neutral
"For me, I am taking notes while watching this. :)",neutral
"Personally, This video is absolutely amazing, I learned so much!",positive
"As a student, The creator answers a few questions in the video. lol",neutral
"Not gonna lie, I could not understand what the creator was trying to say.",negative
"In my opinion, The creator uploaded another video on this topic.",neutral
"Not gonna lie, The audio quality is terrible.",negative
This is exactly what I was looking for.,positive
"As a student, There is a link mentioned in the description!!!!",neutral
"In my opinion, The creator uploaded another video on this topic.",neutral
"Not gonna lie, This deserves way more views. 🔥",positive
"Not gonna lie, One of the best videos on this topic.",positive
"Not gonna lie, The creator uses slides to explain the topic.",neutral
"For me, I am taking notes while watching this! :)",neutral
"For me, The comments section has many different opinions! 👍",neutral
"As a beginner, There is too much unnecessary talking.",negative
"Finally, The explanation was confusing and poorly organized.",negative
"As a beginner, The quality has gone downhill.",negative
"Finally, The title is misleading.",negative
"Not gonna lie, This explanation made the topic more confusing.",negative
"Honestly, The editing is fantastic and the content is even better.",positive
"For me, The creator uploaded another video on this topic.",neutral
"Finally, I stopped watching halfway through.",negative
"Overall, The video contains a practical demonstration!",neutral
"As a beginner, This topic is discussed in the second half. haha",neutral
"After watching this, This video was a complete waste of time.",negative
"Overall, The title is misleading.",negative
"Not gonna lie, I really enjoyed watching this. 😊",positive
"After watching this, I watched the whole thing without getting bored.",positive
"Overall, The audio quality is terrible.",negative
"As a student, Finally someone explained it properly.",positive
"In my opinion, The quality has gone downhill.",negative
"Overall, The video feels rushed and incomplete. 😊",negative
"In my opinion, Such a useful video, thank you for sharing. :)",positive
"Not gonna lie, The information is outdated and not helpful. haha",negative
"personally, very informative and entertaining at the same time.",positive
"overall, i will come back to this video later.",neutral
"Personally, I will come back to this video later.",neutral
"Finally, The video was uploaded recently.",neutral
"Honestly, The quality has gone downhill.",negative
"for me, the video is around ten minutes long. 👍",neutral
"After watching this, Loved every second of this video.!!!",positive
Keep making content like this! lol,positive
"Finally, The video is around ten minutes long!",neutral
"In my opinion, I came here randomly and ended up learning a lot.",positive
"For me, I watched the whole thing without getting bored.",positive
"Finally, This deserves way more views.!!!",positive
"Personally, This video is absolutely amazing, I learned so much! 🔥",positive
"Finally, This is a tutorial about the basics.",neutral
"Honestly, The audio quality is terrible! haha",negative
The video is around ten minutes long. 🔥,neutral
"Personally, I really enjoyed watching this.",positive
"For me, There is too much unnecessary talking. 😊",negative
"Finally, Very disappointing content. 🙌",negative
"For me, There is too much unnecessary talking.",negative
"As a student, Great explanation, everything was very clear. 🔥",positive
"Overall, This channel keeps getting better.",positive
"In my opinion, I am watching this for a college assignment. haha",neutral
"Overall, The creator uses slides to explain the topic.",neutral
"Not gonna lie, Too many ads and not enough useful information.",negative
"personally, there are several examples in the video. 😂",neutral
"As a student, You explained this topic really well. haha",positive
This is one of the weakest videos on this topic. 👍,negative
"For me, This video was a complete waste of time. 🔥",negative
"After watching this, You explained this topic really well. 😍",positive
"Finally, This channel keeps getting better.",positive
"As a student, I came here randomly and ended up learning a lot.",positive
"As a student, I stopped watching halfway through.",negative
"Not gonna lie, I really enjoyed watching this. 😊",positive
"Finally, This was recommended on my homepage.!!!",neutral
"Not gonna lie, I regret clicking on this video. haha",negative
I am taking notes while watching this.,neutral
"as a student, very informative and entertaining at the same time. 😍",positive
"Personally, You explained this topic really well. ❤️",positive
"As a beginner, This is a tutorial about the basics.!!!",neutral
"For me, The explanation was simple and practical. 😍",positive
"As a student, There is too much unnecessary talking.",negative
"In my opinion, The creator uploaded another video on this topic. ❤️",neutral
"Overall, One of the best videos on this topic.",positive
"After watching this, I did not find this useful at all.",negative
"Finally, I really enjoyed watching this. 🙌",positive
"Finally, I watched this video today.",neutral
"for me, i expected much better from this channel.",negative
"After watching this, This is a tutorial about the basics. ❤️",neutral
"overall, this was not worth my time.",negative
"For me, The title is misleading. lol",negative
"After watching this, Great explanation, everything was very clear.",positive
"For me, This video is absolutely amazing, I learned so much! haha",positive
"As a student, This video was a complete waste of time.",negative
"Personally, Loved every second of this video. :)",positive
"Not gonna lie, This channel keeps getting better. 😍",positive
"Honestly, The creator uses slides to explain the topic.",neutral
"Overall, I came here randomly and ended up learning a lot.",positive
"Personally, This video helped me solve my problem. haha",positive
"As a student, The explanation was confusing and poorly organized. 👍",negative
"Finally, Loved every second of this video.",positive
One of the best videos on this topic.,positive
"as a student, this video was a complete waste of time. lol",negative
"Not gonna lie, The explanation was confusing and poorly organized.",negative
"For me, The video is way too long for such a simple topic.",negative
"After watching this, This deserves way more views.",positive
"finally, i watched the whole thing without getting bored.",positive
"Finally, I found this while searching for information.",neutral
"not gonna lie, this was not worth my time.",negative
"In my opinion, The editing is distracting and annoying. ❤️",negative
"In my opinion, Great explanation, everything was very clear.",positive
"Finally, The video covers both theory and examples.",neutral
"After watching this, The video is about the topic mentioned in the title.",neutral
"for me, this explanation made the topic more confusing. lol",negative
"Overall, The audio quality is terrible!",negative
"Overall, The title is misleading. 😂",negative
"Honestly, I stopped watching halfway through.",negative
"Personally, The video contains a practical demonstration.",neutral
"Overall, Excellent work by the creator.",positive
The quality has gone downhill. 🔥,negative
"As a student, I watched this on my phone. :)",neutral
This was not worth my time.,negative
"Not gonna lie, I could not understand what the creator was trying to say.",negative
"After watching this, Too many ads and not enough useful information. 🔥",negative
"Finally, Very disappointing content.",negative
The title is misleading.,negative
"In my opinion, This topic is discussed in the second half.",neutral
"Honestly, This is exactly what I was looking for. 🙌",positive
"For me, You explained this topic really well.",positive
"In my opinion, The quality has gone downhill. 🙌",negative
"After watching this, The examples made everything easy to understand.",positive
"Not gonna lie, The examples made everything easy to understand.",positive
"As a student, The explanation was simple and practical. 😍",positive
"Personally, I came here randomly and ended up learning a lot. 🔥",positive
"In my opinion, This is exactly what I was looking for.",positive
"Overall, There is too much unnecessary talking. 🙌",negative
"Finally, This is a tutorial about the basics!",neutral
"As a beginner, The video contains a practical demonstration. lol",neutral
The creator uses slides to explain the topic.,neutral
"Not gonna lie, Finally someone explained it properly.",positive
"As a beginner, The information is outdated and not helpful. :)",negative
"Honestly, One of the best videos on this topic.",positive
"Overall, I really enjoyed watching this.",positive
"Not gonna lie, I watched this on my phone.",neutral
"As a beginner, The audio quality is terrible!",negative
"Overall, The explanation was confusing and poorly organized.",negative
"Honestly, This was not worth my time.",negative
"Honestly, The creator answers a few questions in the video.",neutral
"As a student, I watched this video today.",neutral
I came here randomly and ended up learning a lot. :),positive
"In my opinion, The video feels rushed and incomplete.",negative
"Honestly, This video helped me solve my problem.",positive
"As a beginner, I found this while searching for information.",neutral
"As a student, I did not find this useful at all.",negative
"After watching this, This explanation made the topic more confusing. 😍",negative
"Finally, This explanation made the topic more confusing.",negative
The video covers both theory and examples. 🔥,neutral
"For me, One of the best videos on this topic.",positive
"For me, One of the best videos on this topic.",positive
"in my opinion, one of the best videos on this topic. 🙌",positive
"For me, The video covers both theory and examples.",neutral
"In my opinion, There is a link mentioned in the description.",neutral
"Finally, The editing is fantastic and the content is even better.",positive
"Overall, The video was uploaded recently.!!!",neutral
i came here randomly and ended up learning a lot.,positive
"As a beginner, Such a useful video, thank you for sharing. haha",positive
"After watching this, There are several examples in the video.",neutral
"Not gonna lie, This video was a complete waste of time.",negative
"In my opinion, The explanation was confusing and poorly organized.",negative
"Not gonna lie, I will come back to this video later.",neutral
I did not find this useful at all.!!!,negative
"Overall, You explained this topic really well.",positive
You explained this topic really well.,positive
"Honestly, Such a useful video, thank you for sharing.",positive
"As a beginner, There is too much unnecessary talking. haha",negative
"after watching this, the explanation was confusing and poorly organized.",negative
"Honestly, This channel keeps getting better.",positive
"As a student, Keep making content like this!",positive
"As a student, The creator uploaded another video on this topic.",neutral
"As a student, I regret clicking on this video.",negative
"As a student, This deserves way more views.",positive
"Overall, The video covers both theory and examples.!!!",neutral
"Not gonna lie, The quality has gone downhill. 😍",negative
"As a student, You explained this topic really well.!!!",positive
"In my opinion, I did not find this useful at all.",negative
"Overall, I am taking notes while watching this.",neutral
"As a beginner, This is exactly what I was looking for.!!!",positive
"Honestly, The video was uploaded recently.",neutral
"After watching this, Very disappointing content. 😊",negative
"Overall, The video contains a practical demonstration.!!!",neutral
"Personally, The comments section has many different opinions. 😂",neutral
"After watching this, The editing is distracting and annoying. 🔥",negative
"As a student, I stopped watching halfway through. haha",negative
This was recommended on my homepage.,neutral
"Personally, The video feels rushed and incomplete. :)",negative
"personally, this deserves way more views.",positive
"After watching this, I came here randomly and ended up learning a lot.",positive
"Not gonna lie, The video contains a practical demonstration. 😂",neutral
"As a student, I stopped watching halfway through.",negative
"Overall, The video is about the topic mentioned in the title. :)",neutral
"finally, i regret clicking on this video. 👍",negative
"After watching this, Finally someone explained it properly. 😂",positive
"After watching this, Great explanation, everything was very clear.",positive
"Finally, I found this while searching for information. 🙌",neutral
"Finally, I stopped watching halfway through.",negative
The video covers both theory and examples. 👍,neutral
"After watching this, The examples made everything easy to understand.",positive
"After watching this, The video is around ten minutes long.",neutral
"Personally, This explanation made the topic more confusing.",negative
"In my opinion, The title is misleading. 😍",negative
"Not gonna lie, The video is about the topic mentioned in the title! haha",neutral
"After watching this, Too many ads and not enough useful information.",negative
"Honestly, I did not find this useful at all.",negative
"For me, Finally someone explained it properly.",positive
"Finally, The video feels rushed and incomplete.",negative
"Personally, The comments section has many different opinions.",neutral
"Overall, Very disappointing content. ❤️",negative
"In my opinion, Too many ads and not enough useful information.",negative
"In my opinion, Keep making content like this! 🙌",positive
"Finally, I expected much better from this channel.",negative
"Finally, Such a useful video, thank you for sharing.",positive
"For me, This is one of the weakest videos on this topic. ❤️",negative
"Not gonna lie, This video was a complete waste of time.",negative
"After watching this, The quality has gone downhill.",negative
"Overall, I expected much better from this channel. 😂",negative
"as a beginner, i really enjoyed watching this.",positive
"Honestly, This channel keeps getting better.",positive
"In my opinion, There are several examples in the video. 😍",neutral
"Finally, I came here randomly and ended up learning a lot.",positive
"Not gonna lie, I am watching this for a college assignment. 🙌",neutral
"After watching this, I regret clicking on this video.",negative
"Not gonna lie, Great explanation, everything was very clear. 😂",positive
I watched this video today. 😊,neutral
"After watching this, The creator uses slides to explain the topic.",neutral
"As a beginner, One of the best videos on this topic.",positive
"As a student, This was recommended on my homepage. 😂",neutral
"For me, The video is about the topic mentioned in the title!",neutral
"For me, I watched the whole thing without getting bored. 😍",positive
"Overall, Such a useful video, thank you for sharing. haha",positive
"For me, The video is around ten minutes long.",neutral
"After watching this, The video is around ten minutes long.",neutral
"As a beginner, I could not understand what the creator was trying to say. lol",negative
"After watching this, Keep making content like this!",positive
"for me, the video is about the topic mentioned in the title.",neutral
"not gonna lie, i regret clicking on this video. 👍",negative
"In my opinion, Great explanation, everything was very clear.",positive
"Not gonna lie, The title is misleading! haha",negative
"As a student, I could not understand what the creator was trying to say.",negative
"After watching this, The quality has gone downhill.",negative
"Finally, The explanation was simple and practical. 🙌",positive
"As a beginner, The editing is fantastic and the content is even better.",positive
"Finally, One of the best videos on this topic. 🙌",positive
"After watching this, The editing is distracting and annoying.",negative
"Finally, Too many ads and not enough useful information.",negative
"In my opinion, I stopped watching halfway through. ❤️",negative
"In my opinion, The explanation was confusing and poorly organized.",negative
"For me, I watched this video today.",neutral
"After watching this, This was recommended on my homepage. 😍",neutral
"In my opinion, This is one of the weakest videos on this topic.",negative
"As a student, The creator answers a few questions in the video. 😂",neutral
"After watching this, The examples made everything easy to understand.",positive
"Not gonna lie, I could not understand what the creator was trying to say.",negative
"Personally, I watched the whole thing without getting bored! 🔥",positive
"For me, The creator answers a few questions in the video. 😍",neutral
"For me, One of the best videos on this topic.",positive
"Not gonna lie, This is a tutorial about the basics.!!!",neutral
This topic is discussed in the second half. :),neutral
"Finally, Very disappointing content.",negative
"Not gonna lie, The creator uses slides to explain the topic.!!!",neutral
"Overall, The video is around ten minutes long.",neutral
"Not gonna lie, Very disappointing content.",negative
This explanation made the topic more confusing.,negative
"In my opinion, There is a link mentioned in the description.",neutral
The video covers both theory and examples. :),neutral
"finally, keep making content like this!",positive
"As a student, Very disappointing content.",negative
"In my opinion, This topic is discussed in the second half.",neutral
"as a beginner, such a useful video, thank you for sharing.",positive
"For me, I will come back to this video later.",neutral
"As a beginner, I found this while searching for information. lol",neutral
"Not gonna lie, This is exactly what I was looking for. 👍",positive
"Overall, I really enjoyed watching this. 👍",positive
"Honestly, I found this while searching for information.",neutral
I will come back to this video later. 😂,neutral
"For me, This is one of the weakest videos on this topic.",negative
"As a beginner, The video covers both theory and examples.",neutral
"After watching this, The video contains a practical demonstration. lol",neutral
"In my opinion, Excellent work by the creator. 👍",positive
"Personally, This explanation made the topic more confusing.",negative
"After watching this, I will come back to this video later. 👍",neutral
"As a student, I am watching this for a college assignment. 😊",neutral
"Not gonna lie, The video was uploaded recently.",neutral
This was recommended on my homepage.,neutral
"Finally, This is exactly what I was looking for. 🙌",positive
"In my opinion, I regret clicking on this video!",negative
"As a student, This channel keeps getting better.",positive
"Overall, The title is misleading.",negative
"Honestly, I stopped watching halfway through. 😊",negative
"After watching this, This deserves way more views.",positive
"Personally, I really enjoyed watching this.",positive
"For me, This deserves way more views.!!!",positive
"For me, The creator uses slides to explain the topic.",neutral
"Not gonna lie, Keep making content like this!",positive
"Honestly, The editing is distracting and annoying.",negative
"As a student, Keep making content like this!",positive
"After watching this, I could not understand what the creator was trying to say. 😍",negative
"After watching this, The audio quality is terrible. 🙌",negative
"Personally, Finally someone explained it properly.",positive
"As a beginner, This is a tutorial about the basics. :)",neutral
"Personally, This was not worth my time. 🔥",negative
"Honestly, This was recommended on my homepage.",neutral
"Finally, One of the best videos on this topic.",positive
This channel keeps getting better. ❤️,positive
"As a beginner, I could not understand what the creator was trying to say.",negative
"As a student, I expected much better from this channel!",negative
This topic is discussed in the second half.,neutral
"Not gonna lie, The quality has gone downhill.",negative
"Finally, There is a link mentioned in the description. haha",neutral
"After watching this, This explanation made the topic more confusing.",negative
"after watching this, i really enjoyed watching this.",positive
"As a beginner, I am taking notes while watching this.",neutral
"As a student, I watched the whole thing without getting bored.",positive
"After watching this, I really enjoyed watching this.",positive
"As a student, I really enjoyed watching this.",positive
"in my opinion, i am watching this for a college assignment. ❤️",neutral
"After watching this, The video is about the topic mentioned in the title.",neutral
"Honestly, The information is outdated and not helpful.",negative
"Finally, I watched this video today.",neutral
"As a beginner, I came here randomly and ended up learning a lot.",positive
"After watching this, The video covers both theory and examples.!!!",neutral
"Overall, The quality has gone downhill.",negative
"After watching this, Loved every second of this video.",positive
"Not gonna lie, I did not find this useful at all. ❤️",negative
"for me, keep making content like this!",positive
"After watching this, This is exactly what I was looking for. 😊",positive
"In my opinion, This was recommended on my homepage. 😍",neutral
"Personally, The creator uploaded another video on this topic. :)",neutral
"For me, I did not find this useful at all. 🙌",negative
"After watching this, I did not find this useful at all.",negative
keep making content like this!,positive
The audio quality is terrible!,negative
"Personally, This was recommended on my homepage. haha",neutral
"As a beginner, The video is around ten minutes long.",neutral
"Honestly, The information is outdated and not helpful.",negative
"For me, This video helped me solve my problem.",positive
"not gonna lie, the audio quality is terrible! 😍",negative
"Honestly, The quality has gone downhill.",negative
"Overall, The information is outdated and not helpful.!!!",negative
"Finally, Such a useful video, thank you for sharing. haha",positive
"In my opinion, Finally someone explained it properly.",positive
"After watching this, This is a tutorial about the basics. ❤️",neutral
"In my opinion, Such a useful video, thank you for sharing.",positive
"Honestly, This is one of the weakest videos on this topic.",negative
"Finally, Too many ads and not enough useful information.",negative
"Overall, The quality has gone downhill. 🔥",negative
"Overall, One of the best videos on this topic. 😊",positive
"Honestly, The explanation was simple and practical. 😍",positive
"Overall, One of the best videos on this topic!",positive
"Personally, Great explanation, everything was very clear.",positive
"Overall, The audio quality is terrible!",negative
"in my opinion, one of the best videos on this topic.!!!",positive
"Not gonna lie, The title is misleading.",negative
"As a beginner, Loved every second of this video. ❤️",positive
"As a beginner, I did not find this useful at all.",negative
"In my opinion, The video is about the topic mentioned in the title. :)",neutral
"Overall, I expected much better from this channel.",negative
"as a beginner, this was recommended on my homepage. 😊",neutral
"Finally, I really enjoyed watching this.",positive
"Overall, I am watching this for a college assignment. lol",neutral
"In my opinion, I watched this video today.",neutral
"As a student, There are several examples in the video.",neutral
"For me, I watched this on my phone.",neutral
"For me, The video is way too long for such a simple topic.",negative
"For me, I stopped watching halfway through.",negative
"Personally, This was recommended on my homepage.",neutral
"Honestly, The creator uploaded another video on this topic. 🙌",neutral
"As a beginner, I could not understand what the creator was trying to say.",negative
I expected much better from this channel.,negative
"As a beginner, Great explanation, everything was very clear. 🔥",positive
I regret clicking on this video.,negative
"After watching this, There are several examples in the video.",neutral
"For me, This deserves way more views. 🙌",positive
"For me, This was not worth my time.",negative
"After watching this, There is too much unnecessary talking.",negative
"As a beginner, This is a tutorial about the basics.",neutral
"after watching this, the quality has gone downhill. lol",negative
"Finally, I watched this video today.",neutral
"For me, The video is about the topic mentioned in the title!",neutral
"Finally, This video is absolutely amazing, I learned so much! 😊",positive
"overall, this topic is discussed in the second half.!!!",neutral
"Finally, I could not understand what the creator was trying to say.",negative
"As a beginner, The video feels rushed and incomplete.",negative
"As a student, I watched this on my phone.",neutral
"As a beginner, The information is outdated and not helpful. lol",negative
"Personally, I came here randomly and ended up learning a lot!",positive
"For me, One of the best videos on this topic. 😊",positive
"In my opinion, I expected much better from this channel. lol",negative
"In my opinion, The title is misleading.",negative
"After watching this, This channel keeps getting better. lol",positive
"As a beginner, There are several examples in the video. 🙌",neutral
"After watching this, I regret clicking on this video.",negative
"After watching this, The comments section has many different opinions.",neutral
"Not gonna lie, The video is way too long for such a simple topic.",negative
"In my opinion, The video contains a practical demonstration. 🙌",neutral
"not gonna lie, this was not worth my time. 😍",negative
"Overall, This is one of the weakest videos on this topic. :)",negative
"Finally, This was not worth my time.",negative
"As a beginner, I watched this on my phone.",neutral
"Finally, I am taking notes while watching this.",neutral
"Overall, The explanation was confusing and poorly organized! 👍",negative
"After watching this, The explanation was confusing and poorly organized.",negative
"For me, Such a useful video, thank you for sharing.",positive
"After watching this, I regret clicking on this video.",negative
"Personally, You explained this topic really well.!!!",positive
"In my opinion, The audio quality is terrible. haha",negative
"Personally, I could not understand what the creator was trying to say.",negative
"As a student, The editing is fantastic and the content is even better.",positive
"As a student, This was recommended on my homepage.",neutral
"As a student, The information is outdated and not helpful.",negative
"Overall, The explanation was simple and practical.",positive
"Honestly, The information is outdated and not helpful. haha",negative
"Honestly, Very disappointing content.",negative
"Personally, I stopped watching halfway through.",negative
"As a student, I regret clicking on this video. haha",negative
"As a beginner, This deserves way more views.",positive
"as a student, this video was a complete waste of time. ❤️",negative
"Personally, The video covers both theory and examples. 😊",neutral
"overall, this channel keeps getting better.!!!",positive
i regret clicking on this video.,negative
"In my opinion, The video was uploaded recently. :)",neutral
"After watching this, The examples made everything easy to understand.",positive
"After watching this, The title is misleading. 🔥",negative
"Personally, The explanation was simple and practical. 😍",positive
"not gonna lie, i am taking notes while watching this.",neutral
"as a beginner, the video is way too long for such a simple topic. 🔥",negative
"honestly, i really enjoyed watching this!",positive
"Finally, The examples made everything easy to understand. haha",positive
"Overall, The video feels rushed and incomplete.",negative
This is exactly what I was looking for.,positive
"for me, i did not find this useful at all. 👍",negative
"As a beginner, I really enjoyed watching this. 👍",positive
"As a student, There is too much unnecessary talking.",negative
"As a student, The video is around ten minutes long. lol",neutral
"for me, the video feels rushed and incomplete.",negative
"For me, I will come back to this video later.",neutral
"Honestly, This is exactly what I was looking for. 🔥",positive
"Overall, This was not worth my time.",negative
"As a beginner, The video covers both theory and examples. 🔥",neutral
"personally, i will come back to this video later.",neutral
Very informative and entertaining at the same time.,positive
This channel keeps getting better.,positive
"Overall, The information is outdated and not helpful.",negative
"As a student, The examples made everything easy to understand. 😍",positive
"After watching this, The video was uploaded recently.",neutral
You explained this topic really well.,positive
"In my opinion, I am taking notes while watching this.",neutral
"In my opinion, I found this while searching for information.",neutral
"overall, this was not worth my time. 🔥",negative
"For me, The audio quality is terrible.",negative
"As a student, This was not worth my time. 🔥",negative
"Personally, You explained this topic really well.",positive
"As a student, Such a useful video, thank you for sharing.",positive
"as a student, you explained this topic really well.",positive
"After watching this, I did not find this useful at all.",negative
"As a student, Too many ads and not enough useful information!",negative
"Overall, The editing is distracting and annoying. lol",negative
"Honestly, I regret clicking on this video.",negative
"for me, the creator uses slides to explain the topic. 😍",neutral
"As a beginner, Excellent work by the creator. 🔥",positive
"Overall, I stopped watching halfway through.",negative
"After watching this, The creator answers a few questions in the video.",neutral
"After watching this, Very disappointing content.",negative
"Finally, I am watching this for a college assignment. 🙌",neutral
"After watching this, I watched this video today.",neutral
"After watching this, I regret clicking on this video. 😍",negative
"Honestly, I will come back to this video later. 🙌",neutral
"after watching this, i found this while searching for information.",neutral
"After watching this, I watched this video today. haha",neutral
"After watching this, I will come back to this video later.",neutral
"Overall, There are several examples in the video. haha",neutral
"As a beginner, The explanation was confusing and poorly organized.",negative
"In my opinion, This was recommended on my homepage.",neutral
"For me, There are several examples in the video.",neutral
"After watching this, Great explanation, everything was very clear.",positive
"Not gonna lie, I came here randomly and ended up learning a lot. 😍",positive
"As a student, This deserves way more views. :)",positive
"For me, This is one of the weakest videos on this topic.",negative
"As a student, The quality has gone downhill. 🔥",negative
"Overall, I watched this video today. 🔥",neutral
"Overall, The video is about the topic mentioned in the title! haha",neutral
I watched the whole thing without getting bored.,positive
"For me, I did not find this useful at all.!!!",negative
"After watching this, Great explanation, everything was very clear.",positive
"As a student, Great explanation, everything was very clear.",positive
"For me, This was not worth my time.",negative
"Honestly, You explained this topic really well.",positive
"overall, the video is about the topic mentioned in the title.",neutral
"As a student, I really enjoyed watching this. 🙌",positive
"Not gonna lie, Very disappointing content. 😊",negative
"Not gonna lie, This video is absolutely amazing, I learned so much!",positive
"Not gonna lie, The title is misleading. 🙌",negative
"As a student, I am watching this for a college assignment. :)",neutral
"For me, I watched the whole thing without getting bored. ❤️",positive
"Personally, I regret clicking on this video. 🔥",negative
"Finally, Such a useful video, thank you for sharing. 🙌",positive
"Overall, The creator uploaded another video on this topic.",neutral
"in my opinion, there is a link mentioned in the description. 👍",neutral
"As a beginner, There are several examples in the video.",neutral
"Finally, There are several examples in the video.",neutral
"Finally, This topic is discussed in the second half.",neutral
"Personally, This video is absolutely amazing, I learned so much! ❤️",positive
"After watching this, This was not worth my time.",negative
"As a student, The explanation was simple and practical.",positive
"Honestly, This topic is discussed in the second half.",neutral
Keep making content like this!,positive
"As a student, The editing is distracting and annoying. haha",negative
"As a beginner, The information is outdated and not helpful.",negative
"honestly, the creator uses slides to explain the topic. lol",neutral
"Personally, The video is way too long for such a simple topic. 😍",negative
"Honestly, Such a useful video, thank you for sharing.",positive
"As a student, This video is absolutely amazing, I learned so much! 👍",positive
"Not gonna lie, This is one of the weakest videos on this topic.",negative
"As a beginner, I found this while searching for information! lol",neutral
"As a student, The title is misleading!",negative
"Personally, This is a tutorial about the basics.",neutral
This explanation made the topic more confusing.,negative
this channel keeps getting better.,positive
"Not gonna lie, The comments section has many different opinions.",neutral
"Personally, The video is about the topic mentioned in the title. haha",neutral
"For me, The quality has gone downhill. 🔥",negative
"Overall, The examples made everything easy to understand. ❤️",positive
"Personally, The information is outdated and not helpful. lol",negative
"In my opinion, The creator answers a few questions in the video. 😊",neutral
"After watching this, Very disappointing content.",negative
"Overall, Finally someone explained it properly.",positive
"Finally, I found this while searching for information. lol",neutral
"For me, This video helped me solve my problem.",positive
"Honestly, This was not worth my time.",negative
The quality has gone downhill.,negative
"Overall, The quality has gone downhill.",negative
"As a student, I stopped watching halfway through. :)",negative
"Not gonna lie, I came here randomly and ended up learning a lot.",positive
"Honestly, The comments section has many different opinions. lol",neutral
There are several examples in the video.,neutral
"For me, The explanation was simple and practical.",positive
"Personally, This was not worth my time.",negative
There are several examples in the video. 😂,neutral
"Honestly, This is a tutorial about the basics. 👍",neutral
This was recommended on my homepage.,neutral
"Personally, Such a useful video, thank you for sharing. haha",positive
I am watching this for a college assignment.,neutral
The creator uses slides to explain the topic. 😍,neutral
"Honestly, The quality has gone downhill. haha",negative
The video was uploaded recently. 😍,neutral
"Not gonna lie, I will come back to this video later. 🙌",neutral
"As a student, This is exactly what I was looking for. 🔥",positive
"After watching this, The explanation was confusing and poorly organized. :)",negative
"Honestly, The comments section has many different opinions. ❤️",neutral
"Not gonna lie, I watched this video today.!!!",neutral
"In my opinion, This video helped me solve my problem.",positive
"Finally, I will come back to this video later.!!!",neutral
"For me, The video covers both theory and examples. haha",neutral
"Honestly, The editing is fantastic and the content is even better. 😍",positive
"In my opinion, The video is around ten minutes long. ❤️",neutral
"As a student, This video helped me solve my problem. 😍",positive
"Honestly, The video is way too long for such a simple topic. ❤️",negative
I am watching this for a college assignment. 🔥,neutral
"After watching this, I watched the whole thing without getting bored.",positive
"In my opinion, I will come back to this video later.",neutral
"Overall, This deserves way more views. 😊",positive
"Honestly, I found this while searching for information. 👍",neutral
"Overall, I watched this on my phone.",neutral
"Overall, This is a tutorial about the basics! 😊",neutral
"For me, Such a useful video, thank you for sharing! :)",positive
"Not gonna lie, Loved every second of this video.",positive
"Not gonna lie, This video helped me solve my problem. ❤️",positive
"As a beginner, The video was uploaded recently. 😍",neutral
"In my opinion, The audio quality is terrible.",negative
"For me, I did not find this useful at all.",negative
"As a student, I did not find this useful at all.",negative
"Overall, This topic is discussed in the second half.",neutral
"personally, this topic is discussed in the second half. 😊",neutral
This was not worth my time. :),negative
"As a beginner, I regret clicking on this video.",negative
"In my opinion, Too many ads and not enough useful information.",negative
"Not gonna lie, The video contains a practical demonstration! 👍",neutral
"Not gonna lie, I did not find this useful at all! ❤️",negative
"In my opinion, I will come back to this video later. lol",neutral
"Not gonna lie, One of the best videos on this topic.",positive
"Not gonna lie, The explanation was simple and practical.",positive
"Not gonna lie, This video helped me solve my problem.",positive
"For me, This is one of the weakest videos on this topic.",negative
"Not gonna lie, I am taking notes while watching this.",neutral
"Personally, I will come back to this video later.",neutral
"As a beginner, I stopped watching halfway through.",negative
"Not gonna lie, I stopped watching halfway through.",negative
"Finally, Such a useful video, thank you for sharing.",positive
"As a beginner, One of the best videos on this topic.",positive
"As a beginner, I am taking notes while watching this.",neutral
"Overall, The editing is distracting and annoying. haha",negative
"Overall, The audio quality is terrible.",negative
"Finally, I will come back to this video later.",neutral
"Personally, This is a tutorial about the basics. 😊",neutral
"Honestly, This video was a complete waste of time. 😂",negative
"Finally, The creator answers a few questions in the video.",neutral
I will come back to this video later.,neutral
"As a student, This is exactly what I was looking for. 🔥",positive
Very informative and entertaining at the same time. 👍,positive
"For me, I will come back to this video later.",neutral
There are several examples in the video!,neutral
"Finally, I stopped watching halfway through.",negative
"Finally, I really enjoyed watching this.",positive
"As a beginner, The information is outdated and not helpful.!!!",negative
"in my opinion, the audio quality is terrible. haha",negative
"Finally, This is one of the weakest videos on this topic.",negative
"As a beginner, The creator uploaded another video on this topic.",neutral
"For me, You explained this topic really well!",positive
"In my opinion, One of the best videos on this topic.",positive
"As a beginner, Such a useful video, thank you for sharing. 👍",positive
"In my opinion, Very disappointing content!",negative
"As a beginner, I will come back to this video later.",neutral
"After watching this, Too many ads and not enough useful information. 😍",negative
"Finally, I watched this on my phone. ❤️",neutral
"For me, This was recommended on my homepage.",neutral
"Personally, This was not worth my time. 😂",negative
I could not understand what the creator was trying to say.,negative
"as a student, great explanation, everything was very clear.",positive
"In my opinion, Very informative and entertaining at the same time. 😊",positive
"In my opinion, This is a tutorial about the basics. 🙌",neutral
"As a student, This deserves way more views. 🙌",positive
"Not gonna lie, Keep making content like this!",positive
The information is outdated and not helpful.,negative
"finally, i did not find this useful at all.",negative
"As a student, This deserves way more views. ❤️",positive
"As a beginner, You explained this topic really well. ❤️",positive
"Finally, Great explanation, everything was very clear. lol",positive
"Personally, The video is around ten minutes long.",neutral
This topic is discussed in the second half.,neutral
"Honestly, Great explanation, everything was very clear. ❤️",positive
"After watching this, The creator answers a few questions in the video.",neutral
I really enjoyed watching this. ❤️,positive
"not gonna lie, this video was a complete waste of time.",negative
"As a student, The explanation was confusing and poorly organized. ❤️",negative
"Finally, The creator uses slides to explain the topic.",neutral
"As a beginner, The creator uploaded another video on this topic. haha",neutral
"For me, I came here randomly and ended up learning a lot. 😍",positive
"Not gonna lie, I came here randomly and ended up learning a lot.",positive
"After watching this, Too many ads and not enough useful information.",negative
"Personally, I came here randomly and ended up learning a lot.",positive
"For me, The video was uploaded recently.",neutral
"Personally, The information is outdated and not helpful. 😊",negative
"After watching this, I watched this video today.",neutral
"As a student, The editing is fantastic and the content is even better.",positive
"In my opinion, One of the best videos on this topic.",positive
"As a student, This deserves way more views. :)",positive
"For me, I watched this on my phone.",neutral
"Personally, This is exactly what I was looking for. 🔥",positive
"Honestly, The comments section has many different opinions.",neutral
The explanation was simple and practical.,positive
"After watching this, The information is outdated and not helpful.!!!",negative
"Not gonna lie, I found this while searching for information.",neutral
The information is outdated and not helpful. 🔥,negative
"After watching this, The video contains a practical demonstration.",neutral
"as a student, i watched this on my phone.!!!",neutral
"Not gonna lie, This video helped me solve my problem. ❤️",positive
"Overall, I watched this on my phone. ❤️",neutral
"in my opinion, keep making content like this! 🙌",positive
"As a beginner, Very disappointing content. 🙌",negative
"In my opinion, The editing is fantastic and the content is even better.",positive
"Honestly, This video is absolutely amazing, I learned so much!",positive
"As a beginner, This is a tutorial about the basics.",neutral
"Honestly, The explanation was simple and practical. 😍",positive
"As a student, The creator uses slides to explain the topic.",neutral
"Overall, I am taking notes while watching this.",neutral
"Not gonna lie, This is one of the weakest videos on this topic.",negative
"As a beginner, I really enjoyed watching this.",positive
"Personally, Too many ads and not enough useful information.",negative
"Personally, This is one of the weakest videos on this topic.",negative
"As a beginner, The creator answers a few questions in the video.",neutral
"For me, The video feels rushed and incomplete.",negative
"In my opinion, The title is misleading. 🔥",negative
"As a student, Keep making content like this!",positive
"In my opinion, The explanation was confusing and poorly organized. 😊",negative
"After watching this, This video was a complete waste of time.",negative
"In my opinion, The video was uploaded recently.",neutral
"As a beginner, The video covers both theory and examples.",neutral
"Finally, I stopped watching halfway through. 👍",negative
"For me, This video was a complete waste of time.",negative
the editing is fantastic and the content is even better. ❤️,positive
"Overall, Very informative and entertaining at the same time.",positive
"Honestly, This is one of the weakest videos on this topic! 😂",negative
"Honestly, This is one of the weakest videos on this topic.",negative
"For me, There is too much unnecessary talking.",negative
"finally, this deserves way more views.!!!",positive
"Honestly, The editing is fantastic and the content is even better.",positive
"Honestly, Too many ads and not enough useful information.",negative
"After watching this, I came here randomly and ended up learning a lot.",positive
"Not gonna lie, The information is outdated and not helpful. lol",negative
"Personally, I really enjoyed watching this.",positive
Very disappointing content. haha,negative
"For me, I watched this on my phone. 👍",neutral
"Finally, I stopped watching halfway through. 😍",negative
"Finally, The quality has gone downhill. :)",negative
"After watching this, The explanation was confusing and poorly organized! 🙌",negative
"In my opinion, This explanation made the topic more confusing. 😍",negative
"As a student, I am taking notes while watching this. 🔥",neutral
"Finally, I am taking notes while watching this.",neutral
"Personally, The audio quality is terrible. 😍",negative
"For me, Loved every second of this video. haha",positive
"For me, There are several examples in the video.",neutral
"After watching this, I regret clicking on this video. 👍",negative
"As a beginner, I watched the whole thing without getting bored. 🔥",positive
"Personally, I watched the whole thing without getting bored.",positive
"Finally, Keep making content like this! :)",positive
"not gonna lie, i am watching this for a college assignment. 😍",neutral
"Finally, The comments section has many different opinions.",neutral
"As a student, The title is misleading.",negative
"Finally, I am taking notes while watching this. 😂",neutral
"As a beginner, Loved every second of this video.",positive
"Not gonna lie, This video is absolutely amazing, I learned so much! 🙌",positive
This was recommended on my homepage. 👍,neutral
"In my opinion, Finally someone explained it properly. :)",positive
"Finally, The editing is distracting and annoying.",negative
"Overall, The quality has gone downhill.",negative
"Not gonna lie, I came here randomly and ended up learning a lot.",positive
"Overall, This video was a complete waste of time. 🔥",negative
"Honestly, I watched this video today. :)",neutral
"Overall, The video covers both theory and examples. ❤️",neutral
"After watching this, You explained this topic really well. 😂",positive
"Overall, The quality has gone downhill. ❤️",negative
"As a beginner, I watched this video today. 😂",neutral
"After watching this, I watched this on my phone.!!!",neutral
"Personally, The video contains a practical demonstration.",neutral
"In my opinion, The audio quality is terrible.",negative
"Finally, This video is absolutely amazing, I learned so much!",positive
"For me, This is a tutorial about the basics. ❤️",neutral
"As a student, There is too much unnecessary talking.",negative
"In my opinion, I stopped watching halfway through.",negative
"As a beginner, This was recommended on my homepage. haha",neutral
"As a beginner, I did not find this useful at all.",negative
"As a student, The quality has gone downhill. lol",negative
"As a student, The video is about the topic mentioned in the title. haha",neutral
"Overall, The information is outdated and not helpful. :)",negative
"Honestly, The video feels rushed and incomplete. 👍",negative
"Finally, This is exactly what I was looking for. 😍",positive
"honestly, i stopped watching halfway through.",negative
"As a beginner, The examples made everything easy to understand. 😊",positive
"Personally, The video is about the topic mentioned in the title.",neutral
"For me, I came here randomly and ended up learning a lot. 😊",positive
"Honestly, Very informative and entertaining at the same time.",positive
"Personally, This video is absolutely amazing, I learned so much! :)",positive
"Finally, There is a link mentioned in the description.",neutral
"After watching this, I will come back to this video later. 👍",neutral
"As a beginner, Great explanation, everything was very clear. 😂",positive
"Honestly, The quality has gone downhill.",negative
"Personally, The quality has gone downhill.",negative
This was recommended on my homepage. 😊,neutral
"for me, the explanation was confusing and poorly organized. haha",negative
"As a student, The explanation was confusing and poorly organized.",negative
"Finally, You explained this topic really well.",positive
"For me, I am taking notes while watching this. haha",neutral
"As a student, I watched this video today. :)",neutral
"as a beginner, too many ads and not enough useful information.",negative
"Finally, I will come back to this video later.",neutral
"As a beginner, The quality has gone downhill. 🙌",negative
"Personally, I watched the whole thing without getting bored. 😊",positive
"Personally, I am watching this for a college assignment. haha",neutral
"Personally, Excellent work by the creator.",positive
"Finally, I came here randomly and ended up learning a lot. 😂",positive
"Honestly, I am watching this for a college assignment.",neutral
"As a beginner, I really enjoyed watching this.",positive
"As a beginner, Very disappointing content. 👍",negative
This is exactly what I was looking for. 🔥,positive
"After watching this, The creator uploaded another video on this topic. 😊",neutral
"As a student, This deserves way more views.",positive
"After watching this, I came here randomly and ended up learning a lot. lol",positive
"As a student, The explanation was simple and practical.",positive
"As a student, The comments section has many different opinions.",neutral
"In my opinion, Such a useful video, thank you for sharing. 😂",positive
Excellent work by the creator.,positive
"After watching this, I watched this on my phone. 🙌",neutral
"As a student, This explanation made the topic more confusing.",negative
"For me, I watched this on my phone. 🙌",neutral
"Not gonna lie, Finally someone explained it properly.",positive
"Not gonna lie, The information is outdated and not helpful. 👍",negative
"In my opinion, The editing is distracting and annoying. haha",negative
"Personally, One of the best videos on this topic.",positive
"Finally, Finally someone explained it properly.",positive
"Not gonna lie, The video was uploaded recently.",neutral
"in my opinion, the creator answers a few questions in the video.",neutral
"Personally, This is exactly what I was looking for.",positive
"Finally, I will come back to this video later. 😊",neutral
"Finally, I am watching this for a college assignment. 😊",neutral
"After watching this, I expected much better from this channel. 🔥",negative
"After watching this, Finally someone explained it properly.",positive
"Honestly, Great explanation, everything was very clear.",positive
"As a beginner, The video is about the topic mentioned in the title.",neutral
"Overall, This is exactly what I was looking for.",positive
"as a beginner, this topic is discussed in the second half! 👍",neutral
"In my opinion, I am watching this for a college assignment. 😂",neutral
"Honestly, There are several examples in the video. 🙌",neutral
"Finally, This deserves way more views.",positive
"As a student, The explanation was confusing and poorly organized.",negative
"As a student, This video is absolutely amazing, I learned so much!",positive
"Honestly, I stopped watching halfway through. haha",negative
"In my opinion, I watched this video today.",neutral
"For me, Finally someone explained it properly. 👍",positive
"As a beginner, This explanation made the topic more confusing! ❤️",negative
"As a beginner, The audio quality is terrible.",negative
"Overall, The explanation was confusing and poorly organized. haha",negative
"After watching this, There is too much unnecessary talking.",negative
"For me, The comments section has many different opinions.",neutral
This was recommended on my homepage.,neutral
"Honestly, Excellent work by the creator. ❤️",positive
"In my opinion, The creator uploaded another video on this topic. ❤️",neutral
"Overall, The quality has gone downhill.",negative
"After watching this, This is one of the weakest videos on this topic.",negative
"Overall, The quality has gone downhill.",negative
"As a student, I regret clicking on this video. 😂",negative
"As a beginner, This video is absolutely amazing, I learned so much! 😊",positive
"Finally, This is a tutorial about the basics. :)",neutral
"Honestly, The creator answers a few questions in the video.",neutral
I found this while searching for information.,neutral
"As a beginner, Very disappointing content.",negative
"As a beginner, I did not find this useful at all.",negative
"Personally, Great explanation, everything was very clear.!!!",positive
"As a student, The comments section has many different opinions.",neutral
"Overall, This topic is discussed in the second half. ❤️",neutral
"Honestly, The quality has gone downhill.",negative
"After watching this, I will come back to this video later.",neutral
This video was a complete waste of time. ❤️,negative
"Honestly, This is one of the weakest videos on this topic. 🙌",negative
"not gonna lie, i watched this on my phone.",neutral
I regret clicking on this video.,negative
"Not gonna lie, This is exactly what I was looking for.",positive
"Not gonna lie, I did not find this useful at all.",negative
"Personally, The video was uploaded recently.",neutral
"Personally, The video is around ten minutes long.",neutral
The video was uploaded recently!,neutral
The video is about the topic mentioned in the title.,neutral
"Honestly, The examples made everything easy to understand.!!!",positive
"Finally, This was recommended on my homepage. 😊",neutral
"After watching this, I expected much better from this channel.",negative
"In my opinion, This video helped me solve my problem!",positive
The video was uploaded recently. 🙌,neutral
"As a student, Finally someone explained it properly!",positive
"Overall, I regret clicking on this video.",negative
"Honestly, Very disappointing content.",negative
"Not gonna lie, This deserves way more views.!!!",positive
"Overall, I will come back to this video later.",neutral
"As a student, The creator answers a few questions in the video.",neutral
"as a beginner, i came here randomly and ended up learning a lot.",positive
"Overall, I found this while searching for information. :)",neutral
"Not gonna lie, The audio quality is terrible.",negative
"Personally, Excellent work by the creator. 🙌",positive
"After watching this, The editing is fantastic and the content is even better.",positive
"Personally, The creator uploaded another video on this topic.",neutral
"In my opinion, The video is about the topic mentioned in the title. lol",neutral
"personally, the information is outdated and not helpful.",negative
"Overall, This topic is discussed in the second half.!!!",neutral
"Overall, I watched this video today. 😊",neutral
"Not gonna lie, One of the best videos on this topic.",positive
"As a beginner, This video is absolutely amazing, I learned so much!",positive
"Not gonna lie, Too many ads and not enough useful information. 😂",negative
"finally, this channel keeps getting better.",positive
"personally, loved every second of this video.",positive
"As a beginner, I expected much better from this channel.",negative
"As a beginner, The creator uses slides to explain the topic.",neutral
"In my opinion, This is exactly what I was looking for.",positive
"Honestly, Great explanation, everything was very clear.",positive
"Not gonna lie, The video is way too long for such a simple topic. 🙌",negative
"As a student, There is too much unnecessary talking. 😊",negative
"In my opinion, The explanation was confusing and poorly organized.",negative
"Not gonna lie, The video contains a practical demonstration.",neutral
"As a student, The video is way too long for such a simple topic.",negative
Too many ads and not enough useful information! ❤️,negative
"Finally, This video is absolutely amazing, I learned so much! 😊",positive
"Not gonna lie, The video contains a practical demonstration.",neutral
"Overall, The video was uploaded recently.",neutral
"Honestly, Keep making content like this!",positive
"Overall, Keep making content like this! 🔥",positive
"Honestly, The video is about the topic mentioned in the title. 👍",neutral
"Personally, This video helped me solve my problem. 😂",positive
"After watching this, The video was uploaded recently.",neutral
"As a beginner, The comments section has many different opinions. :)",neutral
"Not gonna lie, Keep making content like this! 🙌",positive
"Honestly, The title is misleading.",negative
"For me, The video covers both theory and examples.",neutral
"Overall, The information is outdated and not helpful. 🔥",negative
"In my opinion, Excellent work by the creator.",positive
"Honestly, The video is way too long for such a simple topic.",negative
"as a beginner, loved every second of this video.",positive
"In my opinion, The information is outdated and not helpful. haha",negative
"in my opinion, i watched this video today. 😍",neutral
"Honestly, Such a useful video, thank you for sharing.",positive
"After watching this, I stopped watching halfway through. 😊",negative
"Honestly, This is one of the weakest videos on this topic.",negative
"Overall, The creator answers a few questions in the video.",neutral
"personally, this deserves way more views.",positive
The creator answers a few questions in the video.,neutral
"Personally, I am taking notes while watching this. lol",neutral
"For me, Too many ads and not enough useful information. 🙌",negative
This is exactly what I was looking for. 🔥,positive
I regret clicking on this video.,negative
"Personally, I did not find this useful at all. ❤️",negative
"Personally, This channel keeps getting better.",positive
"Finally, I am watching this for a college assignment.",neutral
"Overall, This was recommended on my homepage.!!!",neutral
"Honestly, The video feels rushed and incomplete.",negative
"Finally, The creator uses slides to explain the topic. haha",neutral
"Personally, The video is way too long for such a simple topic.!!!",negative
"For me, There is too much unnecessary talking.",negative
"Personally, I really enjoyed watching this.",positive
"not gonna lie, this is one of the weakest videos on this topic.",negative
"Not gonna lie, I watched this video today.",neutral
The comments section has many different opinions.,neutral
"As a beginner, The quality has gone downhill.",negative
"After watching this, I regret clicking on this video.",negative
The quality has gone downhill.,negative
"In my opinion, Very informative and entertaining at the same time.",positive
"Finally, This is one of the weakest videos on this topic.",negative
"In my opinion, I found this while searching for information.",neutral
"Overall, Excellent work by the creator.!!!",positive
"overall, excellent work by the creator. 🙌",positive
"Honestly, The comments section has many different opinions.",neutral
"Not gonna lie, Such a useful video, thank you for sharing. 🔥",positive
"As a beginner, This explanation made the topic more confusing.",negative
"Personally, This is one of the weakest videos on this topic.",negative
"For me, This video is absolutely amazing, I learned so much!",positive
"In my opinion, There is a link mentioned in the description.",neutral
"Honestly, The explanation was confusing and poorly organized.",negative
"Honestly, This is a tutorial about the basics.",neutral
This video was a complete waste of time.,negative
"honestly, this deserves way more views. haha",positive
"As a student, The explanation was confusing and poorly organized. ❤️",negative
"As a student, This video helped me solve my problem.",positive
"As a beginner, The information is outdated and not helpful.",negative
"As a student, I watched this on my phone.",neutral
"For me, The video feels rushed and incomplete.",negative
"Finally, Very disappointing content.",negative
"Overall, The explanation was simple and practical.",positive
"Finally, You explained this topic really well.",positive
This deserves way more views.!!!,positive
"As a beginner, There is too much unnecessary talking. 🙌",negative
"After watching this, The examples made everything easy to understand.",positive
"Honestly, This was not worth my time.",negative
"for me, such a useful video, thank you for sharing.",positive
"Honestly, This was recommended on my homepage. 😊",neutral
"For me, I am taking notes while watching this.",neutral
"honestly, this was not worth my time. 😍",negative
"Personally, The video covers both theory and examples.",neutral
"After watching this, I am watching this for a college assignment! 😊",neutral
"In my opinion, This is exactly what I was looking for.",positive
"Honestly, This deserves way more views.!!!",positive
"As a student, This channel keeps getting better.",positive
"For me, This video is absolutely amazing, I learned so much!",positive
"Not gonna lie, This video helped me solve my problem.",positive
"In my opinion, Too many ads and not enough useful information.!!!",negative
"As a student, Keep making content like this! 😊",positive
"As a beginner, The quality has gone downhill.",negative
"In my opinion, I am taking notes while watching this. 🙌",neutral
"As a student, This video is absolutely amazing, I learned so much!",positive
"In my opinion, The comments section has many different opinions.",neutral
"In my opinion, Loved every second of this video.",positive
"for me, i watched the whole thing without getting bored.",positive
"Not gonna lie, This was recommended on my homepage. lol",neutral
"After watching this, The information is outdated and not helpful.",negative
Very informative and entertaining at the same time.,positive
"Overall, The creator uploaded another video on this topic. haha",neutral
"Honestly, The video is around ten minutes long.",neutral
"Finally, I watched this on my phone.",neutral
"As a beginner, I will come back to this video later. haha",neutral
"For me, This video was a complete waste of time.",negative
"As a beginner, I regret clicking on this video.",negative
"Personally, The video contains a practical demonstration.",neutral
"After watching this, I regret clicking on this video.",negative
"Overall, I did not find this useful at all. 🔥",negative
This channel keeps getting better.,positive
"As a beginner, The video is around ten minutes long.",neutral
"Not gonna lie, Such a useful video, thank you for sharing!",positive
"As a student, I regret clicking on this video. 👍",negative
"As a student, The video feels rushed and incomplete.",negative
"Finally, I regret clicking on this video.",negative
"For me, Very disappointing content. haha",negative
"Overall, The video is about the topic mentioned in the title!",neutral
"Overall, The audio quality is terrible.",negative
I will come back to this video later.,neutral
"In my opinion, This was not worth my time.",negative
The video is about the topic mentioned in the title.,neutral
"After watching this, You explained this topic really well.",positive
"In my opinion, Too many ads and not enough useful information.",negative
"Personally, I regret clicking on this video. 🙌",negative
"Finally, The quality has gone downhill.",negative
"As a beginner, I expected much better from this channel.",negative
"after watching this, the creator uploaded another video on this topic. 😂",neutral
"For me, The examples made everything easy to understand.",positive
"For me, The video was uploaded recently.",neutral
"For me, This video helped me solve my problem. haha",positive
"Not gonna lie, I stopped watching halfway through.",negative
"Honestly, Too many ads and not enough useful information.",negative
"Not gonna lie, The video was uploaded recently. 😊",neutral
"Finally, This video was a complete waste of time. 😍",negative
"As a beginner, This explanation made the topic more confusing. 😂",negative
"Finally, Too many ads and not enough useful information. 👍",negative
The video is around ten minutes long. :),neutral
"Honestly, The explanation was confusing and poorly organized.",negative
"Personally, I stopped watching halfway through.",negative
"As a beginner, The creator uploaded another video on this topic.",neutral
"As a student, The comments section has many different opinions.",neutral
"as a student, excellent work by the creator.",positive
"For me, I will come back to this video later.",neutral
This is a tutorial about the basics.,neutral
"Honestly, I watched the whole thing without getting bored.",positive
"for me, the video contains a practical demonstration.",neutral
"Not gonna lie, This topic is discussed in the second half.",neutral
"For me, The audio quality is terrible.",negative
"In my opinion, The comments section has many different opinions. 🔥",neutral
"As a student, The title is misleading.",negative
"As a student, Very disappointing content.",negative
"Not gonna lie, This explanation made the topic more confusing.",negative
"After watching this, Very informative and entertaining at the same time.",positive
"For me, I watched the whole thing without getting bored. haha",positive
"After watching this, The title is misleading!",negative
"After watching this, The video covers both theory and examples.",neutral
"As a beginner, Great explanation, everything was very clear. 👍",positive
"As a beginner, This is a tutorial about the basics. 🔥",neutral
"Not gonna lie, The title is misleading.",negative
"Not gonna lie, The editing is distracting and annoying.",negative
"For me, The video was uploaded recently.",neutral
"In my opinion, I really enjoyed watching this. lol",positive
"overall, one of the best videos on this topic. :)",positive
"For me, There is a link mentioned in the description.",neutral
"Not gonna lie, This is a tutorial about the basics. ❤️",neutral
"For me, The creator uploaded another video on this topic. 👍",neutral
"overall, this video is absolutely amazing, i learned so much! 👍",positive
"Not gonna lie, Great explanation, everything was very clear. 😂",positive
"As a student, The quality has gone downhill.!!!",negative
"Honestly, Too many ads and not enough useful information.",negative
"As a student, The information is outdated and not helpful.",negative
"Overall, The quality has gone downhill. ❤️",negative
"After watching this, Loved every second of this video. 👍",positive
"In my opinion, The video feels rushed and incomplete.",negative
This was not worth my time.,negative
"overall, the creator uploaded another video on this topic.",neutral
"As a student, Such a useful video, thank you for sharing.",positive
"For me, This video helped me solve my problem.",positive
"For me, The audio quality is terrible.",negative
"For me, The comments section has many different opinions.",neutral
"Honestly, This video helped me solve my problem.",positive
"For me, I expected much better from this channel. 🔥",negative
"Not gonna lie, I am watching this for a college assignment.!!!",neutral
"As a student, The creator uploaded another video on this topic.",neutral
"As a beginner, I could not understand what the creator was trying to say. 😊",negative
"After watching this, This video helped me solve my problem. 😂",positive
"Finally, The explanation was simple and practical.",positive
"Finally, The video contains a practical demonstration. ❤️",neutral
The video is around ten minutes long. lol,neutral
"As a student, I watched the whole thing without getting bored.",positive
"For me, I am taking notes while watching this.",neutral
"For me, I expected much better from this channel. lol",negative
"In my opinion, The creator uses slides to explain the topic.",neutral
"For me, There are several examples in the video.",neutral
"Overall, The video contains a practical demonstration.",neutral
"As a student, I am watching this for a college assignment. 🙌",neutral
"Overall, Very informative and entertaining at the same time.",positive
This was recommended on my homepage.,neutral
"As a beginner, The video is about the topic mentioned in the title. 😂",neutral
"Finally, I did not find this useful at all.",negative
"After watching this, This is a tutorial about the basics.",neutral
"Honestly, This is one of the weakest videos on this topic. ❤️",negative
"After watching this, This is one of the weakest videos on this topic.",negative
"Overall, This explanation made the topic more confusing.",negative
There are several examples in the video.,neutral
"As a student, This video helped me solve my problem! 👍",positive
"For me, The editing is fantastic and the content is even better. ❤️",positive
"In my opinion, This channel keeps getting better.",positive
"Overall, I regret clicking on this video. 👍",negative
the video is around ten minutes long. :),neutral
"Overall, I stopped watching halfway through.",negative
"As a beginner, This topic is discussed in the second half.",neutral
"Finally, The video covers both theory and examples. 😊",neutral
"As a student, The video is around ten minutes long.",neutral
"Honestly, There is a link mentioned in the description. 😂",neutral
"Not gonna lie, I watched this video today.",neutral
I stopped watching halfway through.,negative
"Personally, The video contains a practical demonstration.",neutral
"After watching this, Very informative and entertaining at the same time.",positive
"As a beginner, This video is absolutely amazing, I learned so much!",positive
"As a student, This video helped me solve my problem.",positive
"Honestly, I watched this on my phone. 🙌",neutral
"Not gonna lie, The examples made everything easy to understand. 😂",positive
"Personally, This video is absolutely amazing, I learned so much!",positive
"For me, I watched this video today.",neutral
"Finally, Very informative and entertaining at the same time. 🙌",positive
"Finally, The video is around ten minutes long.",neutral
"in my opinion, great explanation, everything was very clear. haha",positive
"Personally, I found this while searching for information.",neutral
"Personally, I am taking notes while watching this.",neutral
"As a beginner, I watched this video today!",neutral
"Honestly, The explanation was confusing and poorly organized. 🔥",negative
"Finally, The explanation was simple and practical.",positive
"Finally, The video covers both theory and examples. 😍",neutral
"After watching this, The creator uses slides to explain the topic. ❤️",neutral
"For me, This is exactly what I was looking for.",positive
This is exactly what I was looking for.,positive
"Honestly, I watched the whole thing without getting bored.",positive
"Not gonna lie, Excellent work by the creator. 😍",positive
"as a student, great explanation, everything was very clear!!!!",positive
"Overall, The creator uploaded another video on this topic! 👍",neutral
"After watching this, This is exactly what I was looking for.",positive
"In my opinion, The video is about the topic mentioned in the title.",neutral
"After watching this, I expected much better from this channel.",negative
"Personally, There is a link mentioned in the description.",neutral
"As a beginner, The creator uploaded another video on this topic. haha",neutral
"Overall, Too many ads and not enough useful information. 😊",negative
the video was uploaded recently.!!!,neutral
"Finally, There are several examples in the video. 😍",neutral
"in my opinion, i came here randomly and ended up learning a lot.",positive
"As a beginner, I watched the whole thing without getting bored.",positive
The explanation was confusing and poorly organized.,negative
"after watching this, one of the best videos on this topic.",positive
The creator uploaded another video on this topic. 😍,neutral
This deserves way more views. lol,positive
"Honestly, The creator answers a few questions in the video.",neutral
"Finally, This deserves way more views. 🙌",positive
"For me, I stopped watching halfway through! haha",negative
"Personally, This video helped me solve my problem.",positive
"Finally, I came here randomly and ended up learning a lot.",positive
"As a beginner, This is a tutorial about the basics.",neutral
"In my opinion, Excellent work by the creator.",positive
"Honestly, This was recommended on my homepage! 😍",neutral
"Finally, The explanation was simple and practical. 🙌",positive
"For me, The comments section has many different opinions. :)",neutral
"Personally, Keep making content like this!",positive
I watched this on my phone. 😂,neutral
The editing is fantastic and the content is even better.,positive
"for me, finally someone explained it properly. 😊",positive
"Overall, This video was a complete waste of time.",negative
"Honestly, The creator answers a few questions in the video. lol",neutral
"Finally, Too many ads and not enough useful information.",negative
"Honestly, Very disappointing content. 😍",negative
"Not gonna lie, The quality has gone downhill.",negative
I watched the whole thing without getting bored.,positive
"Personally, This was recommended on my homepage. ❤️",neutral
"Not gonna lie, The information is outdated and not helpful.",negative
"Not gonna lie, The video feels rushed and incomplete.",negative
"Personally, This video was a complete waste of time.",negative
"For me, This is a tutorial about the basics.",neutral
"In my opinion, The video contains a practical demonstration. lol",neutral
"As a student, I watched the whole thing without getting bored.",positive
"Overall, Keep making content like this!!!!",positive
"Finally, This was recommended on my homepage.",neutral
"Personally, The video is about the topic mentioned in the title. 🔥",neutral
"Finally, This is a tutorial about the basics. 🔥",neutral
"Overall, The creator answers a few questions in the video. 😍",neutral
"Not gonna lie, Finally someone explained it properly. :)",positive
"Finally, I watched this on my phone.",neutral
"For me, This was recommended on my homepage.",neutral
"Finally, One of the best videos on this topic.!!!",positive
"In my opinion, The video contains a practical demonstration. 😍",neutral
This channel keeps getting better. 🔥,positive
"Finally, Very informative and entertaining at the same time.",positive
"Not gonna lie, The creator answers a few questions in the video.!!!",neutral
"Personally, I expected much better from this channel.",negative
I regret clicking on this video.,negative
"For me, The video was uploaded recently.",neutral
"Honestly, I am watching this for a college assignment. haha",neutral
"As a beginner, This is a tutorial about the basics.",neutral
"After watching this, I really enjoyed watching this.",positive
"As a beginner, The audio quality is terrible.",negative
the title is misleading. 🙌,negative
"Not gonna lie, Finally someone explained it properly. 🔥",positive
"After watching this, The video is around ten minutes long.",neutral
"Personally, I found this while searching for information. 👍",neutral
"Personally, There are several examples in the video. haha",neutral
"As a student, I could not understand what the creator was trying to say.",negative
"For me, Too many ads and not enough useful information.",negative
"Overall, Finally someone explained it properly.!!!",positive
"As a student, This was not worth my time.",negative
"Personally, The video feels rushed and incomplete. 👍",negative
"For me, Keep making content like this!",positive
"In my opinion, The creator answers a few questions in the video.",neutral
"Finally, I expected much better from this channel. haha",negative
"In my opinion, Too many ads and not enough useful information.",negative
"After watching this, I am taking notes while watching this.",neutral
"Honestly, The explanation was confusing and poorly organized. ❤️",negative
"Overall, The explanation was confusing and poorly organized.",negative
This was not worth my time. 👍,negative
"As a beginner, The explanation was confusing and poorly organized.",negative
"As a beginner, I came here randomly and ended up learning a lot. 🙌",positive
"Honestly, The editing is fantastic and the content is even better.",positive
"in my opinion, loved every second of this video.",positive
"Personally, This video helped me solve my problem.",positive
"For me, This deserves way more views. 😊",positive
"Not gonna lie, I will come back to this video later.",neutral
"In my opinion, The examples made everything easy to understand.",positive
"In my opinion, The examples made everything easy to understand.",positive
The quality has gone downhill.,negative
"As a beginner, I stopped watching halfway through!!!!",negative
"As a beginner, I found this while searching for information.",neutral
"For me, I came here randomly and ended up learning a lot.",positive
The editing is distracting and annoying. lol,negative
I really enjoyed watching this. lol,positive
"For me, This is exactly what I was looking for. ❤️",positive
"As a student, The comments section has many different opinions.",neutral
"Finally, The examples made everything easy to understand.",positive
"Honestly, The creator uploaded another video on this topic.!!!",neutral
"overall, there is a link mentioned in the description.",neutral
The quality has gone downhill. haha,negative
"Not gonna lie, I could not understand what the creator was trying to say. 👍",negative
"As a student, The creator uses slides to explain the topic.",neutral
"As a student, I will come back to this video later. :)",neutral
"overall, the audio quality is terrible.",negative
The audio quality is terrible. 😂,negative
"After watching this, I could not understand what the creator was trying to say. 🔥",negative
The creator answers a few questions in the video.,neutral
"After watching this, You explained this topic really well.",positive
"Honestly, The editing is fantastic and the content is even better.",positive
"personally, i stopped watching halfway through. 😂",negative
"Personally, The comments section has many different opinions. 🔥",neutral
"as a beginner, very disappointing content.",negative
"For me, Such a useful video, thank you for sharing.",positive
"Finally, The creator answers a few questions in the video.",neutral
"Honestly, I regret clicking on this video.",negative
"As a beginner, There is too much unnecessary talking.",negative
"As a student, The audio quality is terrible. 🙌",negative
"Overall, This was not worth my time. 👍",negative
"Overall, I watched this video today.",neutral
"As a beginner, This was recommended on my homepage.",neutral
There is too much unnecessary talking. 🙌,negative
"Personally, Very disappointing content.",negative
One of the best videos on this topic. :),positive
"Honestly, Too many ads and not enough useful information.",negative
"Not gonna lie, One of the best videos on this topic.",positive
"Personally, You explained this topic really well. lol",positive
Excellent work by the creator.,positive
"Honestly, The creator uses slides to explain the topic.",neutral
"Honestly, The quality has gone downhill. lol",negative
"As a beginner, The examples made everything easy to understand.",positive
"Not gonna lie, I watched the whole thing without getting bored.",positive
"Finally, Keep making content like this!",positive
"Finally, I found this while searching for information. 🔥",neutral
"Honestly, The video was uploaded recently. 😍",neutral
This topic is discussed in the second half.,neutral
"In my opinion, The quality has gone downhill.",negative
"Not gonna lie, There is too much unnecessary talking.",negative
"As a beginner, I expected much better from this channel.",negative
"As a student, Finally someone explained it properly. ❤️",positive
"Not gonna lie, The video is around ten minutes long.",neutral
"as a beginner, finally someone explained it properly. 👍",positive
"as a beginner, the video is around ten minutes long.",neutral
"as a student, this was recommended on my homepage! 👍",neutral
"Overall, I regret clicking on this video.",negative
"Honestly, This was recommended on my homepage. 👍",neutral
"Honestly, This was recommended on my homepage. :)",neutral
"Overall, I am taking notes while watching this. 👍",neutral
"Personally, I could not understand what the creator was trying to say.!!!",negative
"In my opinion, The editing is distracting and annoying.",negative
The creator uploaded another video on this topic! :),neutral
"For me, This was recommended on my homepage. 😂",neutral
"In my opinion, This is one of the weakest videos on this topic. 👍",negative
"In my opinion, Loved every second of this video. lol",positive
This is a tutorial about the basics.,neutral
"Honestly, I did not find this useful at all.",negative
The editing is distracting and annoying.,negative
"Finally, I regret clicking on this video. haha",negative
"After watching this, This video was a complete waste of time.",negative
"As a beginner, The creator answers a few questions in the video. ❤️",neutral
"Finally, This is one of the weakest videos on this topic. 😊",negative
"As a beginner, I watched the whole thing without getting bored.",positive
"Honestly, This video helped me solve my problem.",positive
"Finally, The video was uploaded recently.",neutral
"after watching this, the video is around ten minutes long.",neutral
This was not worth my time!,negative
"For me, I did not find this useful at all. :)",negative
"Finally, I watched the whole thing without getting bored.",positive
"honestly, one of the best videos on this topic.",positive
"After watching this, This video helped me solve my problem.",positive
"After watching this, Very informative and entertaining at the same time.",positive
"As a student, I could not understand what the creator was trying to say. 👍",negative
"In my opinion, The editing is distracting and annoying.",negative
"For me, The quality has gone downhill. haha",negative
"In my opinion, The editing is fantastic and the content is even better. ❤️",positive
"Not gonna lie, The examples made everything easy to understand.",positive
"After watching this, This explanation made the topic more confusing. ❤️",negative
"After watching this, The video covers both theory and examples.",neutral
"For me, Too many ads and not enough useful information. haha",negative
"As a student, The creator uses slides to explain the topic!",neutral
"Honestly, The video is about the topic mentioned in the title.",neutral
"In my opinion, The examples made everything easy to understand.",positive
"Personally, The editing is fantastic and the content is even better.",positive
"Not gonna lie, The audio quality is terrible.",negative
This explanation made the topic more confusing. 😍,negative
"For me, I watched the whole thing without getting bored. 😂",positive
"In my opinion, The editing is fantastic and the content is even better.!!!",positive
the creator uses slides to explain the topic.,neutral
"Overall, The quality has gone downhill.",negative
"After watching this, This video helped me solve my problem.",positive
"Overall, The creator uploaded another video on this topic. ❤️",neutral
"after watching this, the video is about the topic mentioned in the title. 😍",neutral
There is too much unnecessary talking. 👍,negative
This video was a complete waste of time.,negative
"Not gonna lie, This is a tutorial about the basics.",neutral
"As a beginner, One of the best videos on this topic.",positive
"In my opinion, The video feels rushed and incomplete.",negative
"After watching this, Excellent work by the creator. 😂",positive
"In my opinion, This is exactly what I was looking for.",positive
"For me, Too many ads and not enough useful information.",negative
"Honestly, The creator answers a few questions in the video! :)",neutral
I stopped watching halfway through.!!!,negative
"Honestly, You explained this topic really well.",positive
"As a student, Very informative and entertaining at the same time. 🙌",positive
"Not gonna lie, Excellent work by the creator. 😂",positive
"As a student, The title is misleading.!!!",negative
"Personally, I will come back to this video later.",neutral
"After watching this, You explained this topic really well.",positive
"In my opinion, The editing is distracting and annoying.",negative
"As a student, Loved every second of this video.",positive
"After watching this, I came here randomly and ended up learning a lot. 🔥",positive
"For me, I came here randomly and ended up learning a lot! ❤️",positive
"Not gonna lie, Loved every second of this video.",positive
"As a student, The explanation was confusing and poorly organized!",negative
"Honestly, Keep making content like this!",positive
"As a student, This is exactly what I was looking for.",positive
"For me, This video was a complete waste of time. 😂",negative
This was recommended on my homepage.,neutral
"Finally, This was not worth my time. 🙌",negative
"Honestly, This deserves way more views.",positive
"For me, Very disappointing content. 🔥",negative
The creator uses slides to explain the topic. 😊,neutral
"Honestly, The explanation was confusing and poorly organized. 🔥",negative
"After watching this, The video is around ten minutes long.",neutral
"As a student, I will come back to this video later!",neutral
The editing is distracting and annoying.,negative
"For me, There is too much unnecessary talking.",negative
"Overall, This is one of the weakest videos on this topic.",negative
This is a tutorial about the basics. 😊,neutral
"personally, there is too much unnecessary talking.",negative
"Honestly, This video helped me solve my problem! 🔥",positive
"In my opinion, There is too much unnecessary talking. haha",negative
"Honestly, Great explanation, everything was very clear.",positive
"Overall, I really enjoyed watching this. haha",positive
"After watching this, The quality has gone downhill. 🙌",negative
"for me, the examples made everything easy to understand. 😊",positive
"finally, the video was uploaded recently!",neutral
"In my opinion, This is one of the weakest videos on this topic.",negative
"Not gonna lie, Great explanation, everything was very clear! 😍",positive
"As a student, I expected much better from this channel.",negative
"Overall, Such a useful video, thank you for sharing. 😂",positive
"As a beginner, Very informative and entertaining at the same time. 😊",positive
"After watching this, The audio quality is terrible. 🙌",negative
"Honestly, This video was a complete waste of time.",negative
"In my opinion, The editing is fantastic and the content is even better. 👍",positive
This video helped me solve my problem.,positive
"As a beginner, The editing is fantastic and the content is even better.",positive
"great explanation, everything was very clear!",positive
"overall, the comments section has many different opinions. 🙌",neutral
"Not gonna lie, The creator answers a few questions in the video.",neutral
"Honestly, I found this while searching for information. 😊",neutral
The video contains a practical demonstration. lol,neutral
"After watching this, The video feels rushed and incomplete.",negative
"As a student, The creator answers a few questions in the video. haha",neutral
"Finally, I am watching this for a college assignment.",neutral
"As a beginner, I really enjoyed watching this. ❤️",positive
"As a student, The editing is fantastic and the content is even better.!!!",positive
This channel keeps getting better.,positive
"Honestly, The video is way too long for such a simple topic.",negative
Finally someone explained it properly. 😊,positive
"Overall, The video contains a practical demonstration. 🔥",neutral
"Not gonna lie, The creator uploaded another video on this topic!",neutral
"Finally, The creator uses slides to explain the topic. 👍",neutral
"Not gonna lie, There is too much unnecessary talking.!!!",negative
"Finally, I am taking notes while watching this.",neutral
"in my opinion, this is exactly what i was looking for.",positive
"As a beginner, The examples made everything easy to understand.",positive
"Honestly, Such a useful video, thank you for sharing.",positive
"Finally, Too many ads and not enough useful information.",negative
"Personally, The examples made everything easy to understand.",positive
"For me, I found this while searching for information!",neutral
"Not gonna lie, The audio quality is terrible. 😂",negative
"For me, I really enjoyed watching this.",positive
"Personally, This explanation made the topic more confusing.",negative
"not gonna lie, i found this while searching for information.",neutral
"Finally, The information is outdated and not helpful!",negative
"Overall, The editing is fantastic and the content is even better.",positive
"Personally, The explanation was confusing and poorly organized.",negative
"For me, The editing is fantastic and the content is even better.",positive
"Honestly, I found this while searching for information. :)",neutral
"Not gonna lie, I found this while searching for information. 🔥",neutral
"As a beginner, I came here randomly and ended up learning a lot.",positive
"As a student, I really enjoyed watching this.",positive
"Finally, The video is way too long for such a simple topic.",negative
"Overall, This video was a complete waste of time. haha",negative
"as a student, i did not find this useful at all. haha",negative
"Not gonna lie, This is one of the weakest videos on this topic.",negative
"Personally, The creator answers a few questions in the video. 😊",neutral
"As a beginner, This is a tutorial about the basics!",neutral
"After watching this, Loved every second of this video. 🔥",positive
"As a student, This was recommended on my homepage!",neutral
"In my opinion, This topic is discussed in the second half.",neutral
"After watching this, I came here randomly and ended up learning a lot. 😂",positive
"Personally, This deserves way more views.",positive
"Overall, There are several examples in the video. 🙌",neutral
Very informative and entertaining at the same time. haha,positive
"For me, The editing is fantastic and the content is even better. 😊",positive
"For me, The video covers both theory and examples. 😊",neutral
"Overall, I am taking notes while watching this.",neutral
"Overall, This is exactly what I was looking for.",positive
"Not gonna lie, The video is about the topic mentioned in the title.",neutral
"Honestly, Keep making content like this!",positive
"Personally, I expected much better from this channel.",negative
"Overall, This video helped me solve my problem. 🙌",positive
"For me, This topic is discussed in the second half.",neutral
"For me, This channel keeps getting better.",positive
"As a beginner, This topic is discussed in the second half! 🙌",neutral
"Honestly, I expected much better from this channel. 🔥",negative
I came here randomly and ended up learning a lot. :),positive
"Finally, This was recommended on my homepage.",neutral
"Finally, I came here randomly and ended up learning a lot.",positive
"As a beginner, I am taking notes while watching this. 🙌",neutral
"In my opinion, This explanation made the topic more confusing. :)",negative
"In my opinion, Great explanation, everything was very clear. 😂",positive
"After watching this, The video covers both theory and examples. :)",neutral
"Personally, I regret clicking on this video.",negative
"Finally, I came here randomly and ended up learning a lot. 🔥",positive
"for me, this channel keeps getting better. 🙌",positive
"For me, This explanation made the topic more confusing. :)",negative
"in my opinion, the audio quality is terrible. 😂",negative
"Overall, This explanation made the topic more confusing.",negative
"In my opinion, The audio quality is terrible.",negative
"as a beginner, one of the best videos on this topic.",positive
"Overall, I really enjoyed watching this.",positive
This video was a complete waste of time.,negative
"After watching this, Too many ads and not enough useful information.",negative
"Not gonna lie, The creator uses slides to explain the topic.!!!",neutral
"Overall, The information is outdated and not helpful. ❤️",negative
"Personally, This channel keeps getting better. lol",positive
"Honestly, The video is about the topic mentioned in the title.",neutral
"Not gonna lie, This video is absolutely amazing, I learned so much! 🔥",positive
"As a student, This topic is discussed in the second half.",neutral
"in my opinion, i am taking notes while watching this. 😍",neutral
"Overall, The video is about the topic mentioned in the title.",neutral
"For me, The creator uses slides to explain the topic.",neutral
"After watching this, The information is outdated and not helpful!",negative
"For me, I watched this video today.",neutral
"Personally, Great explanation, everything was very clear. 😍",positive
"In my opinion, The creator uploaded another video on this topic. 😂",neutral
"As a beginner, The creator uploaded another video on this topic.",neutral
"As a student, This is a tutorial about the basics.",neutral
"In my opinion, There are several examples in the video.",neutral
"for me, i came here randomly and ended up learning a lot.",positive
"Overall, This video helped me solve my problem.",positive
"Finally, The creator uses slides to explain the topic. lol",neutral
"For me, I found this while searching for information. :)",neutral
"As a beginner, The video contains a practical demonstration.",neutral
"After watching this, The editing is distracting and annoying.",negative
"After watching this, I expected much better from this channel. 🙌",negative
The creator uses slides to explain the topic!,neutral
This channel keeps getting better.,positive
"Not gonna lie, The video is way too long for such a simple topic.",negative
"Honestly, The video is about the topic mentioned in the title. 👍",neutral
"As a beginner, The creator answers a few questions in the video.",neutral
"Honestly, You explained this topic really well.",positive
"Personally, Excellent work by the creator.",positive
"After watching this, There are several examples in the video. 😂",neutral
"For me, There is too much unnecessary talking. ❤️",negative
"Finally, The video is way too long for such a simple topic. ❤️",negative
"For me, I am watching this for a college assignment.",neutral
"For me, The audio quality is terrible.",negative
"Finally, The audio quality is terrible.",negative
"In my opinion, Loved every second of this video. lol",positive
"Honestly, I really enjoyed watching this.",positive
"Overall, I came here randomly and ended up learning a lot.",positive
"As a student, This video is absolutely amazing, I learned so much!",positive
"Honestly, The editing is distracting and annoying!",negative
"As a beginner, Great explanation, everything was very clear.",positive
"Personally, I watched the whole thing without getting bored.",positive
"Overall, I could not understand what the creator was trying to say. 👍",negative
The video was uploaded recently. 😂,neutral
"After watching this, Great explanation, everything was very clear. :)",positive
"After watching this, I stopped watching halfway through.",negative
"In my opinion, I am watching this for a college assignment.",neutral
"as a student, the quality has gone downhill. ❤️",negative
I found this while searching for information. 😊,neutral
"Finally, This is a tutorial about the basics.",neutral
"For me, I did not find this useful at all. 🙌",negative
"Finally, The title is misleading.!!!",negative
"Finally, The explanation was confusing and poorly organized.",negative
"As a student, The title is misleading.",negative
"For me, You explained this topic really well! 😊",positive
"Finally, I am taking notes while watching this.",neutral
"In my opinion, The creator answers a few questions in the video. lol",neutral
"Personally, I am watching this for a college assignment. haha",neutral
"Personally, I stopped watching halfway through.!!!",negative
"for me, i stopped watching halfway through. ❤️",negative
"After watching this, Great explanation, everything was very clear.",positive
"Personally, I came here randomly and ended up learning a lot.",positive
"as a student, one of the best videos on this topic.",positive
"As a student, The creator answers a few questions in the video. 😂",neutral
"In my opinion, I could not understand what the creator was trying to say. 😍",negative
"In my opinion, I did not find this useful at all.",negative
"personally, the video is about the topic mentioned in the title.",neutral
"After watching this, The creator uses slides to explain the topic!",neutral
"Personally, This was not worth my time.",negative
"Honestly, The video feels rushed and incomplete. lol",negative
"in my opinion, this is one of the weakest videos on this topic. 🙌",negative
The video feels rushed and incomplete. 🔥,negative
"In my opinion, I watched this on my phone.",neutral
"After watching this, I did not find this useful at all.",negative
"Finally, The quality has gone downhill.",negative
"In my opinion, The video covers both theory and examples.",neutral
"Personally, This deserves way more views.",positive
"Personally, Great explanation, everything was very clear.",positive
"As a beginner, This is one of the weakest videos on this topic.",negative
"Personally, This deserves way more views.",positive
"In my opinion, This explanation made the topic more confusing.!!!",negative
"For me, The quality has gone downhill.",negative
"Finally, The editing is fantastic and the content is even better.",positive
"Overall, I am watching this for a college assignment.",neutral
"Personally, I am watching this for a college assignment! ❤️",neutral
"As a student, I am watching this for a college assignment. :)",neutral
"As a student, The video is about the topic mentioned in the title.!!!",neutral
"After watching this, The title is misleading. haha",negative
"As a beginner, The explanation was confusing and poorly organized. 😂",negative
"In my opinion, One of the best videos on this topic.",positive
I am watching this for a college assignment.,neutral
"Honestly, The creator uses slides to explain the topic. 👍",neutral
"In my opinion, I stopped watching halfway through.",negative
"After watching this, Such a useful video, thank you for sharing.",positive
"Not gonna lie, This video is absolutely amazing, I learned so much!",positive
"Finally, This is one of the weakest videos on this topic. 👍",negative
"As a beginner, The editing is distracting and annoying. 🔥",negative
"As a beginner, I did not find this useful at all!",negative
"Personally, Such a useful video, thank you for sharing.",positive
I found this while searching for information.,neutral
"Personally, The video is around ten minutes long. lol",neutral
"Finally, The video feels rushed and incomplete. :)",negative
"not gonna lie, this was recommended on my homepage.",neutral
"For me, The examples made everything easy to understand.",positive
"For me, The explanation was confusing and poorly organized.",negative
"as a student, the video was uploaded recently.",neutral
"personally, the explanation was confusing and poorly organized. 🔥",negative
The information is outdated and not helpful.!!!,negative
"After watching this, This was recommended on my homepage. 🔥",neutral
"As a beginner, The audio quality is terrible.!!!",negative
This topic is discussed in the second half. ❤️,neutral
"As a beginner, This is exactly what I was looking for.",positive
"in my opinion, i will come back to this video later.",neutral
"As a student, The title is misleading.",negative
"Finally, The video was uploaded recently.",neutral
"For me, The video is about the topic mentioned in the title. 🔥",neutral
"As a beginner, The video is around ten minutes long.",neutral
"For me, The explanation was simple and practical. 🙌",positive
I found this while searching for information. 😂,neutral
I am watching this for a college assignment. :),neutral
"personally, the editing is fantastic and the content is even better. 🔥",positive
"Personally, The comments section has many different opinions.",neutral
"As a student, The creator uploaded another video on this topic.",neutral
"In my opinion, This deserves way more views. haha",positive
This explanation made the topic more confusing. lol,negative
"For me, The video feels rushed and incomplete.",negative
"Honestly, There is a link mentioned in the description. 🔥",neutral
"After watching this, This is one of the weakest videos on this topic.!!!",negative
"For me, I watched the whole thing without getting bored.",positive
"finally, i watched this on my phone.",neutral
"Honestly, Very disappointing content.",negative
There is a link mentioned in the description. 🔥,neutral
The video contains a practical demonstration.,neutral
The video feels rushed and incomplete.,negative
"Finally, I expected much better from this channel. 👍",negative
"After watching this, This deserves way more views. 🔥",positive
"As a student, The video is way too long for such a simple topic. ❤️",negative
"Personally, This was not worth my time.!!!",negative
"Personally, Very informative and entertaining at the same time. 👍",positive
"Overall, I stopped watching halfway through.",negative
"as a beginner, there are several examples in the video.",neutral
"As a beginner, There is too much unnecessary talking.",negative
"Personally, I watched this video today.",neutral
"after watching this, i am watching this for a college assignment. 😍",neutral
"Finally, The creator uses slides to explain the topic.",neutral
"Finally, Great explanation, everything was very clear.",positive
"As a student, I watched this on my phone. :)",neutral
"For me, Such a useful video, thank you for sharing.",positive
"Personally, I really enjoyed watching this. 😍",positive
"after watching this, you explained this topic really well.",positive
"After watching this, I came here randomly and ended up learning a lot.",positive
"Overall, I watched this video today. :)",neutral
"Honestly, The editing is distracting and annoying. 😊",negative
"After watching this, I am taking notes while watching this.",neutral
"As a beginner, The comments section has many different opinions.",neutral
"For me, The title is misleading.",negative
You explained this topic really well. 👍,positive
There is a link mentioned in the description.,neutral
"Honestly, Such a useful video, thank you for sharing!!!!",positive
"Finally, This explanation made the topic more confusing.",negative
"Honestly, The video is around ten minutes long.",neutral
"For me, This is exactly what I was looking for.",positive
"After watching this, The video is way too long for such a simple topic.",negative
"As a student, Finally someone explained it properly!",positive
"Honestly, This video helped me solve my problem.",positive
"Personally, This was recommended on my homepage.",neutral
This video was a complete waste of time.,negative
"As a student, I could not understand what the creator was trying to say.",negative
"After watching this, There is a link mentioned in the description.",neutral
"In my opinion, The video covers both theory and examples.",neutral
"For me, Excellent work by the creator. lol",positive
"For me, The title is misleading. 🙌",negative
I did not find this useful at all. haha,negative
"Personally, This is exactly what I was looking for.",positive
"Honestly, I am watching this for a college assignment. haha",neutral
"Finally, The title is misleading.",negative
"Honestly, Too many ads and not enough useful information.",negative
The creator answers a few questions in the video! 😊,neutral
You explained this topic really well. 🔥,positive
"After watching this, The creator answers a few questions in the video. 😊",neutral
"Overall, I stopped watching halfway through. ❤️",negative
"Not gonna lie, This topic is discussed in the second half.",neutral
"In my opinion, The audio quality is terrible.",negative
"Finally, I am watching this for a college assignment. 😍",neutral
"As a student, You explained this topic really well.",positive
"Not gonna lie, The audio quality is terrible.",negative
"In my opinion, I regret clicking on this video.",negative
"In my opinion, The explanation was simple and practical.",positive
"Overall, The creator uploaded another video on this topic.",neutral
"For me, This was recommended on my homepage. 👍",neutral
The creator uploaded another video on this topic.,neutral
"As a beginner, You explained this topic really well.",positive
"Not gonna lie, Finally someone explained it properly.",positive
"finally, i watched this on my phone.",neutral
"In my opinion, This video was a complete waste of time.",negative
"In my opinion, The video is about the topic mentioned in the title.",neutral
You explained this topic really well.,positive
"As a beginner, I will come back to this video later.",neutral
"In my opinion, The video feels rushed and incomplete.!!!",negative
"In my opinion, This video helped me solve my problem.",positive
"After watching this, One of the best videos on this topic.",positive
"In my opinion, The editing is fantastic and the content is even better. :)",positive
"For me, I came here randomly and ended up learning a lot.",positive
"After watching this, Very disappointing content. 😂",negative
"After watching this, The video is around ten minutes long. haha",neutral
"As a student, This video was a complete waste of time.",negative
Keep making content like this! lol,positive
"In my opinion, The comments section has many different opinions.",neutral
"Finally, This channel keeps getting better.",positive
"Finally, Finally someone explained it properly.",positive
"After watching this, Finally someone explained it properly.",positive
"Honestly, This deserves way more views.",positive
"Personally, There is a link mentioned in the description. 😍",neutral
"Overall, There is a link mentioned in the description. 😊",neutral
"Honestly, The creator answers a few questions in the video.",neutral
"Personally, I watched this video today.",neutral
"In my opinion, I watched the whole thing without getting bored.",positive
"for me, the video is about the topic mentioned in the title. 😍",neutral
"finally, the creator answers a few questions in the video.",neutral
"Not gonna lie, This deserves way more views.",positive
I really enjoyed watching this.,positive
"After watching this, The explanation was confusing and poorly organized.",negative
"Finally, This topic is discussed in the second half.",neutral
"not gonna lie, the video is way too long for such a simple topic. 🙌",negative
"after watching this, this channel keeps getting better.",positive
"In my opinion, The creator uses slides to explain the topic.",neutral
"after watching this, the video contains a practical demonstration.",neutral
"In my opinion, Very informative and entertaining at the same time.!!!",positive
"Not gonna lie, This channel keeps getting better.",positive
"Finally, I watched this on my phone. 😍",neutral
"Not gonna lie, The creator uploaded another video on this topic.",neutral
The explanation was confusing and poorly organized. 🙌,negative
The video is way too long for such a simple topic. 😂,negative
"finally, the editing is fantastic and the content is even better.",positive
"In my opinion, The examples made everything easy to understand.",positive
"For me, Very informative and entertaining at the same time.",positive
"Honestly, I found this while searching for information. 🔥",neutral
"For me, The video was uploaded recently. 😊",neutral
"Honestly, The audio quality is terrible.",negative
"As a student, The editing is distracting and annoying.",negative
"Personally, This was recommended on my homepage.",neutral
"As a beginner, The video contains a practical demonstration.",neutral
"Not gonna lie, This topic is discussed in the second half.",neutral
"Personally, Very disappointing content. 🔥",negative
I regret clicking on this video. 🙌,negative
"Honestly, I did not find this useful at all.",negative
"Overall, Very disappointing content.",negative
"Not gonna lie, This explanation made the topic more confusing.",negative
"After watching this, Finally someone explained it properly.",positive
"Finally, You explained this topic really well.",positive
"After watching this, The editing is fantastic and the content is even better. 👍",positive
"finally, very informative and entertaining at the same time. 👍",positive
"Overall, There is a link mentioned in the description. 😂",neutral
"Personally, This channel keeps getting better. 🙌",positive
"For me, The creator uses slides to explain the topic.!!!",neutral
"Honestly, One of the best videos on this topic.",positive
"Personally, This video helped me solve my problem.",positive
"Personally, This deserves way more views!",positive
"as a student, i expected much better from this channel.",negative
"As a beginner, I watched the whole thing without getting bored. 👍",positive
"Finally, I watched the whole thing without getting bored!",positive
"Not gonna lie, The video was uploaded recently.",neutral
"After watching this, This is a tutorial about the basics.",neutral
"Personally, This video is absolutely amazing, I learned so much!",positive
"After watching this, I did not find this useful at all. 😍",negative
"After watching this, There is too much unnecessary talking.",negative
I watched the whole thing without getting bored. haha,positive
"As a beginner, The video was uploaded recently. 😊",neutral
"In my opinion, I watched this on my phone.",neutral
"Personally, I did not find this useful at all. 😊",negative
"In my opinion, I will come back to this video later.",neutral
I am taking notes while watching this.,neutral
"Honestly, The explanation was confusing and poorly organized. haha",negative
This is one of the weakest videos on this topic.,negative
"For me, The examples made everything easy to understand. 👍",positive
"Personally, There is a link mentioned in the description.",neutral
"Not gonna lie, This explanation made the topic more confusing.",negative
"As a student, I regret clicking on this video.",negative
"As a student, Very informative and entertaining at the same time. :)",positive
"Not gonna lie, Very disappointing content.",negative
"Honestly, Very disappointing content. haha",negative
"For me, This is a tutorial about the basics.!!!",neutral
"Honestly, The video feels rushed and incomplete.",negative
"Personally, Too many ads and not enough useful information.",negative
"Personally, The video is way too long for such a simple topic.",negative
"Not gonna lie, The video is around ten minutes long.",neutral
"As a beginner, You explained this topic really well.",positive
"Not gonna lie, The comments section has many different opinions. 👍",neutral
"Not gonna lie, I could not understand what the creator was trying to say. 🔥",negative
"Finally, I watched this video today.",neutral
"Overall, This video helped me solve my problem.",positive
I am watching this for a college assignment. ❤️,neutral
"Finally, The title is misleading. 🔥",negative
"not gonna lie, the examples made everything easy to understand.",positive
"Overall, This video is absolutely amazing, I learned so much! ❤️",positive
"Honestly, The creator uploaded another video on this topic.",neutral
"Not gonna lie, I expected much better from this channel. haha",negative
"After watching this, I am taking notes while watching this. :)",neutral
"After watching this, There is a link mentioned in the description.",neutral
The video is way too long for such a simple topic.,negative
"As a beginner, This channel keeps getting better. 🔥",positive
"As a student, There is a link mentioned in the description. 😊",neutral
"After watching this, There is too much unnecessary talking.",negative
"after watching this, such a useful video, thank you for sharing! haha",positive
"Not gonna lie, The examples made everything easy to understand. 😊",positive
"As a student, One of the best videos on this topic.",positive
"In my opinion, This was recommended on my homepage. 😍",neutral
"Honestly, The video is way too long for such a simple topic. 🙌",negative
"Overall, The video is about the topic mentioned in the title.!!!",neutral
"As a student, You explained this topic really well. ❤️",positive
"In my opinion, I came here randomly and ended up learning a lot. 🙌",positive
"Personally, This was recommended on my homepage. :)",neutral
"Finally, The video is way too long for such a simple topic.",negative
"After watching this, There is too much unnecessary talking.",negative
"Personally, Excellent work by the creator! 🔥",positive
"Not gonna lie, The quality has gone downhill! 😍",negative
"As a student, Very disappointing content. 😊",negative
"Personally, The video is way too long for such a simple topic.",negative
"Finally, Too many ads and not enough useful information. 🔥",negative
"in my opinion, i am watching this for a college assignment.",neutral
"Overall, I will come back to this video later.",neutral
"Finally, This video was a complete waste of time.!!!",negative
"Not gonna lie, Keep making content like this!",positive
"Honestly, The creator uses slides to explain the topic.",neutral
"Not gonna lie, I am taking notes while watching this.",neutral
"as a student, the creator uploaded another video on this topic. 🙌",neutral
"Not gonna lie, The creator answers a few questions in the video.",neutral
This explanation made the topic more confusing. 🙌,negative
"Not gonna lie, This is a tutorial about the basics.",neutral
"Not gonna lie, The information is outdated and not helpful. 🙌",negative
"As a student, The explanation was simple and practical. 😂",positive
Keep making content like this!,positive
"Not gonna lie, There are several examples in the video.",neutral
"Not gonna lie, You explained this topic really well. ❤️",positive
"Personally, Loved every second of this video. ❤️",positive
"Finally, This is a tutorial about the basics. lol",neutral
"personally, this video was a complete waste of time.",negative
"Finally, The video was uploaded recently.",neutral
"Personally, The audio quality is terrible. 🙌",negative
"Finally, The explanation was confusing and poorly organized.",negative
"For me, The editing is fantastic and the content is even better.",positive
"Not gonna lie, I am watching this for a college assignment.",neutral
"In my opinion, I am watching this for a college assignment. ❤️",neutral
"For me, The video covers both theory and examples.",neutral
"For me, Such a useful video, thank you for sharing. 👍",positive
"As a beginner, The explanation was confusing and poorly organized.!!!",negative
There is too much unnecessary talking.,negative
The audio quality is terrible!,negative
"After watching this, I regret clicking on this video.",negative
"For me, Excellent work by the creator. 🔥",positive
This is one of the weakest videos on this topic. 😍,negative
"Honestly, Loved every second of this video.",positive
This video helped me solve my problem. 😍,positive
There are several examples in the video.,neutral
"Not gonna lie, There is too much unnecessary talking.",negative
"Honestly, I could not understand what the creator was trying to say.",negative
"Personally, I watched this video today. :)",neutral
"As a student, This is exactly what I was looking for. ❤️",positive
"As a student, This is a tutorial about the basics.",neutral
The title is misleading.,negative
"Personally, The editing is distracting and annoying.",negative
"for me, the creator uses slides to explain the topic. 😊",neutral
"Finally, Such a useful video, thank you for sharing. 👍",positive
"Finally, This video is absolutely amazing, I learned so much! :)",positive
"For me, The explanation was simple and practical.",positive
"After watching this, The information is outdated and not helpful. ❤️",negative
"Finally, I watched this on my phone!",neutral
"Personally, I found this while searching for information.",neutral
"After watching this, The creator answers a few questions in the video.",neutral
"After watching this, The creator uploaded another video on this topic.",neutral
"For me, This is a tutorial about the basics.",neutral
"Finally, One of the best videos on this topic.",positive
"In my opinion, The creator answers a few questions in the video.",neutral
"For me, The title is misleading. 😊",negative
"Not gonna lie, Too many ads and not enough useful information. 😍",negative
"As a student, I really enjoyed watching this.",positive
"Honestly, This video helped me solve my problem.",positive
"for me, i am watching this for a college assignment. 😂",neutral
"As a beginner, There is a link mentioned in the description. :)",neutral
"As a beginner, I am taking notes while watching this. 😂",neutral
"Not gonna lie, The video is about the topic mentioned in the title. 🙌",neutral
"Personally, The examples made everything easy to understand! ❤️",positive
"For me, This is a tutorial about the basics. :)",neutral
the editing is fantastic and the content is even better. 🔥,positive
There is too much unnecessary talking.,negative
"In my opinion, The video covers both theory and examples.",neutral
"Not gonna lie, I watched this video today.",neutral
"Honestly, This is a tutorial about the basics! 😊",neutral
"In my opinion, This is a tutorial about the basics.",neutral
"For me, This topic is discussed in the second half.",neutral
"Overall, This video helped me solve my problem.",positive
Keep making content like this!!!!,positive
"Honestly, The creator answers a few questions in the video.",neutral
"personally, i could not understand what the creator was trying to say.",negative
"Not gonna lie, This video helped me solve my problem. 🙌",positive
"As a beginner, This is exactly what I was looking for.",positive
"After watching this, Great explanation, everything was very clear. haha",positive
"After watching this, This explanation made the topic more confusing.",negative
"For me, One of the best videos on this topic.",positive
"Honestly, I watched this video today. 🔥",neutral
The comments section has many different opinions. 😊,neutral
"Personally, I will come back to this video later.",neutral
"As a student, Excellent work by the creator.",positive
"Overall, This deserves way more views.",positive
"Honestly, The quality has gone downhill.",negative
"Not gonna lie, I expected much better from this channel. 😂",negative
"For me, This was recommended on my homepage. 🔥",neutral
"After watching this, This deserves way more views.",positive
"Overall, The creator uses slides to explain the topic.",neutral
"after watching this, i expected much better from this channel.",negative
"Finally, The audio quality is terrible.!!!",negative
"Honestly, The examples made everything easy to understand.",positive
"Overall, You explained this topic really well!",positive
"honestly, this was recommended on my homepage.",neutral
i expected much better from this channel. 😊,negative
"As a beginner, The creator answers a few questions in the video!",neutral
"As a beginner, You explained this topic really well.",positive
"honestly, the title is misleading. ❤️",negative
"After watching this, Finally someone explained it properly. :)",positive
"personally, i really enjoyed watching this. :)",positive
"For me, You explained this topic really well.",positive
"in my opinion, one of the best videos on this topic.",positive
"As a beginner, The examples made everything easy to understand. 😍",positive
"Personally, Such a useful video, thank you for sharing.",positive
"In my opinion, The quality has gone downhill. 😊",negative
"Honestly, I stopped watching halfway through.",negative
"in my opinion, you explained this topic really well.",positive
"In my opinion, The comments section has many different opinions.",neutral
"For me, The editing is fantastic and the content is even better. 👍",positive
"In my opinion, The video feels rushed and incomplete.",negative
"Finally, This explanation made the topic more confusing. 😍",negative
I am watching this for a college assignment!,neutral
"Not gonna lie, The creator uploaded another video on this topic. haha",neutral
"For me, Very disappointing content. 😂",negative
"In my opinion, One of the best videos on this topic.",positive
"For me, This is exactly what I was looking for. lol",positive
"For me, Very informative and entertaining at the same time! haha",positive
"Overall, This was recommended on my homepage.",neutral
"Honestly, This is a tutorial about the basics. :)",neutral
"Not gonna lie, The creator answers a few questions in the video! ❤️",neutral
"As a beginner, Excellent work by the creator. 🔥",positive
"Not gonna lie, I watched the whole thing without getting bored.",positive
"Finally, This explanation made the topic more confusing.",negative
"personally, i came here randomly and ended up learning a lot.",positive
The video is way too long for such a simple topic. ❤️,negative
"Overall, Such a useful video, thank you for sharing.",positive
i expected much better from this channel. 😊,negative
"In my opinion, There is a link mentioned in the description. 🙌",neutral
"In my opinion, Too many ads and not enough useful information.",negative
"Honestly, There are several examples in the video.",neutral
i regret clicking on this video! 😂,negative
"As a student, The editing is distracting and annoying.",negative
"Honestly, I could not understand what the creator was trying to say.",negative
The comments section has many different opinions.,neutral
"For me, This was not worth my time.",negative
Keep making content like this!,positive
"Overall, The video covers both theory and examples.",neutral
"Overall, This video was a complete waste of time. 🙌",negative
"not gonna lie, the examples made everything easy to understand. 👍",positive
"Not gonna lie, Finally someone explained it properly.",positive
"As a student, I watched this video today. 😍",neutral
"As a student, I really enjoyed watching this! 😊",positive
"Honestly, Too many ads and not enough useful information.",negative
"As a beginner, The editing is fantastic and the content is even better.",positive
"Personally, I came here randomly and ended up learning a lot.",positive
"after watching this, the explanation was simple and practical.",positive
"honestly, finally someone explained it properly.",positive
Finally someone explained it properly.,positive
"As a student, The creator uses slides to explain the topic!",neutral
"Overall, I will come back to this video later.",neutral
"In my opinion, Such a useful video, thank you for sharing.",positive
"Finally, This was not worth my time. 😊",negative
"After watching this, The creator answers a few questions in the video.",neutral
"In my opinion, I watched this video today.",neutral
"Finally, The comments section has many different opinions.",neutral
"For me, Very informative and entertaining at the same time.",positive
"For me, The editing is distracting and annoying!",negative
"After watching this, There are several examples in the video. lol",neutral
"Personally, You explained this topic really well.",positive
"Not gonna lie, Keep making content like this!",positive
"not gonna lie, the editing is distracting and annoying.",negative
"finally, the title is misleading!",negative
This topic is discussed in the second half. 🔥,neutral
"Not gonna lie, The information is outdated and not helpful.",negative
"As a beginner, This topic is discussed in the second half.",neutral
"Personally, I really enjoyed watching this.",positive
"Personally, The video is way too long for such a simple topic.",negative
"As a student, The editing is fantastic and the content is even better.",positive
"After watching this, The creator uploaded another video on this topic.",neutral
"for me, this is exactly what i was looking for.",positive
"After watching this, I could not understand what the creator was trying to say.",negative
"As a student, This is one of the weakest videos on this topic.",negative
"Overall, I came here randomly and ended up learning a lot. lol",positive
"In my opinion, I expected much better from this channel. 😂",negative
"Personally, Very informative and entertaining at the same time! 😍",positive
"As a student, This is a tutorial about the basics. 😍",neutral
"Honestly, This channel keeps getting better. 😂",positive
"as a student, i expected much better from this channel.",negative
"Personally, I stopped watching halfway through.",negative
"Personally, I watched this on my phone.",neutral
"As a student, I am taking notes while watching this.",neutral
"After watching this, The video is around ten minutes long. 😊",neutral
"As a student, The editing is fantastic and the content is even better.!!!",positive
"in my opinion, i watched this on my phone. ❤️",neutral
"Overall, I came here randomly and ended up learning a lot. 😍",positive
"After watching this, Such a useful video, thank you for sharing.!!!",positive
"For me, The title is misleading. ❤️",negative
"As a student, Too many ads and not enough useful information.",negative
"Personally, This video is absolutely amazing, I learned so much!",positive
"Overall, This is one of the weakest videos on this topic.",negative
"Personally, This topic is discussed in the second half.",neutral
"For me, I regret clicking on this video.",negative
"Finally, The examples made everything easy to understand.",positive
"After watching this, This video is absolutely amazing, I learned so much! lol",positive
"As a student, The explanation was confusing and poorly organized.",negative
"After watching this, The examples made everything easy to understand. 😊",positive
"As a beginner, This video is absolutely amazing, I learned so much!",positive
"As a student, You explained this topic really well. 😊",positive
"For me, There is too much unnecessary talking. ❤️",negative
"Honestly, The explanation was simple and practical. 👍",positive
"In my opinion, The video was uploaded recently.",neutral
You explained this topic really well.,positive
"Honestly, The creator uses slides to explain the topic.!!!",neutral
"After watching this, The video is about the topic mentioned in the title. 👍",neutral
"As a beginner, This video was a complete waste of time.",negative
"In my opinion, The audio quality is terrible.",negative
"Honestly, This video is absolutely amazing, I learned so much!",positive
"personally, i came here randomly and ended up learning a lot.",positive
"Honestly, I watched this video today.",neutral
"Honestly, There are several examples in the video. 🙌",neutral
"Overall, The examples made everything easy to understand.",positive
"In my opinion, The video is around ten minutes long.",neutral
"Finally, This was recommended on my homepage. 👍",neutral
"Personally, This video helped me solve my problem.",positive
Finally someone explained it properly!,positive
"After watching this, I came here randomly and ended up learning a lot. ❤️",positive
"Not gonna lie, I regret clicking on this video. :)",negative
"For me, I really enjoyed watching this.",positive
"Not gonna lie, The audio quality is terrible.",negative
"As a beginner, I came here randomly and ended up learning a lot.",positive
The comments section has many different opinions. 😊,neutral
"For me, I stopped watching halfway through.",negative
"As a beginner, Very informative and entertaining at the same time.",positive
"after watching this, i am watching this for a college assignment. :)",neutral
"Personally, Excellent work by the creator.",positive
"in my opinion, very informative and entertaining at the same time!",positive
"Overall, I watched this video today.",neutral
"Finally, The audio quality is terrible. ❤️",negative
"As a beginner, The editing is distracting and annoying.",negative
"Finally, The video is about the topic mentioned in the title. ❤️",neutral
"For me, There is too much unnecessary talking. ❤️",negative
"After watching this, Very disappointing content.",negative
"Honestly, Loved every second of this video.",positive
"After watching this, One of the best videos on this topic!",positive
"Finally, This was recommended on my homepage.",neutral
"Finally, There are several examples in the video. 🙌",neutral
"In my opinion, I really enjoyed watching this.",positive
The quality has gone downhill. :),negative
"Honestly, This topic is discussed in the second half. 😂",neutral
I am watching this for a college assignment. 🔥,neutral
"Finally, I regret clicking on this video.",negative
"As a student, This topic is discussed in the second half. 👍",neutral
"Personally, Very informative and entertaining at the same time.",positive
"Overall, This deserves way more views. 🙌",positive
"Finally, The video is way too long for such a simple topic. 😊",negative
"As a student, This is exactly what I was looking for. :)",positive
"As a student, I will come back to this video later. lol",neutral
"Personally, I came here randomly and ended up learning a lot. ❤️",positive
"honestly, excellent work by the creator. 🙌",positive
"Overall, The audio quality is terrible.",negative
"Personally, The editing is fantastic and the content is even better. ❤️",positive
"After watching this, I really enjoyed watching this. 🔥",positive
"Honestly, The editing is fantastic and the content is even better.",positive
"Not gonna lie, The video is about the topic mentioned in the title.",neutral
"Personally, The editing is fantastic and the content is even better.",positive
"For me, This explanation made the topic more confusing. 👍",negative
"Overall, This deserves way more views.",positive
"Finally, This is exactly what I was looking for.",positive
The explanation was simple and practical. lol,positive
"As a beginner, There are several examples in the video.",neutral
"After watching this, The comments section has many different opinions. haha",neutral
"Not gonna lie, This channel keeps getting better.",positive
"After watching this, I watched the whole thing without getting bored.",positive
"Not gonna lie, There is a link mentioned in the description. :)",neutral
"In my opinion, I stopped watching halfway through.",negative
You explained this topic really well.,positive
"For me, I am watching this for a college assignment. 🙌",neutral
"After watching this, The examples made everything easy to understand. haha",positive
"for me, you explained this topic really well.",positive
"After watching this, You explained this topic really well.",positive
"Personally, The audio quality is terrible.!!!",negative
"For me, This deserves way more views.",positive
"As a beginner, You explained this topic really well.",positive
"Finally, The audio quality is terrible.",negative
"For me, I came here randomly and ended up learning a lot.",positive
This was not worth my time. 🔥,negative
"after watching this, i am watching this for a college assignment. ❤️",neutral
The video is about the topic mentioned in the title!,neutral
"Finally, I did not find this useful at all. 🔥",negative
"For me, You explained this topic really well. 😍",positive
"In my opinion, I really enjoyed watching this.",positive
"Not gonna lie, This video was a complete waste of time. 😍",negative
"In my opinion, This explanation made the topic more confusing. lol",negative
"As a student, The explanation was confusing and poorly organized.",negative
"Not gonna lie, Such a useful video, thank you for sharing!",positive
"As a beginner, I stopped watching halfway through.",negative
"In my opinion, This channel keeps getting better.",positive
"As a beginner, There is too much unnecessary talking.",negative
"Personally, I regret clicking on this video. 👍",negative
"Honestly, There are several examples in the video. 😂",neutral
"As a student, Such a useful video, thank you for sharing. 😍",positive
"As a student, The creator uses slides to explain the topic.",neutral
"As a beginner, Excellent work by the creator.",positive
"Personally, The explanation was confusing and poorly organized.",negative
"Honestly, I am taking notes while watching this.",neutral
"Finally, The video was uploaded recently.",neutral
You explained this topic really well.,positive
"personally, one of the best videos on this topic.",positive
"Personally, This topic is discussed in the second half. 🔥",neutral
"Finally, This was not worth my time! haha",negative
"Personally, The information is outdated and not helpful.",negative
"in my opinion, very disappointing content.",negative
"As a beginner, You explained this topic really well.",positive
This video was a complete waste of time.,negative
"As a student, I stopped watching halfway through.",negative
"As a beginner, This deserves way more views. haha",positive
"Finally, The explanation was confusing and poorly organized.",negative
The comments section has many different opinions. lol,neutral
"As a beginner, The video covers both theory and examples.",neutral
"As a beginner, This explanation made the topic more confusing.",negative
"As a student, The quality has gone downhill.",negative
"Personally, Excellent work by the creator.",positive
"As a beginner, This was not worth my time. 👍",negative
"Not gonna lie, This is a tutorial about the basics.!!!",neutral
"For me, The video is about the topic mentioned in the title.",neutral
The video is way too long for such a simple topic!,negative
"Overall, This channel keeps getting better!",positive
"after watching this, i really enjoyed watching this. 😊",positive
"As a beginner, I really enjoyed watching this. 😊",positive
"In my opinion, This video was a complete waste of time.",negative
"As a student, This was recommended on my homepage.",neutral
"For me, I found this while searching for information.",neutral
"Finally, The video was uploaded recently.",neutral
"As a student, There is a link mentioned in the description.",neutral
"After watching this, I watched the whole thing without getting bored!",positive
"As a beginner, I could not understand what the creator was trying to say.",negative
"Not gonna lie, The video is around ten minutes long.",neutral
"In my opinion, The explanation was simple and practical. 🔥",positive
"Overall, This video is absolutely amazing, I learned so much!",positive
"As a student, This is exactly what I was looking for. lol",positive
"Not gonna lie, This is a tutorial about the basics.",neutral
"In my opinion, The title is misleading.",negative
"Finally, The video is around ten minutes long.",neutral
"As a beginner, I could not understand what the creator was trying to say.",negative
"Finally, Too many ads and not enough useful information. haha",negative
"Honestly, The video was uploaded recently.",neutral
"As a beginner, There are several examples in the video.",neutral
"Not gonna lie, This video was a complete waste of time. 😂",negative
"Personally, This is one of the weakest videos on this topic. 🙌",negative
"Honestly, I expected much better from this channel.",negative
Keep making content like this! 🔥,positive
"As a student, The title is misleading. 😊",negative
"Not gonna lie, I am taking notes while watching this.",neutral
"For me, I watched the whole thing without getting bored.",positive
"Personally, I watched the whole thing without getting bored.",positive
"overall, i found this while searching for information.",neutral
"In my opinion, The video is way too long for such a simple topic!",negative
"Overall, I came here randomly and ended up learning a lot. 🙌",positive
"Finally, There is a link mentioned in the description.",neutral
"In my opinion, The video is way too long for such a simple topic.",negative
"Overall, Very disappointing content.",negative
I watched this on my phone.,neutral
"Overall, The comments section has many different opinions. 😍",neutral
"Overall, I watched the whole thing without getting bored.",positive
"As a student, Great explanation, everything was very clear. ❤️",positive
"Not gonna lie, The comments section has many different opinions. 😂",neutral
i am taking notes while watching this.,neutral
"Overall, I watched the whole thing without getting bored.",positive
"Overall, I watched this on my phone! 👍",neutral
"Overall, This is one of the weakest videos on this topic. haha",negative
"For me, The video is way too long for such a simple topic.",negative
The creator answers a few questions in the video.,neutral
"As a student, The creator uploaded another video on this topic. ❤️",neutral
"Personally, This deserves way more views. 🔥",positive
"Overall, You explained this topic really well.!!!",positive
"Honestly, This video was a complete waste of time. :)",negative
"Personally, I found this while searching for information. 🔥",neutral
"Honestly, This video helped me solve my problem.",positive
"As a beginner, Very informative and entertaining at the same time.!!!",positive
This was not worth my time. 😊,negative
"Personally, Very disappointing content. 🔥",negative
The video covers both theory and examples. 🙌,neutral
"Honestly, There is a link mentioned in the description.",neutral
"Overall, This deserves way more views. 🙌",positive
"Not gonna lie, This explanation made the topic more confusing.",negative
"As a student, This video helped me solve my problem.",positive
"In my opinion, I came here randomly and ended up learning a lot. 🙌",positive
"In my opinion, The explanation was confusing and poorly organized. 😍",negative
"In my opinion, I watched the whole thing without getting bored. 👍",positive
"As a student, This video helped me solve my problem.",positive
"For me, The audio quality is terrible.",negative
"In my opinion, There is a link mentioned in the description. 😊",neutral
"In my opinion, This was recommended on my homepage. 😍",neutral
"For me, The comments section has many different opinions. 🔥",neutral
"Overall, The video contains a practical demonstration.",neutral
"As a beginner, The creator answers a few questions in the video.!!!",neutral
"Not gonna lie, This was recommended on my homepage.",neutral
"After watching this, You explained this topic really well.",positive
"personally, this topic is discussed in the second half.",neutral
"Finally, This explanation made the topic more confusing.",negative
"As a beginner, Too many ads and not enough useful information.",negative
"In my opinion, I found this while searching for information.",neutral
"Overall, The explanation was confusing and poorly organized.",negative
"Finally, Very disappointing content.",negative
"Overall, The video covers both theory and examples.",neutral
"honestly, this video helped me solve my problem. 👍",positive
"As a student, This is one of the weakest videos on this topic. lol",negative
"Finally, The video is about the topic mentioned in the title.",neutral
"Personally, I came here randomly and ended up learning a lot. lol",positive
"After watching this, This video was a complete waste of time.",negative
"for me, there is a link mentioned in the description. 🙌",neutral
"In my opinion, Excellent work by the creator.",positive
"Not gonna lie, This deserves way more views.",positive
"Not gonna lie, I am watching this for a college assignment!",neutral
"In my opinion, Very informative and entertaining at the same time.",positive
"as a beginner, very informative and entertaining at the same time.",positive
"Honestly, The comments section has many different opinions.",neutral
"For me, The explanation was simple and practical.",positive
One of the best videos on this topic. 😂,positive
"After watching this, You explained this topic really well. 👍",positive
"After watching this, Keep making content like this!",positive
"as a student, i could not understand what the creator was trying to say. ❤️",negative
The creator uses slides to explain the topic. 👍,neutral
The audio quality is terrible. 🔥,negative
"Finally, This video helped me solve my problem.",positive
"As a beginner, Such a useful video, thank you for sharing.",positive
"Personally, The editing is distracting and annoying. 😍",negative
"As a student, This explanation made the topic more confusing. 😍",negative
"As a beginner, I found this while searching for information. 👍",neutral
"in my opinion, the video was uploaded recently. haha",neutral
"Not gonna lie, Loved every second of this video.",positive
"Overall, I expected much better from this channel.!!!",negative
"in my opinion, the creator uses slides to explain the topic. 😂",neutral
"After watching this, Finally someone explained it properly.",positive
"Honestly, I did not find this useful at all. 😍",negative
"In my opinion, Keep making content like this!",positive
This was not worth my time!,negative
One of the best videos on this topic.,positive
"After watching this, One of the best videos on this topic.",positive
"As a beginner, This video is absolutely amazing, I learned so much!",positive
"honestly, the video is around ten minutes long.",neutral
"In my opinion, This was recommended on my homepage.",neutral
"As a beginner, Loved every second of this video.",positive
"Overall, I came here randomly and ended up learning a lot.",positive
"overall, i watched this video today.!!!",neutral
"Finally, The video is around ten minutes long.",neutral
"In my opinion, The editing is distracting and annoying.",negative
"After watching this, This topic is discussed in the second half.",neutral
"Finally, There are several examples in the video.",neutral
"Not gonna lie, Too many ads and not enough useful information.",negative
The explanation was simple and practical.,positive
"Finally, The explanation was confusing and poorly organized. lol",negative
"Honestly, I regret clicking on this video.",negative
"As a beginner, The video covers both theory and examples. 🙌",neutral
"In my opinion, This was not worth my time. 🔥",negative
The creator answers a few questions in the video. 😊,neutral
"finally, the video is way too long for such a simple topic.",negative
"For me, You explained this topic really well. 🙌",positive
"As a student, This video is absolutely amazing, I learned so much!",positive
"As a student, One of the best videos on this topic.",positive
"Overall, The quality has gone downhill.",negative
"Honestly, Such a useful video, thank you for sharing. 👍",positive
"Finally, The video contains a practical demonstration. 🙌",neutral
"In my opinion, The video was uploaded recently.",neutral
"After watching this, This topic is discussed in the second half.",neutral
"As a beginner, The creator uses slides to explain the topic.",neutral
"Personally, The creator answers a few questions in the video. 🔥",neutral
I watched this on my phone! 😊,neutral
"In my opinion, The video is about the topic mentioned in the title. 😊",neutral
"After watching this, This video was a complete waste of time. :)",negative
"Personally, The comments section has many different opinions.",neutral
"As a beginner, I watched this video today.",neutral
"As a beginner, The video is about the topic mentioned in the title.",neutral
"Personally, The video contains a practical demonstration. :)",neutral
"Finally, The information is outdated and not helpful.",negative
"Finally, The video is way too long for such a simple topic.",negative
"Finally, The video is about the topic mentioned in the title.",neutral
"After watching this, This channel keeps getting better.",positive
"Personally, The examples made everything easy to understand.",positive
The editing is fantastic and the content is even better. :),positive
"After watching this, The video covers both theory and examples! 👍",neutral
"Honestly, The creator answers a few questions in the video.",neutral
"Not gonna lie, The creator uses slides to explain the topic. 😂",neutral
"For me, I came here randomly and ended up learning a lot.",positive
"Honestly, Very disappointing content.",negative
"In my opinion, The title is misleading. 😊",negative
"personally, very disappointing content!",negative
"Overall, This channel keeps getting better. 😊",positive
"As a beginner, The editing is fantastic and the content is even better. 👍",positive
"After watching this, Great explanation, everything was very clear.",positive
"Overall, This topic is discussed in the second half.",neutral
"After watching this, The creator uploaded another video on this topic. 🔥",neutral
"for me, the creator uses slides to explain the topic. 😂",neutral
"personally, the examples made everything easy to understand. 😂",positive
"After watching this, I will come back to this video later. lol",neutral
"Finally, I watched this on my phone. :)",neutral
"Overall, I did not find this useful at all.",negative
"Personally, The title is misleading.",negative
"In my opinion, I am taking notes while watching this.",neutral
"Finally, I stopped watching halfway through.",negative
"Not gonna lie, This was recommended on my homepage.",neutral
"As a beginner, The audio quality is terrible.",negative
"Not gonna lie, This is a tutorial about the basics.",neutral
"For me, You explained this topic really well. 🔥",positive
"For me, There is too much unnecessary talking.",negative
"As a beginner, I found this while searching for information.",neutral
"For me, The explanation was confusing and poorly organized.",negative
"In my opinion, The audio quality is terrible.",negative
"Finally, Keep making content like this!",positive
"Finally, I expected much better from this channel.",negative
"Overall, The examples made everything easy to understand. ❤️",positive
"honestly, i am watching this for a college assignment.",neutral
"For me, I expected much better from this channel.",negative
"As a student, The video covers both theory and examples.",neutral
The video contains a practical demonstration.,neutral
"After watching this, I did not find this useful at all.",negative
I came here randomly and ended up learning a lot.,positive
"Finally, The video contains a practical demonstration.!!!",neutral
"In my opinion, I watched this video today.",neutral
"For me, Very disappointing content.",negative
"For me, I found this while searching for information.",neutral
"In my opinion, I did not find this useful at all.",negative
"In my opinion, I came here randomly and ended up learning a lot!",positive
the video feels rushed and incomplete. 🔥,negative
"After watching this, The explanation was confusing and poorly organized.",negative
"For me, One of the best videos on this topic.",positive
"Personally, The video was uploaded recently.",neutral
"Overall, This video was a complete waste of time.",negative
"Not gonna lie, Very informative and entertaining at the same time. 😍",positive
"in my opinion, this video was a complete waste of time!",negative
"As a beginner, This was not worth my time.",negative
"Personally, This was recommended on my homepage.",neutral
"Personally, This channel keeps getting better. 😍",positive
"As a beginner, I watched the whole thing without getting bored.",positive
"Finally, I could not understand what the creator was trying to say.",negative
"Honestly, Keep making content like this! :)",positive
"after watching this, keep making content like this!",positive
"For me, There is too much unnecessary talking.",negative
"For me, There are several examples in the video. 🙌",neutral
"Honestly, This was recommended on my homepage. ❤️",neutral
"Overall, Finally someone explained it properly. 👍",positive
"As a beginner, I stopped watching halfway through.",negative
"In my opinion, I watched this on my phone.",neutral
"As a beginner, The editing is fantastic and the content is even better.",positive
"As a student, The video covers both theory and examples. lol",neutral
"not gonna lie, this channel keeps getting better.",positive
"Not gonna lie, Too many ads and not enough useful information. ❤️",negative
"Overall, Finally someone explained it properly.",positive
"Honestly, The video covers both theory and examples.",neutral
"Personally, Such a useful video, thank you for sharing.",positive
"Finally, I am watching this for a college assignment.",neutral
"Overall, This video is absolutely amazing, I learned so much! 😊",positive
"In my opinion, This video helped me solve my problem. lol",positive
"As a student, I regret clicking on this video. 😊",negative
The creator answers a few questions in the video.,neutral
"For me, I came here randomly and ended up learning a lot. 😊",positive
"Overall, This channel keeps getting better.",positive
"In my opinion, I watched the whole thing without getting bored. 🔥",positive
"Personally, The audio quality is terrible!",negative
"Not gonna lie, This was recommended on my homepage.!!!",neutral
"For me, I watched the whole thing without getting bored.",positive
"Personally, Very informative and entertaining at the same time. ❤️",positive
"Personally, The editing is distracting and annoying.!!!",negative
The editing is distracting and annoying. 🙌,negative
"In my opinion, Finally someone explained it properly. 🙌",positive
"Honestly, Loved every second of this video.",positive
"Finally, The video is about the topic mentioned in the title. 😂",neutral
The comments section has many different opinions! :),neutral
"Not gonna lie, The video contains a practical demonstration. haha",neutral
"as a beginner, i did not find this useful at all. haha",negative
"Finally, Great explanation, everything was very clear.",positive
"As a student, This is one of the weakest videos on this topic. 😂",negative
"Honestly, This explanation made the topic more confusing. 😊",negative
"After watching this, The editing is distracting and annoying.",negative
"As a student, This was recommended on my homepage!!!!",neutral
"As a student, I stopped watching halfway through.",negative
"After watching this, This video was a complete waste of time.",negative
"overall, i found this while searching for information.",neutral
"Personally, This deserves way more views.",positive
"Not gonna lie, The creator uses slides to explain the topic.",neutral
"finally, this explanation made the topic more confusing.",negative
"For me, One of the best videos on this topic. 👍",positive
"As a student, This channel keeps getting better. 😊",positive
"Overall, This is exactly what I was looking for.!!!",positive
"For me, Too many ads and not enough useful information.!!!",negative
"After watching this, I regret clicking on this video.",negative
"Personally, There is a link mentioned in the description. 😊",neutral
"For me, I really enjoyed watching this.",positive
"Not gonna lie, Very informative and entertaining at the same time. haha",positive
"As a student, The comments section has many different opinions.!!!",neutral
"As a beginner, I watched this on my phone.",neutral
"As a beginner, This video helped me solve my problem.",positive
"Honestly, The creator uses slides to explain the topic.",neutral
"As a student, I did not find this useful at all.",negative
"After watching this, This was not worth my time.",negative
"Finally, The quality has gone downhill.",negative
"For me, I really enjoyed watching this.",positive
"As a student, The video is way too long for such a simple topic!",negative
"For me, The editing is fantastic and the content is even better. lol",positive
"After watching this, Excellent work by the creator.",positive
This channel keeps getting better.,positive
"finally, the video feels rushed and incomplete. 😂",negative
"As a student, The title is misleading. 🙌",negative
"not gonna lie, the creator answers a few questions in the video.",neutral
"As a student, There is too much unnecessary talking.",negative
"Finally, The video was uploaded recently. haha",neutral
"Overall, The video contains a practical demonstration. 😊",neutral
"Not gonna lie, This deserves way more views.",positive
Very disappointing content.,negative
"In my opinion, This video helped me solve my problem.",positive
The video contains a practical demonstration.,neutral
"Honestly, The quality has gone downhill. haha",negative
"Overall, I came here randomly and ended up learning a lot.",positive
"overall, i watched this video today.",neutral
keep making content like this!,positive
"As a student, This topic is discussed in the second half.",neutral
"Finally, The quality has gone downhill.",negative
"Overall, There is a link mentioned in the description.",neutral
the video feels rushed and incomplete. 🔥,negative
"Not gonna lie, I watched this on my phone.",neutral
"As a beginner, I really enjoyed watching this. :)",positive
"As a beginner, I watched this on my phone.",neutral
"Honestly, There is too much unnecessary talking. 🔥",negative
"as a student, the examples made everything easy to understand.",positive
"Not gonna lie, This is a tutorial about the basics.",neutral
"Not gonna lie, I expected much better from this channel. 😂",negative
"Not gonna lie, I watched the whole thing without getting bored. 👍",positive
The explanation was simple and practical.,positive
"Overall, I really enjoyed watching this.",positive
"As a student, Finally someone explained it properly. lol",positive
"Finally, The creator answers a few questions in the video.",neutral
"Finally, This channel keeps getting better.",positive
"Overall, The video covers both theory and examples. 😊",neutral
"finally, i could not understand what the creator was trying to say.",negative
"In my opinion, I expected much better from this channel.",negative
"Honestly, I watched this video today. ❤️",neutral
"Not gonna lie, I could not understand what the creator was trying to say.",negative
"After watching this, I could not understand what the creator was trying to say.",negative
"Overall, Very disappointing content. 👍",negative
There are several examples in the video. 👍,neutral
"Overall, One of the best videos on this topic. 🙌",positive
"After watching this, I came here randomly and ended up learning a lot. 🔥",positive
"finally, i expected much better from this channel. 😊",negative
"Personally, There are several examples in the video. 😊",neutral
"For me, This was recommended on my homepage.",neutral
"Not gonna lie, The creator uses slides to explain the topic. 👍",neutral
"honestly, i regret clicking on this video! 😍",negative
"For me, The video is around ten minutes long. lol",neutral
"Overall, This is a tutorial about the basics.",neutral
"Personally, This topic is discussed in the second half.",neutral
"Finally, Loved every second of this video.!!!",positive
"Personally, This channel keeps getting better. ❤️",positive
"Not gonna lie, I found this while searching for information. lol",neutral
There are several examples in the video.,neutral
Very informative and entertaining at the same time.,positive
"Honestly, The video is around ten minutes long.",neutral
"Honestly, I watched this on my phone.",neutral
"Honestly, Excellent work by the creator. 🔥",positive
"For me, This deserves way more views.",positive
"For me, The editing is fantastic and the content is even better.",positive
"Not gonna lie, This is one of the weakest videos on this topic. 🙌",negative
"As a beginner, The creator answers a few questions in the video.",neutral
"Honestly, I watched this video today.",neutral
"Overall, The editing is fantastic and the content is even better. 😊",positive
"for me, keep making content like this! 🔥",positive
"After watching this, This was recommended on my homepage. 😂",neutral
"Honestly, Loved every second of this video.",positive
"As a beginner, This was not worth my time. haha",negative
"Finally, This was not worth my time.",negative
"As a student, The video is around ten minutes long.",neutral
"personally, great explanation, everything was very clear.",positive
"After watching this, Finally someone explained it properly. ❤️",positive
"As a beginner, This is a tutorial about the basics.",neutral
"Overall, The editing is distracting and annoying.!!!",negative
"Not gonna lie, The creator answers a few questions in the video.",neutral
"Honestly, I really enjoyed watching this. 🔥",positive
"After watching this, Great explanation, everything was very clear.",positive
"After watching this, Very disappointing content. 😂",negative
"Not gonna lie, I watched the whole thing without getting bored.",positive
I found this while searching for information. haha,neutral
"Overall, The video was uploaded recently. 👍",neutral
"after watching this, there is a link mentioned in the description.",neutral
"As a student, Finally someone explained it properly.",positive
"After watching this, This is a tutorial about the basics. 👍",neutral
"In my opinion, The quality has gone downhill! 👍",negative
"Honestly, The creator answers a few questions in the video.",neutral
"Overall, I came here randomly and ended up learning a lot.",positive
The video feels rushed and incomplete!!!!,negative
"Finally, The title is misleading.",negative
"After watching this, This is a tutorial about the basics.",neutral
"In my opinion, This video is absolutely amazing, I learned so much! ❤️",positive
"In my opinion, I watched the whole thing without getting bored.",positive
I am taking notes while watching this.,neutral
"honestly, the video covers both theory and examples. ❤️",neutral
"Honestly, The explanation was confusing and poorly organized. 😂",negative
The editing is fantastic and the content is even better. 😊,positive
"For me, Too many ads and not enough useful information! ❤️",negative
"As a beginner, I stopped watching halfway through.",negative
The audio quality is terrible. ❤️,negative
The video contains a practical demonstration.,neutral
"Personally, The creator answers a few questions in the video. haha",neutral
"After watching this, You explained this topic really well. 😊",positive
"For me, There are several examples in the video. haha",neutral
"Overall, The comments section has many different opinions. ❤️",neutral
"Personally, This was not worth my time.",negative
"For me, I watched this video today.!!!",neutral
You explained this topic really well.,positive
"As a student, The title is misleading.",negative
"Personally, This topic is discussed in the second half.",neutral
"Finally, The audio quality is terrible.",negative
"After watching this, This is a tutorial about the basics.",neutral
"After watching this, This was not worth my time.",negative
"In my opinion, The explanation was simple and practical.",positive
I watched the whole thing without getting bored.,positive
"As a student, This explanation made the topic more confusing.",negative
"After watching this, This is one of the weakest videos on this topic. 😍",negative
"In my opinion, This was not worth my time.",negative
"Finally, The creator answers a few questions in the video.",neutral
"Not gonna lie, I am watching this for a college assignment.",neutral
"In my opinion, Such a useful video, thank you for sharing.",positive
"As a student, The examples made everything easy to understand. lol",positive
"As a beginner, Excellent work by the creator.",positive
"As a beginner, I will come back to this video later.",neutral
"in my opinion, i watched the whole thing without getting bored. haha",positive
"Not gonna lie, I came here randomly and ended up learning a lot. haha",positive
"Finally, I regret clicking on this video.",negative
"In my opinion, I did not find this useful at all. 🙌",negative
"In my opinion, The video is way too long for such a simple topic.",negative
"Honestly, I watched this on my phone.",neutral
"In my opinion, Very disappointing content. :)",negative
"Honestly, This video is absolutely amazing, I learned so much! haha",positive
Finally someone explained it properly.,positive
"As a beginner, I am watching this for a college assignment. 👍",neutral
"Finally, Such a useful video, thank you for sharing.",positive
"After watching this, The video is around ten minutes long.",neutral
"In my opinion, The audio quality is terrible.",negative
"As a beginner, There is too much unnecessary talking.",negative
"Finally, I am watching this for a college assignment.",neutral
"Personally, I am watching this for a college assignment.",neutral
"For me, The creator uploaded another video on this topic.",neutral
"Finally, The video covers both theory and examples.",neutral
"In my opinion, I watched this video today.",neutral
"Finally, I expected much better from this channel. 👍",negative
"Finally, The creator uses slides to explain the topic. 😊",neutral
"personally, the video contains a practical demonstration.",neutral
"As a beginner, There is too much unnecessary talking. 😂",negative
"As a student, The comments section has many different opinions.",neutral
"Honestly, Finally someone explained it properly. haha",positive
This is a tutorial about the basics.,neutral
There is too much unnecessary talking. 😂,negative
This was not worth my time.,negative
I did not find this useful at all. 😂,negative
"For me, The video is about the topic mentioned in the title.",neutral
"Honestly, The comments section has many different opinions.!!!",neutral
"Finally, Great explanation, everything was very clear.",positive
"Personally, There are several examples in the video.",neutral
"Personally, Finally someone explained it properly.",positive
"Honestly, There is too much unnecessary talking. :)",negative
"As a student, The video is way too long for such a simple topic.",negative
"In my opinion, Finally someone explained it properly. 🔥",positive
"As a student, Great explanation, everything was very clear. ❤️",positive
The video covers both theory and examples.,neutral
"For me, I watched this video today.",neutral
"Personally, I did not find this useful at all. ❤️",negative
"After watching this, The video covers both theory and examples. 😍",neutral
"As a beginner, The video contains a practical demonstration.",neutral
"In my opinion, The explanation was simple and practical. 😊",positive
"Honestly, The quality has gone downhill. lol",negative
"Overall, This is exactly what I was looking for.",positive
"For me, The editing is distracting and annoying. ❤️",negative
"Honestly, Loved every second of this video.",positive
I am taking notes while watching this. lol,neutral
"Honestly, This was recommended on my homepage. 😂",neutral
"For me, The examples made everything easy to understand.",positive
"Great explanation, everything was very clear. 🔥",positive
"As a student, I did not find this useful at all.",negative
"Not gonna lie, I watched the whole thing without getting bored.",positive
"Not gonna lie, One of the best videos on this topic.",positive
Loved every second of this video. haha,positive
"In my opinion, I stopped watching halfway through.",negative
"After watching this, Such a useful video, thank you for sharing.!!!",positive
"As a student, The audio quality is terrible.",negative
"For me, This was not worth my time.",negative
"In my opinion, This explanation made the topic more confusing.",negative
"Personally, I did not find this useful at all.",negative
I really enjoyed watching this.,positive
"For me, The title is misleading. :)",negative
The video is way too long for such a simple topic. lol,negative
"Finally, The creator answers a few questions in the video. 😂",neutral
"as a student, the video is way too long for such a simple topic. ❤️",negative
"Not gonna lie, There is too much unnecessary talking.",negative
"For me, The video is around ten minutes long.!!!",neutral
"Personally, Very disappointing content. 😂",negative
"As a beginner, I watched the whole thing without getting bored. haha",positive
"Personally, This video was a complete waste of time. :)",negative
"Honestly, Keep making content like this! 👍",positive
"Overall, The information is outdated and not helpful. 🔥",negative
"For me, The video feels rushed and incomplete. lol",negative
"In my opinion, This video was a complete waste of time. lol",negative
"Not gonna lie, I could not understand what the creator was trying to say.",negative
i expected much better from this channel.!!!,negative
"Honestly, One of the best videos on this topic.",positive
"As a beginner, I am taking notes while watching this. haha",neutral
"Honestly, Too many ads and not enough useful information.",negative
"As a student, The title is misleading! lol",negative
"Overall, Great explanation, everything was very clear.",positive
"In my opinion, I watched this video today. 🔥",neutral
"Overall, This video was a complete waste of time.",negative
"Overall, The video is way too long for such a simple topic. 🙌",negative
"Personally, This channel keeps getting better.",positive
"Finally, I came here randomly and ended up learning a lot.",positive
"After watching this, I stopped watching halfway through.",negative
One of the best videos on this topic.,positive
"In my opinion, I watched this video today.",neutral
"After watching this, The editing is distracting and annoying.",negative
the title is misleading. :),negative
"As a beginner, I watched this on my phone. 😂",neutral
"In my opinion, Great explanation, everything was very clear. 😍",positive
"Overall, Excellent work by the creator.",positive
"for me, the explanation was confusing and poorly organized. lol",negative
"In my opinion, I could not understand what the creator was trying to say.",negative
"Personally, I came here randomly and ended up learning a lot. 😍",positive
"After watching this, The video is around ten minutes long.",neutral
"As a beginner, The audio quality is terrible.",negative
"Not gonna lie, One of the best videos on this topic.",positive
"Personally, I found this while searching for information. 🔥",neutral
"Finally, This was recommended on my homepage.!!!",neutral
I am watching this for a college assignment. 😍,neutral
"personally, the audio quality is terrible. 😍",negative
"As a beginner, Such a useful video, thank you for sharing.",positive
"Personally, The video contains a practical demonstration. 🙌",neutral
"For me, Finally someone explained it properly.",positive
"Finally, Very disappointing content. ❤️",negative
"Honestly, I regret clicking on this video. 👍",negative
"for me, i regret clicking on this video.",negative
"Not gonna lie, The video feels rushed and incomplete.",negative
"Finally, I expected much better from this channel. 😊",negative
"In my opinion, I watched this video today. ❤️",neutral
"Honestly, There is too much unnecessary talking.",negative
"Not gonna lie, The video covers both theory and examples!",neutral
The editing is fantastic and the content is even better. lol,positive
"Overall, I expected much better from this channel. 🔥",negative
"honestly, the explanation was simple and practical.",positive
"Finally, You explained this topic really well.",positive
"After watching this, The video is around ten minutes long. :)",neutral
"Not gonna lie, Great explanation, everything was very clear.",positive
"As a student, This video is absolutely amazing, I learned so much!",positive
I expected much better from this channel. 🔥,negative
"As a beginner, I found this while searching for information. 😊",neutral
"Honestly, The creator answers a few questions in the video. 😊",neutral
"As a student, I really enjoyed watching this. :)",positive
"As a beginner, Very informative and entertaining at the same time.",positive
"Overall, This is a tutorial about the basics.",neutral
"After watching this, The title is misleading. ❤️",negative
"Honestly, The comments section has many different opinions. haha",neutral
"As a student, I stopped watching halfway through.",negative
keep making content like this! 🙌,positive
"Overall, The video was uploaded recently!",neutral
"Overall, The explanation was simple and practical. 🔥",positive
"Honestly, The explanation was simple and practical.",positive
"In my opinion, Very disappointing content.",negative
"After watching this, Too many ads and not enough useful information. 😍",negative
"finally, i found this while searching for information.",neutral
"As a student, This topic is discussed in the second half.",neutral
"Finally, Finally someone explained it properly.",positive
"As a beginner, Great explanation, everything was very clear. 😊",positive
"In my opinion, I watched the whole thing without getting bored. 🙌",positive
"Personally, The creator answers a few questions in the video. lol",neutral
"In my opinion, The explanation was simple and practical. 👍",positive
"Not gonna lie, Such a useful video, thank you for sharing. 👍",positive
"In my opinion, This video was a complete waste of time.",negative
"For me, One of the best videos on this topic. 🙌",positive
"As a student, Very disappointing content. 😂",negative
"As a student, This topic is discussed in the second half.",neutral
"Finally, This was recommended on my homepage.",neutral
"Personally, Too many ads and not enough useful information.",negative
"Personally, This video helped me solve my problem!",positive
"Overall, Excellent work by the creator.",positive
"In my opinion, I am watching this for a college assignment.!!!",neutral
"Overall, The editing is fantastic and the content is even better. 😊",positive
"As a student, The comments section has many different opinions. 🙌",neutral
"As a student, The video contains a practical demonstration.",neutral
"For me, I will come back to this video later. haha",neutral
The creator uses slides to explain the topic. 🙌,neutral
"overall, the quality has gone downhill.",negative
"Finally, The video was uploaded recently.",neutral
"personally, there is a link mentioned in the description!",neutral
"Overall, This topic is discussed in the second half.",neutral
"Overall, The creator answers a few questions in the video.",neutral
"As a beginner, I expected much better from this channel. :)",negative
"Personally, I am watching this for a college assignment. :)",neutral
This channel keeps getting better. 😊,positive
"in my opinion, i watched the whole thing without getting bored. 👍",positive
Very disappointing content.,negative
"Personally, There is a link mentioned in the description.",neutral
"Not gonna lie, I will come back to this video later. 🙌",neutral
"In my opinion, This is one of the weakest videos on this topic.!!!",negative
"Finally, The quality has gone downhill. :)",negative
"In my opinion, Such a useful video, thank you for sharing. 🔥",positive
"In my opinion, The video covers both theory and examples!",neutral
"In my opinion, Very informative and entertaining at the same time. :)",positive
"For me, There are several examples in the video. 🔥",neutral
"As a beginner, I am watching this for a college assignment. lol",neutral
"Honestly, Great explanation, everything was very clear.",positive
"Not gonna lie, The creator uses slides to explain the topic.",neutral
The quality has gone downhill.!!!,negative
"personally, the video is about the topic mentioned in the title. 👍",neutral
"Honestly, This topic is discussed in the second half. 😊",neutral
"After watching this, Such a useful video, thank you for sharing. lol",positive
"As a student, Such a useful video, thank you for sharing! 🔥",positive
"Finally, The video is about the topic mentioned in the title.",neutral
"In my opinion, I am taking notes while watching this. 👍",neutral
"personally, the quality has gone downhill. haha",negative
"In my opinion, The creator uploaded another video on this topic.",neutral
"As a student, Such a useful video, thank you for sharing.",positive
"In my opinion, I watched the whole thing without getting bored.!!!",positive
"Finally, I am watching this for a college assignment.",neutral
"Not gonna lie, This is one of the weakest videos on this topic. 🙌",negative
"After watching this, Loved every second of this video.",positive
"After watching this, There are several examples in the video. 🔥",neutral
"In my opinion, The information is outdated and not helpful. :)",negative
"As a beginner, The creator uses slides to explain the topic.",neutral
"For me, I watched the whole thing without getting bored. 😊",positive
"as a student, this channel keeps getting better.",positive
"In my opinion, This deserves way more views. 😍",positive
There are several examples in the video.!!!,neutral
"For me, The video feels rushed and incomplete.",negative
"Personally, I expected much better from this channel. lol",negative
"For me, The video is about the topic mentioned in the title.!!!",neutral
"As a beginner, The creator uploaded another video on this topic.!!!",neutral
"Not gonna lie, This video is absolutely amazing, I learned so much!",positive
"Overall, I watched this video today.",neutral
"As a student, The audio quality is terrible.",negative
"Honestly, The video is way too long for such a simple topic.",negative
"As a student, The editing is fantastic and the content is even better.",positive
The video contains a practical demonstration! 👍,neutral
"Personally, I found this while searching for information. 😂",neutral
"After watching this, The explanation was confusing and poorly organized.",negative
"As a student, The video feels rushed and incomplete. haha",negative
"Honestly, The comments section has many different opinions.",neutral
"After watching this, This was not worth my time.",negative
"As a student, I came here randomly and ended up learning a lot.",positive
"Not gonna lie, This was recommended on my homepage.",neutral
I watched this video today.,neutral
"For me, The video covers both theory and examples.",neutral
"As a student, Such a useful video, thank you for sharing.",positive
"Finally, Great explanation, everything was very clear. 😂",positive
"As a student, I watched this video today. :)",neutral
The comments section has many different opinions.,neutral
"honestly, this is one of the weakest videos on this topic. 🔥",negative
"Honestly, Loved every second of this video! ❤️",positive
"For me, Loved every second of this video.!!!",positive
"As a student, This explanation made the topic more confusing.",negative
"As a beginner, There are several examples in the video.!!!",neutral
"Honestly, I could not understand what the creator was trying to say.",negative
"Finally, The video was uploaded recently. 😂",neutral
"In my opinion, There is a link mentioned in the description.",neutral
"For me, I expected much better from this channel. 🙌",negative
"For me, The video was uploaded recently.",neutral
"For me, I watched the whole thing without getting bored.!!!",positive
"For me, This video helped me solve my problem.",positive
I watched this video today.,neutral
I found this while searching for information.,neutral
this was recommended on my homepage. haha,neutral
"As a beginner, This deserves way more views.",positive
There is too much unnecessary talking.,negative
"After watching this, I expected much better from this channel.",negative
"Finally, This was recommended on my homepage.",neutral
"honestly, this video is absolutely amazing, i learned so much!",positive
"Not gonna lie, The video is about the topic mentioned in the title.",neutral
"Not gonna lie, The video feels rushed and incomplete.",negative
Finally someone explained it properly. lol,positive
"Honestly, I will come back to this video later. haha",neutral
"finally, loved every second of this video.",positive
"Overall, I really enjoyed watching this. 😊",positive
"For me, This was not worth my time.",negative
"For me, I did not find this useful at all.",negative
"After watching this, I did not find this useful at all.",negative
"Personally, The video feels rushed and incomplete.",negative
"Honestly, This topic is discussed in the second half.",neutral
"Overall, Very informative and entertaining at the same time.",positive
I really enjoyed watching this.,positive
"As a student, Keep making content like this!",positive
"Finally, The creator answers a few questions in the video.",neutral
"Finally, Excellent work by the creator. 😊",positive
"Honestly, This video was a complete waste of time. 😍",negative
"Not gonna lie, This is exactly what I was looking for.",positive
"Not gonna lie, I watched the whole thing without getting bored.",positive
"Not gonna lie, Excellent work by the creator.",positive
"Overall, This is a tutorial about the basics. lol",neutral
"Finally, The video is around ten minutes long. 😊",neutral
I watched the whole thing without getting bored.,positive
"Honestly, This was not worth my time.",negative
"Not gonna lie, The video is around ten minutes long.",neutral
"Finally, Finally someone explained it properly. 😂",positive
"Finally, The examples made everything easy to understand.",positive
"As a student, The explanation was simple and practical.",positive
"In my opinion, The explanation was simple and practical.!!!",positive
"Not gonna lie, Very informative and entertaining at the same time.",positive
"Honestly, One of the best videos on this topic.",positive
"After watching this, This was not worth my time.",negative
"Finally, Very disappointing content.",negative
"Honestly, Very informative and entertaining at the same time.",positive
"Not gonna lie, The editing is distracting and annoying.",negative
The video is about the topic mentioned in the title.,neutral
"Not gonna lie, You explained this topic really well.",positive
"overall, very informative and entertaining at the same time.",positive
"for me, this video is absolutely amazing, i learned so much!",positive
"after watching this, i found this while searching for information.",neutral
"As a student, The explanation was confusing and poorly organized! haha",negative
"After watching this, Keep making content like this! ❤️",positive
"Finally, Excellent work by the creator! 👍",positive
The video is around ten minutes long! 😍,neutral
"Personally, The editing is fantastic and the content is even better.",positive
"For me, Excellent work by the creator. haha",positive
One of the best videos on this topic.,positive
"Overall, This is a tutorial about the basics.",neutral
"After watching this, The video contains a practical demonstration.",neutral
This explanation made the topic more confusing.,negative
"After watching this, There is too much unnecessary talking.",negative
"After watching this, I will come back to this video later.",neutral
"Not gonna lie, Finally someone explained it properly.",positive
"As a beginner, I watched the whole thing without getting bored.",positive
"Not gonna lie, The editing is distracting and annoying.",negative
"Overall, The information is outdated and not helpful.",negative
"As a student, The title is misleading. 😊",negative
"For me, I expected much better from this channel. lol",negative
"As a student, There is a link mentioned in the description.!!!",neutral
"Overall, The video is around ten minutes long. haha",neutral
"Personally, This deserves way more views. :)",positive
"Not gonna lie, The examples made everything easy to understand.",positive
the examples made everything easy to understand. :),positive
"In my opinion, This deserves way more views!",positive
"As a beginner, I watched this on my phone. haha",neutral
"As a student, This channel keeps getting better. :)",positive
"After watching this, I am watching this for a college assignment. 🔥",neutral
"as a beginner, this video was a complete waste of time.",negative
"Not gonna lie, I stopped watching halfway through!",negative
"overall, i found this while searching for information. 🔥",neutral
"Honestly, The creator answers a few questions in the video. 🔥",neutral
"Finally, I watched this on my phone. lol",neutral
"As a student, This topic is discussed in the second half.",neutral
"Honestly, I did not find this useful at all. 🙌",negative
"For me, This explanation made the topic more confusing. ❤️",negative
"Not gonna lie, Very disappointing content. lol",negative
"Honestly, Very informative and entertaining at the same time.",positive
"As a beginner, Too many ads and not enough useful information.",negative
"Honestly, The examples made everything easy to understand. 😊",positive
"finally, great explanation, everything was very clear. 👍",positive
"After watching this, The video covers both theory and examples.",neutral
The video feels rushed and incomplete.,negative
"Honestly, Finally someone explained it properly. 🙌",positive
"For me, This is exactly what I was looking for.",positive
"In my opinion, Very informative and entertaining at the same time.",positive
"Personally, The comments section has many different opinions.",neutral
"Personally, I watched the whole thing without getting bored.",positive
"In my opinion, This channel keeps getting better. haha",positive
"As a beginner, I am watching this for a college assignment. 😊",neutral
"Finally, This topic is discussed in the second half.",neutral
The video was uploaded recently.,neutral
"Not gonna lie, This video helped me solve my problem. ❤️",positive
"As a student, The title is misleading. 👍",negative
"Personally, There are several examples in the video.",neutral
"Not gonna lie, The creator answers a few questions in the video.",neutral
"overall, i did not find this useful at all. ❤️",negative
"In my opinion, This topic is discussed in the second half.",neutral
"As a beginner, The video is around ten minutes long. 😂",neutral
"As a student, The creator uses slides to explain the topic. ❤️",neutral
"Personally, I am taking notes while watching this.",neutral
"Honestly, There are several examples in the video.",neutral
"In my opinion, I really enjoyed watching this.",positive
"Great explanation, everything was very clear.",positive
"As a student, This video helped me solve my problem.",positive
"In my opinion, This video is absolutely amazing, I learned so much! haha",positive
"Finally, The video feels rushed and incomplete. 🔥",negative
"For me, There are several examples in the video.",neutral
"Honestly, I regret clicking on this video.",negative
"For me, The video contains a practical demonstration. haha",neutral
"After watching this, Great explanation, everything was very clear. lol",positive
The creator uploaded another video on this topic. haha,neutral
"As a student, I watched this video today.",neutral
"honestly, i regret clicking on this video. 🙌",negative
The video is about the topic mentioned in the title.,neutral
"Not gonna lie, I came here randomly and ended up learning a lot! 😍",positive
"Personally, There is too much unnecessary talking.",negative
"not gonna lie, i stopped watching halfway through. 😊",negative
"Personally, The explanation was confusing and poorly organized. :)",negative
"overall, the video feels rushed and incomplete. lol",negative
"As a beginner, Very disappointing content.",negative
"As a beginner, Great explanation, everything was very clear.",positive
This is a tutorial about the basics.,neutral
"In my opinion, I will come back to this video later.!!!",neutral
"As a beginner, The creator uploaded another video on this topic.",neutral
"For me, I really enjoyed watching this.!!!",positive
"Overall, This is a tutorial about the basics. 👍",neutral
"In my opinion, This topic is discussed in the second half.",neutral
"Overall, This is a tutorial about the basics.",neutral
"Finally, I came here randomly and ended up learning a lot. :)",positive
"in my opinion, the video was uploaded recently!",neutral
"Honestly, The editing is fantastic and the content is even better. :)",positive
I could not understand what the creator was trying to say.,negative
The information is outdated and not helpful.,negative
"honestly, i am taking notes while watching this. 😍",neutral
"Finally, The creator uploaded another video on this topic.",neutral
"After watching this, One of the best videos on this topic. 🔥",positive
"In my opinion, I regret clicking on this video. 😊",negative
"In my opinion, The video feels rushed and incomplete.",negative
"Overall, This is exactly what I was looking for.",positive
"As a beginner, Excellent work by the creator.",positive
"In my opinion, This was not worth my time.",negative
"After watching this, This video is absolutely amazing, I learned so much! 🙌",positive
"As a student, There is a link mentioned in the description!",neutral
"As a beginner, Very disappointing content.",negative
"Overall, The video covers both theory and examples. 👍",neutral
"For me, I came here randomly and ended up learning a lot.",positive
"Overall, The editing is distracting and annoying. 😍",negative
"For me, One of the best videos on this topic.",positive
"As a beginner, There is a link mentioned in the description. 😊",neutral
"In my opinion, Such a useful video, thank you for sharing.",positive
"Not gonna lie, This was recommended on my homepage.",neutral
The video was uploaded recently.!!!,neutral
"This video is absolutely amazing, I learned so much! 🙌",positive
"In my opinion, This topic is discussed in the second half.",neutral
"Finally, The creator uses slides to explain the topic.",neutral
"Honestly, Keep making content like this!",positive
"After watching this, I came here randomly and ended up learning a lot!",positive
This deserves way more views. lol,positive
"As a student, The creator answers a few questions in the video.!!!",neutral
"As a beginner, I watched the whole thing without getting bored.!!!",positive
"Overall, This was not worth my time. 😍",negative
"Not gonna lie, Keep making content like this!",positive
"Finally, One of the best videos on this topic.",positive
"For me, The video is around ten minutes long. 👍",neutral
"After watching this, The comments section has many different opinions.",neutral
"Finally, Finally someone explained it properly.",positive
"In my opinion, This video is absolutely amazing, I learned so much! 🙌",positive
"In my opinion, I am taking notes while watching this.",neutral
"For me, This is exactly what I was looking for.",positive
"As a student, Very informative and entertaining at the same time.",positive
"In my opinion, The video is way too long for such a simple topic.",negative
"Not gonna lie, The creator answers a few questions in the video. haha",neutral
"Overall, I am watching this for a college assignment.",neutral
The video is around ten minutes long! 🙌,neutral
"In my opinion, I did not find this useful at all.",negative
"Honestly, The video is around ten minutes long. :)",neutral
"Honestly, I really enjoyed watching this.",positive
i am watching this for a college assignment.,neutral
"As a beginner, The video is about the topic mentioned in the title.",neutral
"After watching this, The editing is distracting and annoying.",negative
"As a beginner, The title is misleading.",negative
"For me, The video is way too long for such a simple topic.",negative
"Overall, I regret clicking on this video. 🔥",negative
"as a student, the video is way too long for such a simple topic.",negative
"After watching this, The video is around ten minutes long.",neutral
"As a student, This explanation made the topic more confusing.",negative
"For me, This is exactly what I was looking for!",positive
"In my opinion, The creator answers a few questions in the video. haha",neutral
"Not gonna lie, There is too much unnecessary talking. 🙌",negative
"Finally, The explanation was confusing and poorly organized. 😍",negative
"Finally, I am taking notes while watching this. haha",neutral
"Finally, Very informative and entertaining at the same time.",positive
"Not gonna lie, The explanation was confusing and poorly organized.",negative
"As a student, This is exactly what I was looking for.",positive
"in my opinion, great explanation, everything was very clear. 👍",positive
"As a student, Keep making content like this! 😊",positive
"Honestly, Very disappointing content.",negative
"For me, This video is absolutely amazing, I learned so much! lol",positive
"Honestly, This explanation made the topic more confusing.",negative
I really enjoyed watching this. 🙌,positive
"Personally, I stopped watching halfway through.",negative
"Personally, The editing is distracting and annoying. 😂",negative
"For me, This explanation made the topic more confusing.",negative
"As a beginner, This deserves way more views!",positive
"Personally, The video contains a practical demonstration. 🔥",neutral
"Overall, The video is way too long for such a simple topic.",negative
"in my opinion, i stopped watching halfway through.",negative
"Honestly, One of the best videos on this topic. 🔥",positive
"As a beginner, I did not find this useful at all.",negative
"Personally, Very disappointing content.",negative
The video contains a practical demonstration.,neutral
"Overall, Great explanation, everything was very clear!",positive
"After watching this, There is too much unnecessary talking. haha",negative
"For me, This is one of the weakest videos on this topic. ❤️",negative
"In my opinion, This was not worth my time.",negative
"For me, The video is around ten minutes long.",neutral
"Finally, I did not find this useful at all. 👍",negative
"Finally, There are several examples in the video.",neutral
"For me, The video covers both theory and examples. lol",neutral
"In my opinion, I came here randomly and ended up learning a lot.",positive
"As a beginner, The title is misleading. 😂",negative
"As a beginner, I really enjoyed watching this. 😍",positive
"In my opinion, I watched the whole thing without getting bored! haha",positive
"After watching this, The comments section has many different opinions.",neutral
"For me, Finally someone explained it properly. haha",positive
The examples made everything easy to understand. 🙌,positive
"After watching this, I am watching this for a college assignment.!!!",neutral
"After watching this, I regret clicking on this video.",negative
"As a beginner, This video was a complete waste of time.",negative
"Personally, The title is misleading. 🔥",negative
"In my opinion, The video was uploaded recently. 😂",neutral
"As a beginner, Too many ads and not enough useful information. haha",negative
"Not gonna lie, The editing is fantastic and the content is even better.",positive
"Finally, One of the best videos on this topic.",positive
"In my opinion, The title is misleading.!!!",negative
"In my opinion, I watched this video today.",neutral
"In my opinion, I watched this video today.",neutral
"Honestly, I watched this on my phone. 🙌",neutral
"Honestly, I watched this on my phone. 😍",neutral
the examples made everything easy to understand.,positive
Excellent work by the creator.,positive
"Finally, I will come back to this video later.",neutral
"After watching this, There are several examples in the video.",neutral
"After watching this, I watched the whole thing without getting bored. 😂",positive
"In my opinion, I am taking notes while watching this. :)",neutral
"After watching this, I could not understand what the creator was trying to say. ❤️",negative
"For me, I will come back to this video later.",neutral
"Finally, The creator answers a few questions in the video. 🔥",neutral
"For me, The video is about the topic mentioned in the title. lol",neutral
"In my opinion, The video was uploaded recently.",neutral
"not gonna lie, one of the best videos on this topic.",positive
"Not gonna lie, I expected much better from this channel.",negative
"Not gonna lie, Excellent work by the creator.",positive
"After watching this, Too many ads and not enough useful information! :)",negative
"For me, I did not find this useful at all. haha",negative
"Overall, I regret clicking on this video. 😂",negative
"For me, The creator uses slides to explain the topic.",neutral
"not gonna lie, the information is outdated and not helpful. 😍",negative
"In my opinion, I am taking notes while watching this. 🙌",neutral
"Overall, One of the best videos on this topic. lol",positive
"In my opinion, I regret clicking on this video.",negative
"Honestly, The creator answers a few questions in the video.",neutral
"Overall, This channel keeps getting better. 😍",positive
"As a student, The video is about the topic mentioned in the title.",neutral
"Personally, One of the best videos on this topic.",positive
"Overall, You explained this topic really well. ❤️",positive
"Not gonna lie, This channel keeps getting better.",positive
"Finally, Finally someone explained it properly.",positive
"Finally, The information is outdated and not helpful. 😂",negative
"After watching this, Too many ads and not enough useful information. 🔥",negative
"Personally, This channel keeps getting better.",positive
"As a student, This topic is discussed in the second half. 😊",neutral
"For me, I will come back to this video later. 😍",neutral
"Finally, One of the best videos on this topic. 🙌",positive
"As a beginner, The explanation was simple and practical.",positive
the video is about the topic mentioned in the title.,neutral
"In my opinion, The explanation was confusing and poorly organized. 🔥",negative
"Personally, The editing is distracting and annoying.!!!",negative
"After watching this, The comments section has many different opinions. ❤️",neutral
"In my opinion, The editing is fantastic and the content is even better.",positive
"This video is absolutely amazing, I learned so much!",positive
"Honestly, This is a tutorial about the basics. 🙌",neutral
"In my opinion, Very informative and entertaining at the same time. haha",positive
"Finally, This is one of the weakest videos on this topic.",negative
"Not gonna lie, Great explanation, everything was very clear. 🔥",positive
"Personally, This channel keeps getting better. 👍",positive
"In my opinion, The video feels rushed and incomplete.",negative
"not gonna lie, the title is misleading.",negative
"In my opinion, I am watching this for a college assignment. lol",neutral
"for me, the quality has gone downhill.",negative
"After watching this, The editing is fantastic and the content is even better! haha",positive
"Honestly, Keep making content like this! ❤️",positive
"For me, This video is absolutely amazing, I learned so much!",positive
One of the best videos on this topic. 😍,positive
"for me, excellent work by the creator.",positive
"As a beginner, I did not find this useful at all.",negative
"As a student, One of the best videos on this topic. 🙌",positive
"Personally, This is a tutorial about the basics.",neutral
"As a student, This deserves way more views! 😂",positive
"finally, the examples made everything easy to understand. 👍",positive
"As a beginner, The audio quality is terrible.",negative
"Honestly, The creator uses slides to explain the topic.",neutral
"In my opinion, The comments section has many different opinions. 😍",neutral
"as a beginner, i did not find this useful at all.",negative
"For me, This video is absolutely amazing, I learned so much! 🔥",positive
"after watching this, the comments section has many different opinions.",neutral
"Not gonna lie, I regret clicking on this video.",negative
"As a student, This is exactly what I was looking for.",positive
I regret clicking on this video.,negative
"For me, This is a tutorial about the basics.",neutral
"Not gonna lie, Very informative and entertaining at the same time.",positive
"After watching this, I watched this on my phone.",neutral
"Finally, The creator uploaded another video on this topic.!!!",neutral
The creator answers a few questions in the video.,neutral
"Personally, Great explanation, everything was very clear.",positive
"For me, The video contains a practical demonstration. ❤️",neutral
"Finally, The information is outdated and not helpful.",negative
"Finally, The explanation was confusing and poorly organized.",negative
"For me, The examples made everything easy to understand.",positive
"Personally, Great explanation, everything was very clear.",positive
"Overall, The examples made everything easy to understand. 🙌",positive
"As a beginner, The examples made everything easy to understand.",positive
"As a student, The video feels rushed and incomplete.",negative
"Finally, The video is about the topic mentioned in the title.",neutral
"Personally, Finally someone explained it properly.",positive
"As a beginner, The comments section has many different opinions.",neutral
"Honestly, The editing is distracting and annoying.",negative
"Honestly, This is one of the weakest videos on this topic. haha",negative
"For me, The examples made everything easy to understand. 😂",positive
The video is way too long for such a simple topic. 👍,negative
"Finally, This was recommended on my homepage.",neutral
"Overall, I watched the whole thing without getting bored. lol",positive
"In my opinion, The creator uploaded another video on this topic.",neutral
"For me, Very disappointing content.",negative
"For me, This was not worth my time.",negative
"For me, This was not worth my time. 🙌",negative
I did not find this useful at all. haha,negative
"As a student, The creator uses slides to explain the topic. ❤️",neutral
"For me, There are several examples in the video.",neutral
"Not gonna lie, I will come back to this video later. 😍",neutral
"Not gonna lie, There is too much unnecessary talking.",negative
"Personally, Great explanation, everything was very clear. :)",positive
"Overall, I watched the whole thing without getting bored. ❤️",positive
this was not worth my time.,negative
"For me, The video is around ten minutes long. 😊",neutral
"Personally, The video was uploaded recently.",neutral
"after watching this, i regret clicking on this video. haha",negative
"Finally, Too many ads and not enough useful information.",negative
"As a beginner, I will come back to this video later. 😊",neutral
"For me, Excellent work by the creator.!!!",positive
"As a student, Too many ads and not enough useful information.",negative
"finally, the video contains a practical demonstration.",neutral
"In my opinion, Loved every second of this video.",positive
This is one of the weakest videos on this topic.,negative
"Not gonna lie, There are several examples in the video. 😂",neutral
"Honestly, I watched this on my phone.",neutral
"As a beginner, This video is absolutely amazing, I learned so much! :)",positive
"Finally, There is a link mentioned in the description.",neutral
"For me, The creator answers a few questions in the video.",neutral
"Honestly, This video helped me solve my problem. haha",positive
"Personally, This topic is discussed in the second half.!!!",neutral
"In my opinion, I did not find this useful at all.",negative
"As a beginner, I stopped watching halfway through! :)",negative
"Personally, Finally someone explained it properly.",positive
"In my opinion, There is a link mentioned in the description.",neutral
"Finally, Very disappointing content.",negative
"Overall, The creator answers a few questions in the video. ❤️",neutral
The quality has gone downhill.,negative
"After watching this, I really enjoyed watching this. 😊",positive
"Not gonna lie, The comments section has many different opinions.",neutral
"In my opinion, I could not understand what the creator was trying to say.",negative
"Personally, This was recommended on my homepage.!!!",neutral
"Finally, This deserves way more views. haha",positive
"After watching this, I really enjoyed watching this.",positive
"Overall, The information is outdated and not helpful.",negative
"Finally, I watched the whole thing without getting bored.",positive
"honestly, this deserves way more views.",positive
"In my opinion, I watched the whole thing without getting bored.",positive
"After watching this, I watched this on my phone.",neutral
"Finally, The video contains a practical demonstration.",neutral
"in my opinion, keep making content like this! 🔥",positive
"Personally, The comments section has many different opinions.",neutral
"in my opinion, the video contains a practical demonstration. :)",neutral
"As a beginner, This is one of the weakest videos on this topic.!!!",negative
"In my opinion, The video is way too long for such a simple topic.",negative
"Finally, The examples made everything easy to understand.",positive
"For me, This deserves way more views. 😂",positive
"Personally, There are several examples in the video.",neutral
"Not gonna lie, The title is misleading. lol",negative
"Honestly, The video is about the topic mentioned in the title.",neutral
This deserves way more views.,positive
"Honestly, I watched this video today.",neutral
"After watching this, I really enjoyed watching this.",positive
"Honestly, The explanation was simple and practical.",positive
"After watching this, I watched this video today! ❤️",neutral
"As a student, The title is misleading.",negative
"Overall, I came here randomly and ended up learning a lot!",positive
"As a beginner, I stopped watching halfway through. :)",negative
"Honestly, I am watching this for a college assignment. :)",neutral
"In my opinion, Very informative and entertaining at the same time. lol",positive
"After watching this, I watched the whole thing without getting bored.",positive
"After watching this, The information is outdated and not helpful.",negative
"Not gonna lie, Such a useful video, thank you for sharing.",positive
"Not gonna lie, The examples made everything easy to understand. ❤️",positive
"Finally, There is too much unnecessary talking. 😍",negative
This was not worth my time! haha,negative
"After watching this, I could not understand what the creator was trying to say. haha",negative
"Not gonna lie, The video contains a practical demonstration. 😍",neutral
"Overall, This is one of the weakest videos on this topic.",negative
"For me, I regret clicking on this video. lol",negative
"Not gonna lie, The video contains a practical demonstration. lol",neutral
"Overall, I stopped watching halfway through.",negative
"In my opinion, The creator uses slides to explain the topic!",neutral
"After watching this, I watched this video today. :)",neutral
"Overall, Such a useful video, thank you for sharing.",positive
"As a student, Finally someone explained it properly.",positive
"For me, I am watching this for a college assignment.",neutral
"finally, this explanation made the topic more confusing.",negative
"Personally, I really enjoyed watching this.",positive
"As a student, The video feels rushed and incomplete.",negative
"Overall, I stopped watching halfway through. 😍",negative
"Personally, I regret clicking on this video. 👍",negative
"As a student, Finally someone explained it properly. 🔥",positive
"After watching this, I watched the whole thing without getting bored. 👍",positive
"Personally, The video was uploaded recently.!!!",neutral
"As a beginner, I watched this on my phone.",neutral
"Not gonna lie, Very disappointing content! 🔥",negative
"After watching this, This is one of the weakest videos on this topic.",negative
"Not gonna lie, The information is outdated and not helpful. 😊",negative
"Personally, There is a link mentioned in the description.",neutral
"As a beginner, The video is around ten minutes long. :)",neutral
"As a student, One of the best videos on this topic.",positive
"As a student, I am watching this for a college assignment.",neutral
"Overall, I could not understand what the creator was trying to say.",negative
"Personally, I expected much better from this channel. 🔥",negative
"Not gonna lie, The video is about the topic mentioned in the title.",neutral
I came here randomly and ended up learning a lot.,positive
The creator uploaded another video on this topic! 🔥,neutral
"Honestly, Loved every second of this video.",positive
"Finally, This explanation made the topic more confusing.!!!",negative
"After watching this, There is a link mentioned in the description. 👍",neutral
"After watching this, This is exactly what I was looking for.",positive
"In my opinion, This is one of the weakest videos on this topic. lol",negative
"As a student, The comments section has many different opinions.",neutral
"not gonna lie, very informative and entertaining at the same time.",positive
"For me, Very disappointing content.",negative
"As a beginner, There are several examples in the video.",neutral
keep making content like this! 🙌,positive
"For me, The editing is distracting and annoying.",negative
"In my opinion, Excellent work by the creator.",positive
"In my opinion, I am watching this for a college assignment. 👍",neutral
"As a beginner, I watched this video today.",neutral
"Overall, This video was a complete waste of time. 😍",negative
"Overall, Very informative and entertaining at the same time. 🔥",positive
"Not gonna lie, This video was a complete waste of time. 🔥",negative
"As a beginner, The title is misleading.",negative
"Honestly, This deserves way more views.!!!",positive
"Finally, The comments section has many different opinions. ❤️",neutral
"Honestly, You explained this topic really well. lol",positive
"Honestly, I came here randomly and ended up learning a lot.",positive
"Finally, Finally someone explained it properly.",positive
"Personally, The video contains a practical demonstration. 🔥",neutral
"In my opinion, This explanation made the topic more confusing.",negative
"Personally, I am taking notes while watching this. 👍",neutral
"Overall, The creator answers a few questions in the video.",neutral
"In my opinion, There are several examples in the video.",neutral
"For me, I am taking notes while watching this.!!!",neutral
"Finally, This is exactly what I was looking for. :)",positive
"Not gonna lie, This is exactly what I was looking for.",positive
"Personally, Great explanation, everything was very clear. ❤️",positive
"Overall, This deserves way more views.",positive
"Honestly, Loved every second of this video. 😍",positive
This was recommended on my homepage.!!!,neutral
"as a student, one of the best videos on this topic.",positive
"Overall, The title is misleading.",negative
"As a student, I really enjoyed watching this! :)",positive
"Overall, The comments section has many different opinions.",neutral
"honestly, the video is around ten minutes long.",neutral
"In my opinion, I watched the whole thing without getting bored.",positive
"Finally, This was not worth my time. 🙌",negative
"Personally, This was recommended on my homepage.",neutral
"As a student, The title is misleading. haha",negative
"Overall, I stopped watching halfway through!",negative
"Finally, This deserves way more views. haha",positive
"As a beginner, This video is absolutely amazing, I learned so much! 🔥",positive
"As a student, I regret clicking on this video.",negative
"Not gonna lie, The creator uses slides to explain the topic.",neutral
"Finally, Very disappointing content.",negative
"As a beginner, I stopped watching halfway through. 🙌",negative
"After watching this, Very disappointing content!",negative
"Honestly, You explained this topic really well! :)",positive
"As a student, I watched the whole thing without getting bored. 😂",positive
"As a beginner, I regret clicking on this video. 🔥",negative
"As a beginner, The video covers both theory and examples.",neutral
"After watching this, The title is misleading. 🔥",negative
"Personally, I am taking notes while watching this. 🙌",neutral
This is exactly what I was looking for.,positive
"For me, Great explanation, everything was very clear.",positive
"After watching this, The examples made everything easy to understand.",positive
"Finally, This video helped me solve my problem. 🙌",positive
"As a student, I regret clicking on this video. 😍",negative
"As a beginner, This video is absolutely amazing, I learned so much! 😊",positive
"Personally, I am watching this for a college assignment. 😂",neutral
"After watching this, This video was a complete waste of time. 😊",negative
"Finally, The creator answers a few questions in the video. 🙌",neutral
"Not gonna lie, The creator uploaded another video on this topic.",neutral
The comments section has many different opinions. 😂,neutral
"As a student, I am watching this for a college assignment.",neutral
"Overall, I did not find this useful at all!",negative
"For me, I expected much better from this channel. 😊",negative
"After watching this, The video feels rushed and incomplete.",negative
"After watching this, This explanation made the topic more confusing.",negative
Finally someone explained it properly.,positive
"Honestly, There are several examples in the video.",neutral
"Personally, I stopped watching halfway through.",negative
"After watching this, This is one of the weakest videos on this topic.",negative
"In my opinion, The explanation was simple and practical.",positive
"As a student, I am watching this for a college assignment. 😍",neutral
"In my opinion, The information is outdated and not helpful. ❤️",negative
"For me, The editing is fantastic and the content is even better. haha",positive
"Overall, This deserves way more views. 🙌",positive
"Overall, I will come back to this video later! 🔥",neutral
"In my opinion, The comments section has many different opinions.",neutral
"Honestly, Excellent work by the creator. ❤️",positive
The video was uploaded recently.,neutral
"As a student, This channel keeps getting better.",positive
"Finally, There are several examples in the video.",neutral
"As a student, I expected much better from this channel.",negative
"Honestly, The video feels rushed and incomplete.",negative
"After watching this, This topic is discussed in the second half.!!!",neutral
"In my opinion, The explanation was confusing and poorly organized.",negative
"As a beginner, The video covers both theory and examples. 🙌",neutral
"For me, The explanation was confusing and poorly organized. haha",negative
I came here randomly and ended up learning a lot.,positive
"Finally, This was not worth my time.",negative
"In my opinion, This video is absolutely amazing, I learned so much!",positive
"Not gonna lie, This channel keeps getting better.",positive
"Honestly, The video covers both theory and examples. 🔥",neutral
The explanation was confusing and poorly organized.,negative
"Not gonna lie, There is a link mentioned in the description.!!!",neutral
"Honestly, I expected much better from this channel. haha",negative
I watched the whole thing without getting bored. 🔥,positive
"Not gonna lie, The editing is fantastic and the content is even better.",positive
"Personally, The title is misleading.",negative
"Not gonna lie, I could not understand what the creator was trying to say.",negative
"Not gonna lie, This channel keeps getting better. lol",positive
"For me, This is one of the weakest videos on this topic. 🙌",negative
"Honestly, The explanation was confusing and poorly organized.",negative
"In my opinion, This was recommended on my homepage.",neutral
"Not gonna lie, I found this while searching for information.",neutral
"Not gonna lie, The audio quality is terrible.",negative
"For me, I will come back to this video later.",neutral
"Finally, The video is around ten minutes long.",neutral
"personally, this was not worth my time. 😊",negative
"not gonna lie, you explained this topic really well!",positive
"Honestly, I stopped watching halfway through.",negative
"Overall, I stopped watching halfway through.",negative
"Honestly, This video was a complete waste of time.",negative
"Honestly, I will come back to this video later.!!!",neutral
This is a tutorial about the basics.,neutral
"after watching this, i watched this on my phone.",neutral
"In my opinion, The video is around ten minutes long.",neutral
The audio quality is terrible. :),negative
"Personally, I stopped watching halfway through.",negative
"Such a useful video, thank you for sharing.",positive
"As a beginner, The editing is fantastic and the content is even better.",positive
"In my opinion, This video was a complete waste of time. 👍",negative
"For me, Keep making content like this! 😊",positive
"After watching this, Finally someone explained it properly.",positive
"Honestly, I watched this video today. :)",neutral
"as a student, keep making content like this!",positive
"Finally, I did not find this useful at all. 👍",negative
"For me, Very informative and entertaining at the same time. :)",positive
"Personally, This video was a complete waste of time.",negative
"After watching this, This is one of the weakest videos on this topic.",negative
"Overall, The creator answers a few questions in the video.",neutral
"In my opinion, I did not find this useful at all.",negative
"Personally, Great explanation, everything was very clear.",positive
"After watching this, I watched this on my phone.",neutral
"Personally, The video is way too long for such a simple topic.",negative
"Finally, I really enjoyed watching this. 😊",positive
"Not gonna lie, Too many ads and not enough useful information. 👍",negative
"As a student, The explanation was simple and practical. lol",positive
"For me, The explanation was simple and practical.",positive
"As a beginner, The video covers both theory and examples.",neutral
"Not gonna lie, I watched this on my phone.",neutral
"As a student, Very informative and entertaining at the same time. 😊",positive
"Not gonna lie, This topic is discussed in the second half.",neutral
"Finally, The video contains a practical demonstration. 🙌",neutral
"Overall, This video is absolutely amazing, I learned so much! 😂",positive
"Overall, Loved every second of this video!",positive
"In my opinion, I did not find this useful at all.",negative
"Personally, I found this while searching for information.",neutral
"For me, Very disappointing content! haha",negative
"Finally, Excellent work by the creator. haha",positive
"Overall, This explanation made the topic more confusing.",negative
"As a student, Very disappointing content. :)",negative
"In my opinion, You explained this topic really well. 👍",positive
"In my opinion, I am taking notes while watching this.",neutral
"Not gonna lie, Great explanation, everything was very clear. haha",positive
"Finally, The examples made everything easy to understand.",positive
"For me, The video covers both theory and examples.!!!",neutral
"Finally, The examples made everything easy to understand. 😊",positive
"Honestly, The video was uploaded recently.",neutral
"For me, The video is around ten minutes long. ❤️",neutral
"In my opinion, I expected much better from this channel.",negative
I am watching this for a college assignment.,neutral
"Personally, The title is misleading.",negative
"Personally, One of the best videos on this topic.!!!",positive
"After watching this, I stopped watching halfway through.",negative
"Honestly, This topic is discussed in the second half. 😍",neutral
"In my opinion, The explanation was confusing and poorly organized. 🔥",negative
"As a beginner, This is one of the weakest videos on this topic.",negative
"In my opinion, I am watching this for a college assignment.",neutral
"For me, This video helped me solve my problem.",positive
"Not gonna lie, The explanation was simple and practical.",positive
"Honestly, I watched the whole thing without getting bored.",positive
"Personally, This topic is discussed in the second half. lol",neutral
"For me, Loved every second of this video.",positive
"For me, The video is around ten minutes long! 😍",neutral
"Not gonna lie, This is one of the weakest videos on this topic. :)",negative
"As a beginner, This topic is discussed in the second half. 🔥",neutral
"As a beginner, I found this while searching for information.",neutral
"Honestly, The video was uploaded recently. 🔥",neutral
"Finally, The explanation was confusing and poorly organized.",negative
"Personally, Loved every second of this video. lol",positive
"In my opinion, The examples made everything easy to understand. 👍",positive
"Honestly, The creator uses slides to explain the topic. 🙌",neutral
"Not gonna lie, The video was uploaded recently. 👍",neutral
The information is outdated and not helpful. :),negative
"Personally, The video contains a practical demonstration.",neutral
"Honestly, The explanation was simple and practical. 😍",positive
"Honestly, The explanation was simple and practical.",positive
"Not gonna lie, You explained this topic really well.",positive
This topic is discussed in the second half.,neutral
"Honestly, Very disappointing content.",negative
"As a beginner, The title is misleading!",negative
"Honestly, The comments section has many different opinions. 😂",neutral
"Overall, The quality has gone downhill. 🔥",negative
"As a student, The video feels rushed and incomplete.",negative
Excellent work by the creator.,positive
I am watching this for a college assignment. 👍,neutral
"Honestly, The comments section has many different opinions.",neutral
"Not gonna lie, I could not understand what the creator was trying to say.",negative
There is too much unnecessary talking. 😊,negative
"Not gonna lie, I really enjoyed watching this.",positive
"After watching this, The creator answers a few questions in the video. lol",neutral
The video contains a practical demonstration.,neutral
"After watching this, This was recommended on my homepage.",neutral
"In my opinion, The audio quality is terrible!",negative
"As a student, The editing is fantastic and the content is even better.",positive
"Overall, This is exactly what I was looking for.",positive
"As a student, Such a useful video, thank you for sharing. 😊",positive
I really enjoyed watching this.,positive
"As a student, Keep making content like this!",positive
"After watching this, This is one of the weakest videos on this topic. 😂",negative
"As a beginner, The creator answers a few questions in the video. 👍",neutral
This video helped me solve my problem.,positive
"As a student, The title is misleading.!!!",negative
"Honestly, This is exactly what I was looking for. 🔥",positive
"After watching this, The video contains a practical demonstration.",neutral
"Not gonna lie, Great explanation, everything was very clear. lol",positive
The editing is fantastic and the content is even better.,positive
"In my opinion, The creator uses slides to explain the topic. 🙌",neutral
"as a student, the video was uploaded recently.",neutral
"As a student, This was not worth my time.",negative
"In my opinion, You explained this topic really well. 😂",positive
"honestly, i watched this video today. lol",neutral
"after watching this, the video covers both theory and examples. lol",neutral
I am watching this for a college assignment!,neutral
"Finally, This is one of the weakest videos on this topic.",negative
"In my opinion, I could not understand what the creator was trying to say.",negative
"Personally, Very disappointing content. 😊",negative
"As a beginner, The editing is distracting and annoying.",negative
"Finally, I watched this video today. 🙌",neutral
"As a beginner, I regret clicking on this video.",negative
"Honestly, I will come back to this video later. haha",neutral
"Personally, I stopped watching halfway through. 😊",negative
"After watching this, Such a useful video, thank you for sharing. haha",positive
"For me, I am taking notes while watching this.",neutral
"For me, This video is absolutely amazing, I learned so much!",positive
One of the best videos on this topic. :),positive
"For me, This is exactly what I was looking for. lol",positive
"Personally, The video is about the topic mentioned in the title.!!!",neutral
Too many ads and not enough useful information! 😊,negative
"Honestly, Finally someone explained it properly.",positive
"Not gonna lie, There is a link mentioned in the description. 😂",neutral
"Not gonna lie, This video helped me solve my problem. 🙌",positive
"In my opinion, The explanation was simple and practical.",positive
"Personally, The editing is distracting and annoying.",negative
"Not gonna lie, I will come back to this video later.!!!",neutral
"As a beginner, Great explanation, everything was very clear.",positive
The creator uses slides to explain the topic. 👍,neutral
The creator answers a few questions in the video.,neutral
"Honestly, I am watching this for a college assignment.",neutral
"overall, i really enjoyed watching this.",positive
"As a student, This explanation made the topic more confusing.",negative
"Honestly, I am watching this for a college assignment.",neutral
"For me, I regret clicking on this video.",negative
"For me, Keep making content like this!",positive
"Overall, The quality has gone downhill.",negative
"Personally, I expected much better from this channel. 👍",negative
"Honestly, The creator uploaded another video on this topic.",neutral
"Personally, The video is way too long for such a simple topic. 🔥",negative
"For me, I expected much better from this channel. 👍",negative
"Personally, I watched this video today.",neutral
"Personally, This is one of the weakest videos on this topic.",negative
"Honestly, This channel keeps getting better.!!!",positive
"As a beginner, This video was a complete waste of time. 🔥",negative
"As a student, I am taking notes while watching this. ❤️",neutral
"Finally, I could not understand what the creator was trying to say.",negative
"As a beginner, I expected much better from this channel.",negative
"Overall, I regret clicking on this video.",negative
"Finally, I watched this video today.",neutral
"In my opinion, I expected much better from this channel.",negative
"overall, the audio quality is terrible. 😂",negative
"As a beginner, This video is absolutely amazing, I learned so much! 😍",positive
Finally someone explained it properly. 😊,positive
"Honestly, Loved every second of this video.!!!",positive
"In my opinion, The video covers both theory and examples.",neutral
"in my opinion, loved every second of this video.",positive
"Not gonna lie, The video covers both theory and examples. haha",neutral
"Not gonna lie, I am watching this for a college assignment.",neutral
I watched this on my phone.,neutral
"This video is absolutely amazing, I learned so much!",positive
"As a student, This is a tutorial about the basics.",neutral
"After watching this, The explanation was simple and practical.",positive
"Such a useful video, thank you for sharing. 👍",positive
"Honestly, This channel keeps getting better.",positive
"Personally, The video is about the topic mentioned in the title.",neutral
"Personally, The editing is distracting and annoying. 🔥",negative
"Personally, This channel keeps getting better. 🙌",positive
"In my opinion, This is one of the weakest videos on this topic.",negative
"As a beginner, The audio quality is terrible.",negative
"As a beginner, I watched this video today.",neutral
"Personally, The explanation was confusing and poorly organized.",negative
"Overall, This was recommended on my homepage. 🔥",neutral
"Finally, The creator uploaded another video on this topic.",neutral
"As a beginner, I watched this on my phone.",neutral
"Personally, I found this while searching for information.",neutral
"Not gonna lie, Such a useful video, thank you for sharing.",positive
"Overall, The examples made everything easy to understand. haha",positive
"Not gonna lie, This was not worth my time.",negative
"Personally, I really enjoyed watching this.",positive
"Finally, The explanation was simple and practical.",positive
"Overall, The quality has gone downhill. 🙌",negative
"Honestly, The editing is fantastic and the content is even better.",positive
"In my opinion, I watched this video today.",neutral
"Personally, The information is outdated and not helpful. 😊",negative
"As a student, Keep making content like this! 😂",positive
"After watching this, I stopped watching halfway through.",negative
"Personally, This topic is discussed in the second half.",neutral
"Not gonna lie, The video is way too long for such a simple topic.",negative
"After watching this, Very disappointing content. haha",negative
I stopped watching halfway through.,negative
This video was a complete waste of time.,negative
"overall, the video is way too long for such a simple topic.",negative
"Honestly, Excellent work by the creator. haha",positive
"Finally, This deserves way more views.",positive
I really enjoyed watching this. :),positive
"Not gonna lie, Such a useful video, thank you for sharing.",positive
"Finally, I am watching this for a college assignment. lol",neutral
"In my opinion, The creator answers a few questions in the video.",neutral
This is a tutorial about the basics. 😂,neutral
"Overall, The video feels rushed and incomplete. 😊",negative
"In my opinion, The examples made everything easy to understand. ❤️",positive
"not gonna lie, i watched the whole thing without getting bored. ❤️",positive
"Not gonna lie, This is a tutorial about the basics.",neutral
"In my opinion, I could not understand what the creator was trying to say. lol",negative
"For me, This video is absolutely amazing, I learned so much! 😂",positive
"Finally, The comments section has many different opinions.!!!",neutral
"Finally, I regret clicking on this video! 😍",negative
"For me, I expected much better from this channel. haha",negative
"Overall, This topic is discussed in the second half. 🔥",neutral
"Overall, The editing is fantastic and the content is even better.",positive
"In my opinion, The video is around ten minutes long.",neutral
"Finally, I regret clicking on this video.",negative
"After watching this, You explained this topic really well. haha",positive
"Overall, One of the best videos on this topic.",positive
"Not gonna lie, Excellent work by the creator. 👍",positive
"Personally, I did not find this useful at all!",negative
This explanation made the topic more confusing.,negative
"As a student, The explanation was simple and practical. 🔥",positive
"Overall, The explanation was confusing and poorly organized.",negative
"Not gonna lie, The video was uploaded recently.",neutral
"finally, very informative and entertaining at the same time. ❤️",positive
"As a beginner, This was recommended on my homepage.",neutral
"In my opinion, This was not worth my time.",negative
"Personally, There is a link mentioned in the description.",neutral
"Finally, I regret clicking on this video.",negative
"Finally, This channel keeps getting better. 🔥",positive
"After watching this, I am taking notes while watching this. lol",neutral
"personally, this channel keeps getting better.",positive
"In my opinion, There is too much unnecessary talking.",negative
"In my opinion, There is a link mentioned in the description. 🔥",neutral
"Honestly, The title is misleading. 🔥",negative
"As a beginner, The audio quality is terrible.",negative
I really enjoyed watching this.,positive
"Overall, The video is around ten minutes long. lol",neutral
"for me, i expected much better from this channel.",negative
"Not gonna lie, There is a link mentioned in the description. ❤️",neutral
"After watching this, Excellent work by the creator.",positive
the video is around ten minutes long.,neutral
"Not gonna lie, This video was a complete waste of time.!!!",negative
"In my opinion, Great explanation, everything was very clear.",positive
"As a beginner, Excellent work by the creator.",positive
"After watching this, I am taking notes while watching this! lol",neutral
"Honestly, Very informative and entertaining at the same time. 👍",positive
"For me, This deserves way more views! ❤️",positive
"In my opinion, There are several examples in the video. 😍",neutral
"For me, Loved every second of this video!",positive
"Overall, There are several examples in the video. ❤️",neutral
"As a student, There is too much unnecessary talking. 🙌",negative
"For me, This video helped me solve my problem.",positive
"In my opinion, The video is way too long for such a simple topic.",negative
"Finally, Excellent work by the creator.!!!",positive
"As a beginner, I watched this video today.",neutral
"Honestly, I will come back to this video later.",neutral
"finally, i will come back to this video later.",neutral
"After watching this, One of the best videos on this topic.",positive
"As a student, This is exactly what I was looking for. ❤️",positive
"Not gonna lie, The video is around ten minutes long. ❤️",neutral
"After watching this, This video was a complete waste of time.",negative
"Finally, Excellent work by the creator.",positive
"Honestly, There are several examples in the video. ❤️",neutral
"For me, This topic is discussed in the second half.!!!",neutral
"As a beginner, Finally someone explained it properly.",positive
"After watching this, I expected much better from this channel.",negative
"As a student, One of the best videos on this topic.",positive
"Finally, There is too much unnecessary talking. 👍",negative
"After watching this, The audio quality is terrible. lol",negative
"Not gonna lie, I watched this on my phone!",neutral
"as a student, great explanation, everything was very clear. haha",positive
"After watching this, I will come back to this video later.",neutral
"Finally, This video is absolutely amazing, I learned so much!",positive
"For me, The video covers both theory and examples. 🙌",neutral
"Overall, One of the best videos on this topic.",positive
"After watching this, The examples made everything easy to understand.",positive
"Finally, The video contains a practical demonstration.",neutral
"Finally, The video feels rushed and incomplete.",negative
"As a student, I am taking notes while watching this. ❤️",neutral
"honestly, the video is way too long for such a simple topic.",negative
"Not gonna lie, Very informative and entertaining at the same time!",positive
"After watching this, The creator uploaded another video on this topic.",neutral
"As a beginner, There are several examples in the video.!!!",neutral
"Not gonna lie, I watched this video today. 😍",neutral
"Overall, I found this while searching for information.",neutral
"As a beginner, Keep making content like this! 😍",positive
"As a beginner, The creator uploaded another video on this topic.",neutral
"Finally, I could not understand what the creator was trying to say.",negative
"Overall, The creator uploaded another video on this topic.",neutral
"As a beginner, The explanation was confusing and poorly organized. lol",negative
"Overall, I watched the whole thing without getting bored. ❤️",positive
"Finally, Finally someone explained it properly.",positive
"As a beginner, This deserves way more views.",positive
"Finally, Loved every second of this video.",positive
"Finally, The video covers both theory and examples.",neutral
"Personally, One of the best videos on this topic. lol",positive
"Personally, The video covers both theory and examples.",neutral
"In my opinion, The video is around ten minutes long. lol",neutral
"Personally, I expected much better from this channel.",negative
"In my opinion, The creator uploaded another video on this topic. :)",neutral
"As a beginner, There is a link mentioned in the description.",neutral
I am watching this for a college assignment.,neutral
"After watching this, Excellent work by the creator.",positive
"Overall, I really enjoyed watching this.",positive
"Honestly, The quality has gone downhill.!!!",negative
"Overall, The editing is distracting and annoying. :)",negative
"Overall, The creator uploaded another video on this topic.",neutral
"After watching this, There are several examples in the video!",neutral
"Not gonna lie, Too many ads and not enough useful information. haha",negative
"After watching this, I watched the whole thing without getting bored. 🙌",positive
"Finally, I am watching this for a college assignment.!!!",neutral
"As a beginner, The audio quality is terrible. ❤️",negative
"After watching this, I came here randomly and ended up learning a lot. 😍",positive
"Honestly, I stopped watching halfway through. 😍",negative
"As a beginner, The video is about the topic mentioned in the title. ❤️",neutral
"Personally, This is a tutorial about the basics! haha",neutral
"After watching this, I expected much better from this channel. 🔥",negative
"For me, Loved every second of this video. 😊",positive
"In my opinion, Such a useful video, thank you for sharing.",positive
"Finally, The information is outdated and not helpful. 😍",negative
"Honestly, You explained this topic really well.",positive
"Overall, This is a tutorial about the basics. lol",neutral
"After watching this, The comments section has many different opinions. :)",neutral
"For me, You explained this topic really well.",positive
"After watching this, This video is absolutely amazing, I learned so much! 😂",positive
"Overall, I really enjoyed watching this. 😂",positive
"Finally, The examples made everything easy to understand. ❤️",positive
"In my opinion, The examples made everything easy to understand. 😍",positive
"As a beginner, The editing is distracting and annoying. ❤️",negative
"finally, there is too much unnecessary talking.",negative
Excellent work by the creator. ❤️,positive
"Finally, This was not worth my time. lol",negative
"Finally, Excellent work by the creator. lol",positive
"After watching this, I watched this on my phone.",neutral
"Finally, I watched this on my phone. lol",neutral
"After watching this, I did not find this useful at all.",negative
"as a beginner, this is one of the weakest videos on this topic. haha",negative
"For me, The video was uploaded recently.",neutral
"Overall, The quality has gone downhill. 🙌",negative
"overall, this video helped me solve my problem.",positive
"In my opinion, I am watching this for a college assignment.",neutral
"As a beginner, I stopped watching halfway through. 👍",negative
Loved every second of this video.,positive
"Overall, This topic is discussed in the second half.",neutral
"After watching this, The video is about the topic mentioned in the title.!!!",neutral
"As a student, Finally someone explained it properly.",positive
"In my opinion, Loved every second of this video. ❤️",positive
"Honestly, I watched this video today.",neutral
The quality has gone downhill.,negative
"Not gonna lie, The creator uses slides to explain the topic.",neutral
"In my opinion, The video was uploaded recently. haha",neutral
"Overall, This video was a complete waste of time. 😂",negative
"After watching this, This explanation made the topic more confusing. 😍",negative
"As a student, This deserves way more views.",positive
I watched this on my phone.,neutral
"As a student, I stopped watching halfway through.",negative
"Honestly, Excellent work by the creator. haha",positive
"Not gonna lie, I found this while searching for information. 😊",neutral
"Not gonna lie, I found this while searching for information.",neutral
"Overall, Great explanation, everything was very clear.",positive
"after watching this, this video is absolutely amazing, i learned so much! 😍",positive
The comments section has many different opinions. :),neutral
"As a beginner, I watched this video today. lol",neutral
"Finally, The explanation was simple and practical.",positive
"Not gonna lie, This video helped me solve my problem. 👍",positive
"For me, This deserves way more views.",positive
"Honestly, This deserves way more views.",positive
"Honestly, I regret clicking on this video.",negative
"Not gonna lie, This video is absolutely amazing, I learned so much! :)",positive
"Overall, I watched the whole thing without getting bored! 👍",positive
"Overall, This channel keeps getting better.",positive
"As a beginner, The editing is distracting and annoying.!!!",negative
"In my opinion, I regret clicking on this video.",negative
"Honestly, Excellent work by the creator.",positive
"finally, the explanation was confusing and poorly organized.",negative
"As a student, The video is way too long for such a simple topic.",negative
"After watching this, I watched this video today. 🔥",neutral
"Overall, The audio quality is terrible.",negative
"For me, I regret clicking on this video.",negative
"After watching this, The video was uploaded recently.",neutral
"Overall, I watched this on my phone.",neutral
"Finally, This topic is discussed in the second half. haha",neutral
"Personally, One of the best videos on this topic.",positive
"Personally, I regret clicking on this video.",negative
"Personally, This was recommended on my homepage. :)",neutral
"Honestly, The information is outdated and not helpful.",negative
"As a beginner, Keep making content like this!",positive
"Finally, I came here randomly and ended up learning a lot.",positive
"Honestly, The quality has gone downhill.",negative
"Not gonna lie, This video is absolutely amazing, I learned so much! 😍",positive
"personally, this channel keeps getting better.",positive
"Finally, One of the best videos on this topic.",positive
"Finally, This deserves way more views.",positive
"Not gonna lie, I stopped watching halfway through. 😂",negative
"Personally, The video feels rushed and incomplete.",negative
"As a beginner, The title is misleading. 🔥",negative
"Finally, The video feels rushed and incomplete. 👍",negative
"After watching this, I watched the whole thing without getting bored.",positive
"In my opinion, This deserves way more views.",positive
"finally, the examples made everything easy to understand. ❤️",positive
"In my opinion, This video helped me solve my problem. lol",positive
"As a beginner, I watched this on my phone.",neutral
"This video is absolutely amazing, I learned so much!",positive
"For me, This deserves way more views. 😍",positive
"After watching this, I am taking notes while watching this. ❤️",neutral
"Not gonna lie, The video was uploaded recently.",neutral
"Personally, I did not find this useful at all.",negative
"personally, the quality has gone downhill. 😊",negative
"As a student, This topic is discussed in the second half.",neutral
"Overall, This explanation made the topic more confusing.",negative
"In my opinion, I will come back to this video later. ❤️",neutral
"After watching this, This deserves way more views.",positive
"As a student, The comments section has many different opinions.",neutral
"Not gonna lie, Too many ads and not enough useful information.",negative
"As a student, There is a link mentioned in the description.",neutral
"Personally, I watched the whole thing without getting bored.",positive
"Personally, I really enjoyed watching this. haha",positive
"As a beginner, I am watching this for a college assignment.",neutral
"For me, The comments section has many different opinions.",neutral
"As a beginner, This video helped me solve my problem! 🙌",positive
"Personally, I found this while searching for information.",neutral
"Finally, The explanation was simple and practical. :)",positive
"Honestly, This is exactly what I was looking for.",positive
"For me, Very disappointing content.",negative
The video feels rushed and incomplete.,negative
"After watching this, This video was a complete waste of time!",negative
"As a student, I found this while searching for information.",neutral
"As a student, There are several examples in the video.",neutral
"Honestly, The video was uploaded recently.",neutral
"As a student, The editing is distracting and annoying.",negative
"Honestly, I did not find this useful at all. 👍",negative
"Not gonna lie, The explanation was simple and practical.",positive
"In my opinion, The explanation was confusing and poorly organized. 🔥",negative
"Not gonna lie, The video contains a practical demonstration. 😊",neutral
"Personally, I am taking notes while watching this.",neutral
"For me, There is a link mentioned in the description. 👍",neutral
"not gonna lie, there is a link mentioned in the description. haha",neutral
"Personally, I regret clicking on this video. :)",negative
"Not gonna lie, You explained this topic really well.",positive
"Personally, Finally someone explained it properly!",positive
"Overall, This is a tutorial about the basics. lol",neutral
"As a student, The quality has gone downhill. :)",negative
You explained this topic really well. 😊,positive
"For me, The video covers both theory and examples.",neutral
"In my opinion, Finally someone explained it properly.!!!",positive
"As a student, You explained this topic really well. 😍",positive
"For me, I really enjoyed watching this. 😍",positive
"As a student, This explanation made the topic more confusing!",negative
"Overall, The video is around ten minutes long.",neutral
"Overall, Very informative and entertaining at the same time.",positive
"For me, Excellent work by the creator. lol",positive
"As a student, The video feels rushed and incomplete.",negative
"As a beginner, I stopped watching halfway through. 🔥",negative
"For me, The video is about the topic mentioned in the title.",neutral
"For me, I found this while searching for information.",neutral
"Personally, This video was a complete waste of time!",negative
"After watching this, The editing is fantastic and the content is even better. 😂",positive
"Finally, I really enjoyed watching this.",positive
"Personally, The video is about the topic mentioned in the title. 😊",neutral
"After watching this, This is a tutorial about the basics.",neutral
"In my opinion, The video covers both theory and examples.",neutral
"In my opinion, I am taking notes while watching this.",neutral
"Overall, Too many ads and not enough useful information.",negative
"As a beginner, The explanation was simple and practical. :)",positive
"Personally, The audio quality is terrible.",negative
This channel keeps getting better. 😊,positive
"Personally, I regret clicking on this video.",negative
"For me, This deserves way more views!",positive
"Finally, The quality has gone downhill.",negative
"As a beginner, The explanation was confusing and poorly organized.",negative
"As a beginner, The video is way too long for such a simple topic.",negative
"For me, This was recommended on my homepage.",neutral
The video contains a practical demonstration.!!!,neutral
"Overall, Finally someone explained it properly. 👍",positive
"Personally, This channel keeps getting better.",positive
"For me, This video was a complete waste of time.",negative
"Honestly, This channel keeps getting better.",positive
"Overall, The title is misleading.",negative
"After watching this, The editing is distracting and annoying.",negative
"after watching this, i am watching this for a college assignment.",neutral
"Overall, I expected much better from this channel. haha",negative
"Personally, The video is way too long for such a simple topic.",negative
"Honestly, One of the best videos on this topic.",positive
"For me, The examples made everything easy to understand.",positive
"As a student, The explanation was confusing and poorly organized.",negative
"for me, i watched the whole thing without getting bored.",positive
"Honestly, This is exactly what I was looking for.",positive
"As a student, The information is outdated and not helpful. 😂",negative
"Such a useful video, thank you for sharing.",positive
"Finally, This was recommended on my homepage!",neutral
"For me, Finally someone explained it properly.",positive
"For me, I expected much better from this channel.",negative
"Personally, The editing is distracting and annoying. :)",negative
"As a beginner, The comments section has many different opinions.",neutral
"Not gonna lie, Great explanation, everything was very clear.",positive
"After watching this, The audio quality is terrible.",negative
"Personally, I watched this video today.",neutral
"For me, Great explanation, everything was very clear.",positive
"Personally, I stopped watching halfway through. 👍",negative
"As a beginner, The video is way too long for such a simple topic.",negative
"Personally, This topic is discussed in the second half.",neutral
"As a beginner, There are several examples in the video.",neutral
"As a student, You explained this topic really well. 😊",positive
"For me, The video covers both theory and examples. 👍",neutral
"Honestly, I regret clicking on this video.",negative
This topic is discussed in the second half. haha,neutral
"Finally, The audio quality is terrible.",negative
"Honestly, Too many ads and not enough useful information.",negative
"For me, The creator uses slides to explain the topic. haha",neutral
i am watching this for a college assignment.,neutral
"In my opinion, I am taking notes while watching this.",neutral
"As a student, The video is way too long for such a simple topic.",negative
"As a student, This was recommended on my homepage. 😂",neutral
"As a student, Great explanation, everything was very clear. lol",positive
"Honestly, This video helped me solve my problem.",positive
"Personally, The explanation was simple and practical.",positive
You explained this topic really well.,positive
"Finally, This explanation made the topic more confusing.",negative
"As a student, Too many ads and not enough useful information.",negative
"As a student, The video was uploaded recently. :)",neutral
"For me, The video feels rushed and incomplete. 😊",negative
This was recommended on my homepage.,neutral
"Honestly, Too many ads and not enough useful information. lol",negative
"As a student, I stopped watching halfway through.",negative
"finally, this video helped me solve my problem. 🙌",positive
I watched this on my phone. haha,neutral
"In my opinion, I regret clicking on this video. haha",negative
"as a beginner, this topic is discussed in the second half.",neutral
"Not gonna lie, I stopped watching halfway through.",negative
"Personally, Great explanation, everything was very clear.",positive
"As a beginner, The video is around ten minutes long.",neutral
"As a student, The quality has gone downhill. :)",negative
"Finally, There are several examples in the video.",neutral
The video contains a practical demonstration.,neutral
"Not gonna lie, I am taking notes while watching this.",neutral
"Personally, The examples made everything easy to understand. 👍",positive
"In my opinion, This is one of the weakest videos on this topic.",negative
"For me, I watched the whole thing without getting bored.",positive
"As a beginner, The quality has gone downhill.",negative
"Overall, This is one of the weakest videos on this topic! 🙌",negative
"In my opinion, I expected much better from this channel. 🔥",negative
"Not gonna lie, This deserves way more views. 😍",positive
"As a beginner, This was not worth my time!",negative
"Honestly, I expected much better from this channel.",negative
"As a student, This channel keeps getting better. 👍",positive
"Not gonna lie, This video was a complete waste of time. :)",negative
"After watching this, I did not find this useful at all.!!!",negative
"in my opinion, there is too much unnecessary talking.",negative
"Honestly, This is exactly what I was looking for.",positive
"Honestly, Great explanation, everything was very clear.",positive
"After watching this, I watched this video today. :)",neutral
"Personally, The creator uses slides to explain the topic. 😊",neutral
"Personally, There is a link mentioned in the description.",neutral
"As a student, I really enjoyed watching this.",positive
"Personally, Such a useful video, thank you for sharing.",positive
"Personally, I am taking notes while watching this.",neutral
"In my opinion, The title is misleading. 🙌",negative
"Finally, I did not find this useful at all.",negative
"For me, I could not understand what the creator was trying to say.",negative
"As a student, This video helped me solve my problem.",positive
"As a beginner, This channel keeps getting better.!!!",positive
"Finally, Loved every second of this video! lol",positive
"As a beginner, I am watching this for a college assignment. :)",neutral
the creator uses slides to explain the topic.,neutral
I will come back to this video later.!!!,neutral
"as a student, such a useful video, thank you for sharing.",positive
"As a student, You explained this topic really well.",positive
"Honestly, I am taking notes while watching this. ❤️",neutral
"Finally, One of the best videos on this topic.",positive
"Honestly, I found this while searching for information.",neutral
"In my opinion, Very informative and entertaining at the same time! 🔥",positive
"Honestly, This video was a complete waste of time. :)",negative
"Overall, I did not find this useful at all.",negative
"Overall, I am watching this for a college assignment.",neutral
"As a beginner, You explained this topic really well. 👍",positive
"As a beginner, The quality has gone downhill.",negative
"Finally, Too many ads and not enough useful information.",negative
The video is about the topic mentioned in the title.,neutral
"For me, This is exactly what I was looking for.",positive
"As a student, I am taking notes while watching this. 👍",neutral
"Finally, This explanation made the topic more confusing. 😂",negative
"For me, One of the best videos on this topic.",positive
"After watching this, This topic is discussed in the second half.",neutral
"As a beginner, The quality has gone downhill.",negative
"After watching this, The video was uploaded recently.",neutral
"honestly, finally someone explained it properly.",positive
"In my opinion, The examples made everything easy to understand. 😍",positive
"After watching this, This is a tutorial about the basics.",neutral
"Not gonna lie, Great explanation, everything was very clear.",positive
"Finally, I watched the whole thing without getting bored. :)",positive
"Honestly, I am watching this for a college assignment. 😊",neutral
"Personally, I came here randomly and ended up learning a lot. :)",positive
"Not gonna lie, This video helped me solve my problem. haha",positive
"Personally, The video is around ten minutes long.",neutral
"Not gonna lie, Too many ads and not enough useful information.",negative
"As a beginner, The video is around ten minutes long.",neutral
"Not gonna lie, The video covers both theory and examples.",neutral
I watched this video today.,neutral
"After watching this, I found this while searching for information. 🔥",neutral
The creator answers a few questions in the video.,neutral
"finally, the explanation was simple and practical.",positive
"In my opinion, I came here randomly and ended up learning a lot.",positive
"Not gonna lie, There are several examples in the video.",neutral
"As a student, Very informative and entertaining at the same time. 😂",positive
"For me, There is a link mentioned in the description!",neutral
"As a beginner, This video was a complete waste of time!",negative
This video helped me solve my problem. 🙌,positive
"Overall, There is a link mentioned in the description.",neutral
"Finally, Excellent work by the creator.",positive
"Finally, The explanation was confusing and poorly organized.",negative
"Personally, Too many ads and not enough useful information.",negative
"Personally, The explanation was simple and practical.",positive
"Finally, The audio quality is terrible.",negative
"After watching this, This deserves way more views. 😍",positive
"Overall, The information is outdated and not helpful. haha",negative
"Finally, This channel keeps getting better! 😍",positive
"As a beginner, Loved every second of this video. ❤️",positive
"for me, the title is misleading. 🙌",negative
"Overall, This was recommended on my homepage.",neutral
"As a student, Very informative and entertaining at the same time.",positive
"As a student, Loved every second of this video.",positive
"In my opinion, The explanation was confusing and poorly organized. 👍",negative
"Personally, Very disappointing content.",negative
"After watching this, I found this while searching for information.",neutral
"finally, i am watching this for a college assignment.",neutral
"In my opinion, Such a useful video, thank you for sharing.",positive
"As a beginner, There is too much unnecessary talking. 😊",negative
"For me, The editing is fantastic and the content is even better.",positive
"As a beginner, There is a link mentioned in the description.",neutral
"As a student, I expected much better from this channel.",negative
"Honestly, There is too much unnecessary talking. 🙌",negative
Loved every second of this video.,positive
"personally, such a useful video, thank you for sharing.",positive
"Personally, This video was a complete waste of time. 🙌",negative
"Overall, This is exactly what I was looking for.",positive
"Personally, Finally someone explained it properly. lol",positive
"Overall, The creator uses slides to explain the topic.",neutral
"As a student, I will come back to this video later. 👍",neutral
"Overall, Very informative and entertaining at the same time.",positive
"Not gonna lie, This was recommended on my homepage. lol",neutral
"Personally, Very informative and entertaining at the same time. :)",positive
"As a beginner, The quality has gone downhill.",negative
"After watching this, This video was a complete waste of time. ❤️",negative
"In my opinion, The video contains a practical demonstration.",neutral
"Not gonna lie, Very disappointing content.",negative
"As a beginner, The video is about the topic mentioned in the title.",neutral
"As a beginner, I watched the whole thing without getting bored.",positive
"For me, This topic is discussed in the second half.!!!",neutral
"After watching this, Excellent work by the creator.",positive
"For me, This video was a complete waste of time. 😊",negative
"In my opinion, Too many ads and not enough useful information.",negative
"As a beginner, This channel keeps getting better.",positive
"Finally, The video covers both theory and examples.",neutral
"Finally, Finally someone explained it properly. haha",positive
"Not gonna lie, This topic is discussed in the second half. 😂",neutral
"For me, The video is around ten minutes long. 🔥",neutral
"Personally, The video feels rushed and incomplete. lol",negative
"Personally, The video contains a practical demonstration.",neutral
"Not gonna lie, There are several examples in the video.",neutral
"After watching this, The comments section has many different opinions. lol",neutral
The explanation was simple and practical.,positive
I did not find this useful at all.,negative
"In my opinion, Such a useful video, thank you for sharing.",positive
"After watching this, The audio quality is terrible.",negative
"For me, The video is around ten minutes long.",neutral
"Personally, This channel keeps getting better.",positive
I came here randomly and ended up learning a lot!,positive
"Personally, This video was a complete waste of time.",negative
"As a student, I watched this video today. :)",neutral
"Not gonna lie, The video feels rushed and incomplete.",negative
"Not gonna lie, The video was uploaded recently. 🔥",neutral
"In my opinion, The video was uploaded recently.",neutral
"Finally, This video is absolutely amazing, I learned so much! 👍",positive
"Overall, The creator uses slides to explain the topic.",neutral
"As a beginner, The video was uploaded recently.",neutral
"Personally, One of the best videos on this topic.",positive
"Not gonna lie, I expected much better from this channel.!!!",negative
"For me, I stopped watching halfway through.",negative
"In my opinion, This was recommended on my homepage. 👍",neutral
"As a student, The video covers both theory and examples. haha",neutral
"As a beginner, Too many ads and not enough useful information.",negative
Very informative and entertaining at the same time.,positive
"Not gonna lie, There is too much unnecessary talking. ❤️",negative
I expected much better from this channel.,negative
"Personally, This was not worth my time. haha",negative
"Personally, I expected much better from this channel.",negative
"Finally, This was recommended on my homepage. 👍",neutral
"In my opinion, Very informative and entertaining at the same time. 🙌",positive
"Not gonna lie, I watched the whole thing without getting bored. 🔥",positive
"In my opinion, The editing is distracting and annoying. 😂",negative
"In my opinion, The explanation was simple and practical. 😂",positive
"Honestly, This video helped me solve my problem.",positive
"for me, the video is around ten minutes long. 🔥",neutral
"Overall, This video helped me solve my problem. 🔥",positive
"Not gonna lie, The title is misleading.",negative
The explanation was confusing and poorly organized.,negative
"As a beginner, Keep making content like this! 🔥",positive
This was recommended on my homepage. 🙌,neutral
This video was a complete waste of time. 🔥,negative
there is a link mentioned in the description.,neutral
"As a student, The creator uses slides to explain the topic.!!!",neutral
"In my opinion, The explanation was confusing and poorly organized.",negative
"Finally, The editing is distracting and annoying.",negative
"Overall, I came here randomly and ended up learning a lot.",positive
"Honestly, I am taking notes while watching this.",neutral
"As a beginner, This is one of the weakest videos on this topic.",negative
"Not gonna lie, I did not find this useful at all. lol",negative
Finally someone explained it properly.,positive
"For me, There is too much unnecessary talking.",negative
Very informative and entertaining at the same time.,positive
"Honestly, The title is misleading. haha",negative
"As a beginner, This is a tutorial about the basics. 🔥",neutral
"Personally, I am watching this for a college assignment.",neutral
"Overall, I could not understand what the creator was trying to say. 😍",negative
"In my opinion, The creator uses slides to explain the topic! 😍",neutral
"Honestly, I came here randomly and ended up learning a lot. ❤️",positive
Very disappointing content.,negative
"After watching this, I am watching this for a college assignment.",neutral
"For me, Great explanation, everything was very clear.!!!",positive
"Not gonna lie, Great explanation, everything was very clear. 👍",positive
"Overall, I expected much better from this channel.",negative
"For me, Loved every second of this video. haha",positive
"Finally, The explanation was simple and practical.",positive
"As a beginner, The editing is fantastic and the content is even better. 😂",positive
"Not gonna lie, Excellent work by the creator.",positive
The creator uploaded another video on this topic.,neutral
"in my opinion, this video helped me solve my problem.",positive
"After watching this, This video was a complete waste of time! 👍",negative
"In my opinion, There are several examples in the video. 👍",neutral
"Not gonna lie, The video is way too long for such a simple topic.",negative
The comments section has many different opinions.,neutral
"Honestly, I could not understand what the creator was trying to say.!!!",negative
"After watching this, This is one of the weakest videos on this topic! haha",negative
This was not worth my time.,negative
There is a link mentioned in the description. ❤️,neutral
"In my opinion, I stopped watching halfway through.!!!",negative
"after watching this, the creator answers a few questions in the video.",neutral
"Personally, The video contains a practical demonstration. ❤️",neutral
"Finally, One of the best videos on this topic. lol",positive
"As a beginner, The examples made everything easy to understand.",positive
"In my opinion, This was not worth my time.",negative
"Such a useful video, thank you for sharing. 😂",positive
"Honestly, I came here randomly and ended up learning a lot.",positive
"after watching this, i watched the whole thing without getting bored.",positive
"For me, This was not worth my time.",negative
"In my opinion, The creator uploaded another video on this topic. :)",neutral
"Personally, There are several examples in the video.",neutral
"Not gonna lie, I came here randomly and ended up learning a lot.",positive
"As a student, The title is misleading.",negative
"As a student, You explained this topic really well.",positive
"Honestly, The audio quality is terrible.",negative
"As a beginner, I found this while searching for information. ❤️",neutral
"After watching this, There is too much unnecessary talking! :)",negative
"After watching this, Too many ads and not enough useful information.",negative
"In my opinion, Keep making content like this!",positive
"after watching this, the video is about the topic mentioned in the title.",neutral
"After watching this, I really enjoyed watching this. 👍",positive
"after watching this, this explanation made the topic more confusing.",negative
"As a beginner, Keep making content like this! ❤️",positive
The creator uploaded another video on this topic.,neutral
"Personally, I am watching this for a college assignment.",neutral
"Personally, The creator uploaded another video on this topic.",neutral
"Not gonna lie, I watched this video today.",neutral
"Overall, Such a useful video, thank you for sharing.",positive
"not gonna lie, this video helped me solve my problem. 😂",positive
"In my opinion, This is exactly what I was looking for.",positive
"Finally, The video was uploaded recently.",neutral
"Honestly, There is a link mentioned in the description.",neutral
"In my opinion, This is one of the weakest videos on this topic. 😂",negative
"Not gonna lie, The video feels rushed and incomplete.",negative
"Overall, There is too much unnecessary talking.!!!",negative
"For me, The information is outdated and not helpful. :)",negative
"For me, The quality has gone downhill. 😍",negative
"Personally, One of the best videos on this topic.",positive
"Honestly, I am taking notes while watching this. 😍",neutral
"Not gonna lie, The audio quality is terrible.",negative
"As a beginner, The information is outdated and not helpful.",negative
"For me, I could not understand what the creator was trying to say. 😂",negative
"In my opinion, This was not worth my time.",negative
"Personally, The explanation was simple and practical. :)",positive
Very disappointing content.,negative
"In my opinion, There is too much unnecessary talking.",negative
"In my opinion, The editing is fantastic and the content is even better. lol",positive
"Honestly, One of the best videos on this topic. 😂",positive
The video is way too long for such a simple topic.,negative
"For me, The creator uses slides to explain the topic.",neutral
"After watching this, The video covers both theory and examples.",neutral
"Honestly, Such a useful video, thank you for sharing.",positive
"Overall, The video is way too long for such a simple topic.",negative
"Finally, This explanation made the topic more confusing.",negative
"As a student, Keep making content like this!",positive
"As a beginner, The video covers both theory and examples. haha",neutral
"After watching this, The quality has gone downhill.",negative
"Not gonna lie, I watched the whole thing without getting bored.",positive
This was recommended on my homepage.,neutral
"Honestly, Very disappointing content. haha",negative
"As a student, Such a useful video, thank you for sharing. 🙌",positive
"Finally, One of the best videos on this topic.",positive
"For me, The video is way too long for such a simple topic. 🙌",negative
The creator answers a few questions in the video.,neutral
"Overall, There is too much unnecessary talking. 😂",negative
"As a beginner, I watched the whole thing without getting bored.",positive
"as a student, the explanation was simple and practical. 😍",positive
"After watching this, The comments section has many different opinions.",neutral
"For me, Very disappointing content.",negative
"Overall, You explained this topic really well.",positive
"Not gonna lie, Such a useful video, thank you for sharing.!!!",positive
"As a student, This deserves way more views. 😂",positive
"As a beginner, There is too much unnecessary talking.",negative
"Overall, The creator uses slides to explain the topic.",neutral
"in my opinion, the explanation was confusing and poorly organized. 😊",negative
"As a beginner, The creator uses slides to explain the topic. 🙌",neutral
"After watching this, Such a useful video, thank you for sharing.",positive
"Honestly, The quality has gone downhill.!!!",negative
"After watching this, The comments section has many different opinions! 😂",neutral
"As a beginner, This was recommended on my homepage.",neutral
"Personally, This video was a complete waste of time.",negative
"Personally, This was recommended on my homepage.",neutral
"After watching this, The comments section has many different opinions.",neutral
"Overall, The quality has gone downhill.",negative
"Finally, I did not find this useful at all. haha",negative
"In my opinion, There is too much unnecessary talking. :)",negative
"As a student, You explained this topic really well. 😊",positive
"Finally, Very informative and entertaining at the same time.!!!",positive
"Honestly, The video covers both theory and examples.",neutral
"As a beginner, The creator uses slides to explain the topic!",neutral
"Overall, The quality has gone downhill.",negative
"For me, The explanation was simple and practical. haha",positive
"in my opinion, i could not understand what the creator was trying to say.",negative
"Finally, This topic is discussed in the second half! 😂",neutral
"For me, One of the best videos on this topic.",positive
"For me, The video contains a practical demonstration.",neutral
"Honestly, This video was a complete waste of time. :)",negative
"Personally, This was recommended on my homepage!",neutral
"Finally, The video contains a practical demonstration.",neutral
"not gonna lie, this topic is discussed in the second half.",neutral
"In my opinion, This video helped me solve my problem.",positive
"Finally, The video is about the topic mentioned in the title.",neutral
"As a student, Such a useful video, thank you for sharing. 😂",positive
"Not gonna lie, Very informative and entertaining at the same time.",positive
"Personally, The video is around ten minutes long.",neutral
"After watching this, The information is outdated and not helpful.",negative
"As a student, The video was uploaded recently. 👍",neutral
"Honestly, I regret clicking on this video.",negative
"In my opinion, The audio quality is terrible. haha",negative
"Not gonna lie, Too many ads and not enough useful information.",negative
"Honestly, The title is misleading.!!!",negative
"After watching this, There is too much unnecessary talking.",negative
"Personally, This is one of the weakest videos on this topic.",negative
"personally, excellent work by the creator. 😍",positive
"As a student, I found this while searching for information. 😍",neutral
"Finally, The information is outdated and not helpful. 😂",negative
"In my opinion, I came here randomly and ended up learning a lot.",positive
"Honestly, This channel keeps getting better. lol",positive
"Personally, I watched this on my phone.",neutral
"Personally, The editing is fantastic and the content is even better. 🔥",positive
"Overall, The video contains a practical demonstration. :)",neutral
"Finally, Too many ads and not enough useful information. 🙌",negative
"As a beginner, I watched this video today. 🔥",neutral
"As a student, Loved every second of this video.",positive
"Not gonna lie, There are several examples in the video. 😊",neutral
"Honestly, I regret clicking on this video. haha",negative
There is a link mentioned in the description.,neutral
"as a beginner, i could not understand what the creator was trying to say.",negative
"Honestly, I will come back to this video later. :)",neutral
This deserves way more views.,positive
"After watching this, The title is misleading.",negative
"In my opinion, This is one of the weakest videos on this topic. 😂",negative
"Personally, The comments section has many different opinions.",neutral
"In my opinion, This was not worth my time.",negative
"As a student, The editing is fantastic and the content is even better. haha",positive
"Finally, I stopped watching halfway through.",negative
"honestly, one of the best videos on this topic. 👍",positive
The comments section has many different opinions.,neutral
"After watching this, Keep making content like this! 😂",positive
"As a student, I watched this on my phone.",neutral
I expected much better from this channel. 😂,negative
"Overall, The video feels rushed and incomplete. :)",negative
"After watching this, There is too much unnecessary talking. 🔥",negative
"in my opinion, you explained this topic really well. 😍",positive
"as a student, there is a link mentioned in the description. 😍",neutral
"Overall, The creator answers a few questions in the video.",neutral
"In my opinion, This topic is discussed in the second half.",neutral
"As a beginner, The editing is fantastic and the content is even better.",positive
"Not gonna lie, I am watching this for a college assignment.",neutral
"As a beginner, There are several examples in the video.",neutral
"not gonna lie, i stopped watching halfway through.",negative
"Overall, The video is about the topic mentioned in the title.",neutral
This is exactly what I was looking for.,positive
"Not gonna lie, The video feels rushed and incomplete.!!!",negative
"Personally, I watched the whole thing without getting bored!",positive
"Not gonna lie, This deserves way more views.",positive
"overall, i am taking notes while watching this. lol",neutral
"Finally, I will come back to this video later. ❤️",neutral
"Honestly, Such a useful video, thank you for sharing.",positive
"Overall, This topic is discussed in the second half.",neutral
"In my opinion, I did not find this useful at all.",negative
"Personally, Too many ads and not enough useful information.",negative
"Not gonna lie, The creator answers a few questions in the video.",neutral
"As a beginner, I am watching this for a college assignment! ❤️",neutral
"In my opinion, The creator uses slides to explain the topic. :)",neutral
"Finally, The video contains a practical demonstration.",neutral
"Overall, Such a useful video, thank you for sharing. ❤️",positive
"in my opinion, the video contains a practical demonstration. 🙌",neutral
"As a beginner, You explained this topic really well. 😊",positive
I expected much better from this channel. lol,negative
This explanation made the topic more confusing.,negative
The video is around ten minutes long. lol,neutral
"After watching this, The quality has gone downhill. 😂",negative
"For me, Finally someone explained it properly.",positive
"Not gonna lie, I came here randomly and ended up learning a lot.",positive
"Finally, The explanation was confusing and poorly organized.",negative
"Personally, There is a link mentioned in the description.",neutral
"As a student, The video feels rushed and incomplete.",negative
"For me, Too many ads and not enough useful information. :)",negative
"Not gonna lie, I really enjoyed watching this.",positive
"As a student, The audio quality is terrible. lol",negative
"In my opinion, I found this while searching for information.",neutral
"Not gonna lie, The creator uploaded another video on this topic. 🔥",neutral
"Not gonna lie, The comments section has many different opinions.",neutral
"Finally, I stopped watching halfway through.",negative
"Finally, Excellent work by the creator. 😂",positive
"Honestly, This was not worth my time.",negative
"Not gonna lie, The editing is distracting and annoying.",negative
I stopped watching halfway through.,negative
"personally, excellent work by the creator. 🔥",positive
"Finally, The title is misleading.",negative
"After watching this, There are several examples in the video.",neutral
"Not gonna lie, Loved every second of this video.",positive
"After watching this, The video feels rushed and incomplete. 😍",negative
"After watching this, I will come back to this video later.",neutral
"For me, The creator uploaded another video on this topic. 😍",neutral
"As a beginner, This video helped me solve my problem!",positive
The explanation was simple and practical.,positive
"Personally, Keep making content like this!",positive
"As a student, Excellent work by the creator.",positive
"In my opinion, The creator uploaded another video on this topic. 🙌",neutral
"Overall, Excellent work by the creator.",positive
"As a beginner, I am watching this for a college assignment.",neutral
"As a student, Excellent work by the creator. :)",positive
"For me, The video is way too long for such a simple topic.",negative
"In my opinion, I could not understand what the creator was trying to say. 👍",negative
"Overall, This is exactly what I was looking for. 👍",positive
The video is about the topic mentioned in the title. 🔥,neutral
"After watching this, One of the best videos on this topic. 🔥",positive
"For me, Excellent work by the creator.",positive
"As a beginner, Such a useful video, thank you for sharing. lol",positive
"In my opinion, The title is misleading.",negative
The information is outdated and not helpful! :),negative
Excellent work by the creator. 👍,positive
"Overall, I stopped watching halfway through.",negative
"As a student, I am watching this for a college assignment.",neutral
"Finally, The explanation was confusing and poorly organized.",negative
The comments section has many different opinions.,neutral
"not gonna lie, there is a link mentioned in the description. lol",neutral
"After watching this, The information is outdated and not helpful.",negative
"Honestly, Great explanation, everything was very clear. 🙌",positive
The video covers both theory and examples. :),neutral
"As a beginner, This topic is discussed in the second half.",neutral
"For me, Loved every second of this video.",positive
"Not gonna lie, The creator answers a few questions in the video.",neutral
"Not gonna lie, Great explanation, everything was very clear.",positive
"Not gonna lie, This channel keeps getting better. 😊",positive
"Personally, I expected much better from this channel.",negative
"As a beginner, The quality has gone downhill. :)",negative
"In my opinion, This was not worth my time. 😂",negative
"Personally, One of the best videos on this topic.",positive
"Overall, There is too much unnecessary talking.",negative
"In my opinion, The comments section has many different opinions. haha",neutral
"Overall, I did not find this useful at all.",negative
"Personally, The editing is distracting and annoying.",negative
"Overall, I watched this on my phone. 😂",neutral
"Finally, This is one of the weakest videos on this topic.",negative
"In my opinion, I am taking notes while watching this. lol",neutral
"For me, I watched this video today.",neutral
"Not gonna lie, This video is absolutely amazing, I learned so much!",positive
"In my opinion, I am watching this for a college assignment. lol",neutral
"Overall, The video is way too long for such a simple topic.",negative
"As a beginner, Very disappointing content.",negative
"Personally, Very disappointing content. 😍",negative
"As a student, I really enjoyed watching this. 😍",positive
"in my opinion, loved every second of this video.",positive
"Personally, The video was uploaded recently.",neutral
"Not gonna lie, I could not understand what the creator was trying to say. 😂",negative
"Overall, I came here randomly and ended up learning a lot.",positive
"Overall, This channel keeps getting better. lol",positive
"not gonna lie, this channel keeps getting better. lol",positive
"Honestly, I am taking notes while watching this.",neutral
"Overall, I could not understand what the creator was trying to say. lol",negative
"In my opinion, There is too much unnecessary talking!",negative
"Honestly, The title is misleading. 😊",negative
"For me, This explanation made the topic more confusing. 😂",negative
"In my opinion, I watched the whole thing without getting bored. 😍",positive
Very disappointing content. 👍,negative
"After watching this, I watched the whole thing without getting bored.",positive
"After watching this, Excellent work by the creator.",positive
"After watching this, The creator answers a few questions in the video. 👍",neutral
"For me, You explained this topic really well.",positive
"In my opinion, The title is misleading.",negative
This video helped me solve my problem.,positive
The video is way too long for such a simple topic. :),negative
"As a student, Great explanation, everything was very clear. 🔥",positive
"Personally, Too many ads and not enough useful information. lol",negative
"in my opinion, this video helped me solve my problem. haha",positive
I could not understand what the creator was trying to say.,negative
"Honestly, The video is way too long for such a simple topic.",negative
"As a beginner, I watched the whole thing without getting bored.",positive
"honestly, the creator uses slides to explain the topic. 😊",neutral
"For me, I found this while searching for information.!!!",neutral
"As a student, There is too much unnecessary talking. 😍",negative
"Personally, The video is about the topic mentioned in the title. haha",neutral
"For me, I did not find this useful at all. 😊",negative
"As a beginner, The video is around ten minutes long. 👍",neutral
"Not gonna lie, The examples made everything easy to understand. ❤️",positive
"For me, I stopped watching halfway through. ❤️",negative
"Overall, This was recommended on my homepage.",neutral
"Honestly, I am taking notes while watching this. 🔥",neutral
"Not gonna lie, The comments section has many different opinions!",neutral
"Honestly, I watched this on my phone.",neutral
"Honestly, I watched the whole thing without getting bored.",positive
"For me, There is too much unnecessary talking.",negative
"As a beginner, This is one of the weakest videos on this topic!",negative
"Personally, The information is outdated and not helpful.",negative
"In my opinion, This is a tutorial about the basics.",neutral
"For me, There are several examples in the video.",neutral
"Personally, I found this while searching for information. lol",neutral
"Overall, I stopped watching halfway through.",negative
"For me, This video is absolutely amazing, I learned so much!",positive
"After watching this, This is a tutorial about the basics!",neutral
"Honestly, I am taking notes while watching this. 🙌",neutral
"As a beginner, The creator uses slides to explain the topic. 😊",neutral
"As a student, I am taking notes while watching this.",neutral
This channel keeps getting better.!!!,positive
"As a beginner, I will come back to this video later.",neutral
"honestly, the editing is fantastic and the content is even better.",positive
"As a student, This explanation made the topic more confusing. ❤️",negative
"For me, I regret clicking on this video.",negative
"Overall, There are several examples in the video.",neutral
"After watching this, Finally someone explained it properly. 👍",positive
Very informative and entertaining at the same time. 👍,positive
"as a beginner, this is one of the weakest videos on this topic. :)",negative
"After watching this, The information is outdated and not helpful.",negative
"Not gonna lie, The video contains a practical demonstration. :)",neutral
"in my opinion, such a useful video, thank you for sharing. 😍",positive
"Personally, This deserves way more views. 🔥",positive
"After watching this, The editing is distracting and annoying.",negative
"After watching this, Such a useful video, thank you for sharing.",positive
"After watching this, This was recommended on my homepage. 😂",neutral
"Not gonna lie, I could not understand what the creator was trying to say.",negative
"As a student, The audio quality is terrible. lol",negative
"Overall, Very disappointing content.",negative
"Honestly, Great explanation, everything was very clear.",positive
This is exactly what I was looking for.,positive
the title is misleading.,negative
i am watching this for a college assignment.,neutral
"As a beginner, The video is about the topic mentioned in the title.",neutral
"Not gonna lie, You explained this topic really well. lol",positive
"As a student, I watched this on my phone.",neutral
"As a student, I am watching this for a college assignment. 😊",neutral
"Honestly, The video is way too long for such a simple topic.",negative
"In my opinion, The video contains a practical demonstration.",neutral
"Finally, I am taking notes while watching this. :)",neutral
"For me, This video helped me solve my problem. 🔥",positive
"As a beginner, The video is way too long for such a simple topic. 🙌",negative
"Overall, I am watching this for a college assignment.",neutral
"For me, I regret clicking on this video.",negative
"Personally, This channel keeps getting better.",positive
"As a beginner, The explanation was simple and practical. 👍",positive
"As a student, I could not understand what the creator was trying to say. 😍",negative
"Finally, The video feels rushed and incomplete. haha",negative
"Overall, I am taking notes while watching this.",neutral
"Finally, This was recommended on my homepage.",neutral
"For me, The information is outdated and not helpful.",negative
"In my opinion, The explanation was confusing and poorly organized.",negative
"In my opinion, The editing is fantastic and the content is even better.",positive
"Finally, Excellent work by the creator.",positive
"As a beginner, The video is about the topic mentioned in the title.",neutral
"As a beginner, Finally someone explained it properly. lol",positive
"After watching this, I could not understand what the creator was trying to say. 🔥",negative
The audio quality is terrible. lol,negative
"Personally, The video was uploaded recently.",neutral
"In my opinion, The audio quality is terrible.",negative
"Honestly, Very informative and entertaining at the same time.",positive
"For me, I found this while searching for information.",neutral
"In my opinion, There is a link mentioned in the description.",neutral
"Overall, This explanation made the topic more confusing.",negative
"After watching this, The explanation was confusing and poorly organized. 😍",negative
"Finally, The video was uploaded recently. 😂",neutral
"As a beginner, The editing is distracting and annoying. 🔥",negative
"Honestly, I did not find this useful at all!",negative
"For me, I am watching this for a college assignment.",neutral
"Not gonna lie, This explanation made the topic more confusing. 🙌",negative
"As a student, The information is outdated and not helpful.",negative
"Personally, The video contains a practical demonstration. haha",neutral
I watched this on my phone.,neutral
"Finally, This was recommended on my homepage.",neutral
"personally, this deserves way more views.",positive
"Personally, I watched this video today. 😍",neutral
"Finally, I will come back to this video later. 😂",neutral
"Honestly, I watched this video today.",neutral
"In my opinion, Keep making content like this!",positive
"For me, There are several examples in the video.",neutral
"As a student, The information is outdated and not helpful.",negative
"Overall, There is a link mentioned in the description. 👍",neutral
"Personally, Such a useful video, thank you for sharing.",positive
"Personally, Excellent work by the creator.",positive
"Personally, The video is around ten minutes long.",neutral
"For me, Excellent work by the creator. ❤️",positive
"Personally, The examples made everything easy to understand.",positive
"overall, i found this while searching for information. 😂",neutral
"As a student, This is a tutorial about the basics. 😂",neutral
"Finally, The explanation was confusing and poorly organized.",negative
"Overall, The explanation was confusing and poorly organized.",negative
"not gonna lie, i am watching this for a college assignment.",neutral
"Honestly, Very informative and entertaining at the same time. 🔥",positive
"For me, I did not find this useful at all. ❤️",negative
"After watching this, I could not understand what the creator was trying to say. 😊",negative
"In my opinion, I stopped watching halfway through. 👍",negative
"Personally, I stopped watching halfway through. 🙌",negative
The creator uses slides to explain the topic. 🔥,neutral
"After watching this, I did not find this useful at all.",negative
"Honestly, The creator answers a few questions in the video. haha",neutral
"Not gonna lie, The explanation was simple and practical.",positive
"Finally, One of the best videos on this topic. 👍",positive
"Overall, The video is way too long for such a simple topic. haha",negative
"honestly, there is a link mentioned in the description. 😂",neutral
"After watching this, I watched the whole thing without getting bored.",positive
"Finally, Such a useful video, thank you for sharing. ❤️",positive
"for me, the creator uploaded another video on this topic.",neutral
"For me, The video is about the topic mentioned in the title.!!!",neutral
"Finally, The title is misleading.",negative
"After watching this, This was recommended on my homepage.",neutral
"As a student, The editing is fantastic and the content is even better. haha",positive
"Overall, The video feels rushed and incomplete. haha",negative
"Personally, One of the best videos on this topic.",positive
"As a beginner, I stopped watching halfway through.",negative
"Honestly, I watched this video today.",neutral
"Honestly, There is too much unnecessary talking.!!!",negative
"Personally, This topic is discussed in the second half. 😂",neutral
"For me, Very disappointing content.",negative
"For me, This was recommended on my homepage.",neutral
"For me, I really enjoyed watching this. ❤️",positive
"For me, This explanation made the topic more confusing! 😊",negative
"As a student, This channel keeps getting better. 😂",positive
"Overall, Such a useful video, thank you for sharing.",positive
"As a student, Finally someone explained it properly.",positive
"As a student, I came here randomly and ended up learning a lot.!!!",positive
"as a student, i could not understand what the creator was trying to say.",negative
"For me, I stopped watching halfway through.",negative
"As a beginner, This topic is discussed in the second half.",neutral
"Great explanation, everything was very clear.",positive
"For me, I could not understand what the creator was trying to say. 😍",negative
"For me, I will come back to this video later. 😂",neutral
"Finally, The quality has gone downhill.",negative
"As a beginner, The title is misleading.",negative
"Overall, Finally someone explained it properly.!!!",positive
"As a beginner, This video helped me solve my problem.",positive
"As a student, You explained this topic really well!",positive
"Personally, Loved every second of this video. 🙌",positive
"Honestly, I expected much better from this channel.",negative
"Honestly, Great explanation, everything was very clear.",positive
"Overall, I did not find this useful at all. 🙌",negative
"After watching this, The video is about the topic mentioned in the title. 😍",neutral
"as a student, this video was a complete waste of time.",negative
"Finally, The editing is distracting and annoying. haha",negative
"As a beginner, This was recommended on my homepage.",neutral
"For me, The comments section has many different opinions.",neutral
"Finally, I stopped watching halfway through. haha",negative
"After watching this, I will come back to this video later. ❤️",neutral
"After watching this, I stopped watching halfway through. 🙌",negative
"Honestly, Keep making content like this! 👍",positive
"Honestly, The creator uses slides to explain the topic.",neutral
"Finally, This video was a complete waste of time. 😂",negative
"As a beginner, The comments section has many different opinions! 🔥",neutral
I am taking notes while watching this. 😍,neutral
"For me, The editing is fantastic and the content is even better. ❤️",positive
"As a student, Too many ads and not enough useful information.",negative
"Overall, Such a useful video, thank you for sharing. lol",positive
"Honestly, There is a link mentioned in the description.!!!",neutral
"As a beginner, This video helped me solve my problem. 😂",positive
"For me, I stopped watching halfway through.",negative
"After watching this, The video feels rushed and incomplete.",negative
"As a beginner, I could not understand what the creator was trying to say. 😂",negative
"Honestly, I really enjoyed watching this.",positive
"As a beginner, The audio quality is terrible. 😊",negative
"personally, i am watching this for a college assignment.",neutral
"honestly, finally someone explained it properly.",positive
"Not gonna lie, The video covers both theory and examples.",neutral
"For me, The video is about the topic mentioned in the title. ❤️",neutral
"Not gonna lie, This video is absolutely amazing, I learned so much!",positive
"Honestly, The comments section has many different opinions.!!!",neutral
"For me, There are several examples in the video.",neutral
The explanation was simple and practical. ❤️,positive
"Overall, The video covers both theory and examples.",neutral
"For me, The editing is distracting and annoying. 😊",negative
"personally, i watched this video today!",neutral
"Honestly, The video covers both theory and examples. 🙌",neutral
"Finally, This channel keeps getting better.",positive
"Overall, Very disappointing content.",negative
"In my opinion, The creator uses slides to explain the topic.",neutral
"As a student, Great explanation, everything was very clear. 👍",positive
"Not gonna lie, Keep making content like this!",positive
"As a student, This channel keeps getting better. :)",positive
"As a beginner, Great explanation, everything was very clear.",positive
"Finally, There are several examples in the video.",neutral
"As a student, Keep making content like this!",positive
"As a student, I watched the whole thing without getting bored. 😂",positive
"After watching this, I stopped watching halfway through.",negative
"Overall, I did not find this useful at all.",negative
"Honestly, This explanation made the topic more confusing!",negative
"Overall, I am watching this for a college assignment! 😂",neutral
"After watching this, The creator uploaded another video on this topic.",neutral
"As a beginner, I regret clicking on this video.",negative
"As a beginner, The examples made everything easy to understand!",positive
"Personally, I will come back to this video later.",neutral
"Honestly, This channel keeps getting better!",positive
"As a beginner, The comments section has many different opinions.",neutral
"For me, This video is absolutely amazing, I learned so much!",positive
"After watching this, Great explanation, everything was very clear.!!!",positive
"After watching this, The information is outdated and not helpful.",negative
"Overall, This topic is discussed in the second half. 😂",neutral
"Not gonna lie, The video feels rushed and incomplete.",negative
"Not gonna lie, Too many ads and not enough useful information.",negative
"Overall, The video is around ten minutes long.",neutral
The video is way too long for such a simple topic.,negative
"Personally, I watched this video today. haha",neutral
"Honestly, This is a tutorial about the basics.",neutral
"After watching this, This channel keeps getting better!",positive
"honestly, i will come back to this video later.",neutral
"Not gonna lie, The video covers both theory and examples. 😍",neutral
"For me, This deserves way more views.",positive
I could not understand what the creator was trying to say.,negative
"Honestly, I did not find this useful at all.",negative
This channel keeps getting better. ❤️,positive
"Overall, One of the best videos on this topic.",positive
"Overall, This was recommended on my homepage.!!!",neutral
"Overall, The explanation was simple and practical.",positive
"as a beginner, the video is about the topic mentioned in the title.",neutral
"Not gonna lie, I expected much better from this channel.",negative
"Not gonna lie, I regret clicking on this video.",negative
"For me, This is one of the weakest videos on this topic.",negative
"Overall, The video is way too long for such a simple topic. 👍",negative
"As a beginner, The editing is distracting and annoying. 👍",negative
"After watching this, This was not worth my time. 👍",negative
"As a student, This is a tutorial about the basics. 🙌",neutral
"Personally, I watched this on my phone. ❤️",neutral
"Personally, The explanation was simple and practical. :)",positive
"Honestly, I am taking notes while watching this.",neutral
"after watching this, great explanation, everything was very clear. lol",positive
"overall, this video was a complete waste of time. 😊",negative
"overall, this was recommended on my homepage!",neutral
"For me, Very disappointing content. lol",negative
"As a student, Excellent work by the creator.",positive
"As a beginner, Very informative and entertaining at the same time.",positive
"Honestly, Excellent work by the creator. 😊",positive
"Finally, Keep making content like this!",positive
"Honestly, The comments section has many different opinions.",neutral
"As a student, There are several examples in the video.",neutral
"In my opinion, Very disappointing content.",negative
"Not gonna lie, Loved every second of this video. haha",positive
The video covers both theory and examples. 🙌,neutral
"Finally, The information is outdated and not helpful. 🔥",negative
"overall, i stopped watching halfway through!!!!",negative
"After watching this, The explanation was simple and practical. 😍",positive
"Overall, This video helped me solve my problem.",positive
"After watching this, There is too much unnecessary talking. 😂",negative
"As a student, This explanation made the topic more confusing.",negative
"Finally, I will come back to this video later. haha",neutral
The video covers both theory and examples.,neutral
"For me, I watched the whole thing without getting bored.!!!",positive
"After watching this, This channel keeps getting better.",positive
"As a beginner, This is one of the weakest videos on this topic.",negative
"overall, one of the best videos on this topic.",positive
The creator uploaded another video on this topic.,neutral
"Personally, The information is outdated and not helpful.",negative
the title is misleading. 😊,negative
"As a beginner, I regret clicking on this video. lol",negative
"Finally, The video feels rushed and incomplete. ❤️",negative
"As a student, This is exactly what I was looking for. 👍",positive
"For me, Such a useful video, thank you for sharing. lol",positive
"Personally, I am watching this for a college assignment. lol",neutral
"Personally, This explanation made the topic more confusing.",negative
"Overall, Very disappointing content.",negative
"Finally, I could not understand what the creator was trying to say.",negative
"Personally, The examples made everything easy to understand.",positive
"After watching this, The video contains a practical demonstration.",neutral
"As a student, The audio quality is terrible.",negative
"Overall, The editing is distracting and annoying.",negative
"Not gonna lie, The video is way too long for such a simple topic. ❤️",negative
"For me, I watched this video today. 🙌",neutral
"As a student, The editing is fantastic and the content is even better. 😍",positive
"Overall, I watched this video today.",neutral
"Overall, I stopped watching halfway through. 👍",negative
"Honestly, Too many ads and not enough useful information.",negative
"For me, The editing is fantastic and the content is even better!",positive
"Overall, The video covers both theory and examples.",neutral
"For me, I watched the whole thing without getting bored. 😊",positive
"As a beginner, The video is around ten minutes long.",neutral
"Overall, This topic is discussed in the second half.",neutral
"As a student, The editing is fantastic and the content is even better.",positive
"For me, This is one of the weakest videos on this topic! 🔥",negative
This was not worth my time.,negative
"Overall, There is too much unnecessary talking.",negative
"Finally, This was not worth my time.",negative
"as a beginner, i stopped watching halfway through.",negative
"As a beginner, The explanation was simple and practical!",positive
"Not gonna lie, I am watching this for a college assignment!!!!",neutral
"After watching this, This video helped me solve my problem. haha",positive
"As a beginner, I watched this on my phone. ❤️",neutral
"Honestly, This deserves way more views.",positive
"Overall, The video is around ten minutes long.",neutral
"Overall, I regret clicking on this video.",negative
"not gonna lie, the comments section has many different opinions.",neutral
"For me, The editing is fantastic and the content is even better. lol",positive
"Honestly, You explained this topic really well.",positive
"For me, The creator uses slides to explain the topic. lol",neutral
"For me, Loved every second of this video. 👍",positive
"Not gonna lie, The video contains a practical demonstration.",neutral
"as a student, the creator uses slides to explain the topic.",neutral
"not gonna lie, this video is absolutely amazing, i learned so much!",positive
"Finally, I watched this video today! 👍",neutral
"Honestly, This deserves way more views!",positive
"Overall, I watched the whole thing without getting bored.",positive
"After watching this, The explanation was simple and practical.!!!",positive
"After watching this, This is one of the weakest videos on this topic.",negative
"Finally, The video covers both theory and examples.",neutral
"In my opinion, This was recommended on my homepage.",neutral
"Not gonna lie, You explained this topic really well. 🔥",positive
"For me, The video covers both theory and examples. 🙌",neutral
I am taking notes while watching this.,neutral
"Honestly, The editing is fantastic and the content is even better.",positive
"Finally, One of the best videos on this topic.",positive
"In my opinion, This is exactly what I was looking for.",positive
"As a student, This was recommended on my homepage.",neutral
"Overall, The quality has gone downhill.",negative
"Not gonna lie, The creator uses slides to explain the topic. 😂",neutral
I did not find this useful at all. 😊,negative
"Personally, Excellent work by the creator.",positive
"As a student, I am watching this for a college assignment.",neutral
The explanation was simple and practical. ❤️,positive
"In my opinion, This is exactly what I was looking for.",positive
"For me, There is a link mentioned in the description.",neutral
"not gonna lie, the video feels rushed and incomplete! 😍",negative
"As a beginner, I am watching this for a college assignment. 👍",neutral
"In my opinion, Very informative and entertaining at the same time.",positive
"For me, This is one of the weakest videos on this topic.",negative
"Overall, I really enjoyed watching this.",positive
"After watching this, There is too much unnecessary talking.",negative
"For me, The explanation was simple and practical.",positive
"Not gonna lie, This video was a complete waste of time.",negative
"After watching this, This is one of the weakest videos on this topic.",negative
"For me, The editing is distracting and annoying! 😊",negative
The creator answers a few questions in the video.,neutral
"as a beginner, finally someone explained it properly. haha",positive
"As a beginner, This video was a complete waste of time.",negative
"Overall, This topic is discussed in the second half. lol",neutral
"In my opinion, The examples made everything easy to understand.",positive
"As a student, Keep making content like this!",positive
"As a student, This video is absolutely amazing, I learned so much!",positive
"In my opinion, This deserves way more views. 😂",positive
This channel keeps getting better.,positive
"Overall, This is a tutorial about the basics.",neutral
"In my opinion, There are several examples in the video.",neutral
"As a beginner, I came here randomly and ended up learning a lot.",positive
"After watching this, I did not find this useful at all.",negative
"After watching this, This video was a complete waste of time. 🔥",negative
"Not gonna lie, This is exactly what I was looking for.!!!",positive
"For me, This deserves way more views.",positive
"Personally, This is a tutorial about the basics. :)",neutral
"In my opinion, The audio quality is terrible. 😂",negative
"For me, You explained this topic really well. 🙌",positive
"For me, I watched the whole thing without getting bored! haha",positive
"As a beginner, The video is way too long for such a simple topic.",negative
"Personally, The editing is distracting and annoying.",negative
"As a student, The comments section has many different opinions.",neutral
"Honestly, I will come back to this video later.",neutral
This was recommended on my homepage. 😊,neutral
"Honestly, This is one of the weakest videos on this topic.",negative
"After watching this, One of the best videos on this topic. 😊",positive
"In my opinion, I watched this on my phone.",neutral
"In my opinion, This was not worth my time.",negative
"After watching this, The quality has gone downhill.!!!",negative
"Finally, I found this while searching for information. 🔥",neutral
"As a student, This is a tutorial about the basics. 😂",neutral
"Not gonna lie, The explanation was simple and practical.!!!",positive
"After watching this, The video feels rushed and incomplete! 😂",negative
"Overall, This is a tutorial about the basics!",neutral
"For me, The video contains a practical demonstration.",neutral
"Overall, This topic is discussed in the second half.",neutral
"In my opinion, Loved every second of this video.",positive
"As a beginner, The title is misleading.",negative
"Personally, This is a tutorial about the basics. 🙌",neutral
"As a beginner, I am watching this for a college assignment.",neutral
"Not gonna lie, The creator uploaded another video on this topic.",neutral
"After watching this, The quality has gone downhill. 😍",negative
"After watching this, The video covers both theory and examples. 😊",neutral
"In my opinion, There is too much unnecessary talking.",negative
"As a beginner, There is a link mentioned in the description. 😍",neutral
"Overall, There are several examples in the video.",neutral
"After watching this, I really enjoyed watching this. 😊",positive
"As a beginner, The title is misleading.",negative
"After watching this, This video helped me solve my problem.",positive
"Honestly, I will come back to this video later.",neutral
This was not worth my time.,negative
"In my opinion, The creator uploaded another video on this topic. 😊",neutral
"In my opinion, The explanation was simple and practical.",positive
"Personally, Finally someone explained it properly.!!!",positive
"Finally, The explanation was simple and practical.",positive
The video contains a practical demonstration.,neutral
"honestly, i could not understand what the creator was trying to say.",negative
"After watching this, Keep making content like this!",positive
"As a beginner, This video was a complete waste of time.",negative
"Honestly, I found this while searching for information.",neutral
This is one of the weakest videos on this topic.,negative
"For me, This was not worth my time.",negative
"For me, Excellent work by the creator. 👍",positive
"Overall, There is too much unnecessary talking.",negative
The information is outdated and not helpful.,negative
"For me, This was not worth my time. lol",negative
"As a beginner, I watched this video today. 😍",neutral
"not gonna lie, keep making content like this!",positive
The video is around ten minutes long. 😂,neutral
Very informative and entertaining at the same time.,positive
"As a beginner, The video contains a practical demonstration.",neutral
"Finally, The explanation was confusing and poorly organized.",negative
the video feels rushed and incomplete. 😂,negative
"honestly, such a useful video, thank you for sharing. haha",positive
"For me, Finally someone explained it properly. 🔥",positive
"As a student, The editing is fantastic and the content is even better.",positive
"after watching this, the information is outdated and not helpful. 😊",negative
"As a student, Very informative and entertaining at the same time.",positive
"Personally, The video is way too long for such a simple topic.",negative
"In my opinion, Excellent work by the creator. lol",positive
"For me, This is one of the weakest videos on this topic.",negative
"Honestly, The editing is fantastic and the content is even better. lol",positive
"Overall, I expected much better from this channel.",negative
"Finally, The quality has gone downhill.",negative
"As a student, One of the best videos on this topic.",positive
"Honestly, This is one of the weakest videos on this topic.",negative
"As a beginner, The explanation was confusing and poorly organized. 👍",negative
"After watching this, The video feels rushed and incomplete.",negative
"As a student, I am taking notes while watching this.",neutral
"Honestly, The video is around ten minutes long.",neutral
"For me, The audio quality is terrible. :)",negative
"Finally, The examples made everything easy to understand.",positive
"In my opinion, There are several examples in the video. 🙌",neutral
"For me, There are several examples in the video.",neutral
"Honestly, I am watching this for a college assignment. ❤️",neutral
"Overall, This video is absolutely amazing, I learned so much! lol",positive
"In my opinion, I watched this on my phone.",neutral
Too many ads and not enough useful information.,negative
"Not gonna lie, The video feels rushed and incomplete. 😍",negative
"As a beginner, There are several examples in the video!",neutral
"Finally, The video is about the topic mentioned in the title.",neutral
"After watching this, The editing is fantastic and the content is even better.",positive
"As a student, The explanation was simple and practical.",positive
"Honestly, The comments section has many different opinions.",neutral
"Overall, The video feels rushed and incomplete. 😂",negative
"As a beginner, Such a useful video, thank you for sharing. 😂",positive
"Not gonna lie, The title is misleading. 👍",negative
"After watching this, Such a useful video, thank you for sharing. 🔥",positive
"Not gonna lie, Great explanation, everything was very clear. :)",positive
"Overall, This video helped me solve my problem. :)",positive
"in my opinion, i am watching this for a college assignment. 😊",neutral
"As a beginner, I really enjoyed watching this. 🔥",positive
"Personally, This was recommended on my homepage.",neutral
"For me, I am watching this for a college assignment. ❤️",neutral
"After watching this, I am taking notes while watching this.",neutral
"As a student, There is too much unnecessary talking.",negative
"Personally, Loved every second of this video. ❤️",positive
"For me, The video is about the topic mentioned in the title.",neutral
"As a student, I really enjoyed watching this. haha",positive
"As a beginner, The video contains a practical demonstration. ❤️",neutral
"Finally, There is too much unnecessary talking! haha",negative
"Finally, The editing is distracting and annoying! ❤️",negative
"Overall, The title is misleading.",negative
I regret clicking on this video.,negative
"As a student, The editing is distracting and annoying. lol",negative
"Not gonna lie, I watched this on my phone. 😂",neutral
"Finally, I came here randomly and ended up learning a lot.!!!",positive
"Overall, This video is absolutely amazing, I learned so much!",positive
"Not gonna lie, The comments section has many different opinions. lol",neutral
"Not gonna lie, This video is absolutely amazing, I learned so much! haha",positive
"For me, The comments section has many different opinions.",neutral
"For me, I am watching this for a college assignment. ❤️",neutral
"As a student, You explained this topic really well. 😂",positive
"Finally, The creator answers a few questions in the video.",neutral
"As a student, This explanation made the topic more confusing. lol",negative
"in my opinion, this deserves way more views. 👍",positive
"Finally, The video covers both theory and examples.",neutral
"Not gonna lie, This was not worth my time.!!!",negative
"Not gonna lie, There is a link mentioned in the description.",neutral
"Personally, You explained this topic really well.",positive
"As a beginner, I watched this video today.",neutral
"After watching this, The video contains a practical demonstration. 😊",neutral
"As a beginner, I did not find this useful at all.",negative
"As a beginner, Finally someone explained it properly.",positive
"Not gonna lie, I really enjoyed watching this. 😊",positive
"In my opinion, The video was uploaded recently.",neutral
"As a student, There are several examples in the video.",neutral
"Not gonna lie, The video contains a practical demonstration.",neutral
"for me, the audio quality is terrible.",negative
"Not gonna lie, The creator uploaded another video on this topic!",neutral
"As a beginner, The editing is fantastic and the content is even better.",positive
"As a beginner, Such a useful video, thank you for sharing.",positive
"Overall, Such a useful video, thank you for sharing.",positive
"As a student, The video is around ten minutes long. 🙌",neutral
"As a student, Excellent work by the creator. 👍",positive
"As a beginner, This video was a complete waste of time. 😍",negative
I am watching this for a college assignment.,neutral
"As a student, I did not find this useful at all. 🔥",negative
"Personally, You explained this topic really well.",positive
"Not gonna lie, There are several examples in the video.",neutral
"After watching this, This is a tutorial about the basics. 😍",neutral
"as a student, this is exactly what i was looking for.",positive
"As a student, The creator answers a few questions in the video. 😍",neutral
"Personally, Loved every second of this video. haha",positive
Too many ads and not enough useful information.,negative
"Overall, The editing is distracting and annoying.",negative
"For me, There are several examples in the video! lol",neutral
"as a beginner, i regret clicking on this video. :)",negative
"For me, The creator uses slides to explain the topic.",neutral
"For me, The explanation was confusing and poorly organized. 👍",negative
"Personally, The creator uses slides to explain the topic. :)",neutral
"Overall, I could not understand what the creator was trying to say. :)",negative
"Honestly, I watched the whole thing without getting bored. 😊",positive
"In my opinion, The quality has gone downhill!",negative
"Honestly, The examples made everything easy to understand.!!!",positive
"In my opinion, The video is around ten minutes long!",neutral
"Personally, This video helped me solve my problem. lol",positive
"Overall, There is too much unnecessary talking.",negative
"As a beginner, Very informative and entertaining at the same time.!!!",positive
the examples made everything easy to understand. 🔥,positive
"For me, The examples made everything easy to understand.",positive
"As a beginner, The explanation was confusing and poorly organized.",negative
"As a student, I regret clicking on this video.",negative
"Overall, This video was a complete waste of time. 😂",negative
"Not gonna lie, I am taking notes while watching this! 🔥",neutral
"For me, The video was uploaded recently. 😍",neutral
"For me, I expected much better from this channel.",negative
"As a beginner, The quality has gone downhill. 🔥",negative
"As a beginner, Great explanation, everything was very clear. 😊",positive
The quality has gone downhill. haha,negative
"personally, the video is around ten minutes long. 🔥",neutral
"As a student, This deserves way more views.",positive
"Personally, I came here randomly and ended up learning a lot.",positive
"In my opinion, I am watching this for a college assignment.",neutral
"For me, This is a tutorial about the basics.",neutral
"As a student, Loved every second of this video.",positive
"Not gonna lie, The video covers both theory and examples.",neutral
"Honestly, There is a link mentioned in the description.",neutral
"After watching this, This deserves way more views.",positive
"As a student, The video feels rushed and incomplete. 👍",negative
"Finally, This explanation made the topic more confusing!",negative
"Honestly, Very disappointing content. 😂",negative
"as a student, i could not understand what the creator was trying to say.",negative
"Not gonna lie, There are several examples in the video. :)",neutral
"As a student, One of the best videos on this topic.",positive
"After watching this, I found this while searching for information.",neutral
"Overall, The information is outdated and not helpful.",negative
"Finally, Too many ads and not enough useful information.",negative
"As a student, Too many ads and not enough useful information. 😍",negative
"As a beginner, There are several examples in the video.",neutral
"For me, This video is absolutely amazing, I learned so much!",positive
"As a beginner, I regret clicking on this video.",negative
"Not gonna lie, Keep making content like this! 😊",positive
"Overall, Very disappointing content.",negative
"Overall, This was recommended on my homepage. :)",neutral
"In my opinion, The creator answers a few questions in the video.",neutral
"As a student, The editing is fantastic and the content is even better. 🙌",positive
"in my opinion, this video was a complete waste of time.",negative
"As a beginner, Excellent work by the creator.",positive
"Honestly, I found this while searching for information. :)",neutral
"For me, The examples made everything easy to understand.",positive
"Not gonna lie, Too many ads and not enough useful information. 🙌",negative
"Personally, One of the best videos on this topic. 🔥",positive
"As a beginner, One of the best videos on this topic. 😂",positive
"As a student, The creator uploaded another video on this topic. haha",neutral
"As a student, The examples made everything easy to understand.",positive
"Not gonna lie, Finally someone explained it properly.",positive
"In my opinion, One of the best videos on this topic. 👍",positive
"Honestly, I regret clicking on this video. 😊",negative
"For me, The video contains a practical demonstration.",neutral
"Finally, I am watching this for a college assignment.",neutral
"As a beginner, I watched this on my phone. lol",neutral
"After watching this, The explanation was simple and practical.",positive
I expected much better from this channel. 🔥,negative
"Not gonna lie, Great explanation, everything was very clear. 😂",positive
This topic is discussed in the second half. 😍,neutral
"After watching this, I will come back to this video later!",neutral
"Honestly, There is a link mentioned in the description. 😊",neutral
"As a student, I expected much better from this channel.",negative
"Personally, The video is around ten minutes long.",neutral
"Overall, This deserves way more views. 😊",positive
"Honestly, This was not worth my time.",negative
"As a beginner, The comments section has many different opinions.",neutral
"Honestly, Very disappointing content.",negative
"in my opinion, the explanation was confusing and poorly organized. 😊",negative
"Honestly, This channel keeps getting better.",positive
I stopped watching halfway through! 🙌,negative
This explanation made the topic more confusing. 😍,negative
"Not gonna lie, Keep making content like this!!!!",positive
"For me, The creator uploaded another video on this topic. 😊",neutral
"not gonna lie, i regret clicking on this video. 🔥",negative
"In my opinion, I came here randomly and ended up learning a lot.",positive
"Not gonna lie, The video feels rushed and incomplete.",negative
"Personally, I did not find this useful at all. 😂",negative
"As a beginner, I could not understand what the creator was trying to say.",negative
"In my opinion, Finally someone explained it properly. 🔥",positive
"Finally, I stopped watching halfway through.",negative
"Overall, The examples made everything easy to understand.",positive
"Finally, The explanation was simple and practical!",positive
"As a student, I am taking notes while watching this.",neutral
"as a beginner, finally someone explained it properly. 😊",positive
The creator uploaded another video on this topic. 🙌,neutral
"Honestly, The quality has gone downhill. 😂",negative
"As a beginner, The video is about the topic mentioned in the title. 😊",neutral
"After watching this, Too many ads and not enough useful information.",negative
"In my opinion, This was recommended on my homepage.",neutral
"Personally, The information is outdated and not helpful.",negative
"After watching this, The video was uploaded recently.",neutral
"Not gonna lie, Great explanation, everything was very clear. 😊",positive
"Overall, The video covers both theory and examples. 👍",neutral
"personally, very disappointing content. 😂",negative
"Overall, The video contains a practical demonstration. 😊",neutral
"Overall, This explanation made the topic more confusing. 😍",negative
The examples made everything easy to understand.,positive
"After watching this, The information is outdated and not helpful.",negative
"Not gonna lie, This deserves way more views.",positive
"After watching this, Very disappointing content. ❤️",negative
"Personally, The creator answers a few questions in the video. haha",neutral
"After watching this, I could not understand what the creator was trying to say.",negative
"Overall, This is one of the weakest videos on this topic.",negative
"After watching this, Excellent work by the creator.",positive
"Personally, The explanation was simple and practical.",positive
I regret clicking on this video. 🙌,negative
"As a student, Loved every second of this video.!!!",positive
"Honestly, This is one of the weakest videos on this topic.",negative
"As a student, The examples made everything easy to understand.",positive
"Honestly, The examples made everything easy to understand.",positive
"In my opinion, The video was uploaded recently.",neutral
"Honestly, Excellent work by the creator. :)",positive
This explanation made the topic more confusing.,negative
"as a beginner, i really enjoyed watching this. 😊",positive
"Not gonna lie, The video was uploaded recently.",neutral
"After watching this, I came here randomly and ended up learning a lot.",positive
"Not gonna lie, There is too much unnecessary talking. 👍",negative
"Honestly, The explanation was simple and practical!",positive
"As a beginner, I really enjoyed watching this.",positive
"Not gonna lie, Loved every second of this video.",positive
"as a beginner, one of the best videos on this topic. 😊",positive
"Overall, This video was a complete waste of time.",negative
"Not gonna lie, The creator answers a few questions in the video. ❤️",neutral
"As a beginner, I am watching this for a college assignment.",neutral
"As a student, Excellent work by the creator.",positive
"After watching this, The title is misleading.",negative
"Personally, The information is outdated and not helpful.",negative
"Honestly, There is a link mentioned in the description.",neutral
"After watching this, There are several examples in the video.",neutral
"For me, Loved every second of this video. 🙌",positive
I really enjoyed watching this.,positive
"As a beginner, This topic is discussed in the second half.",neutral
"Personally, Great explanation, everything was very clear.",positive
"As a student, This video was a complete waste of time. 😊",negative
The comments section has many different opinions. 😂,neutral
"Personally, The video is way too long for such a simple topic.!!!",negative
"Personally, The title is misleading.",negative
"As a student, I found this while searching for information.",neutral
this topic is discussed in the second half. 😂,neutral
"for me, the explanation was simple and practical. lol",positive
"Not gonna lie, The information is outdated and not helpful.",negative
"After watching this, The audio quality is terrible.",negative
"Finally, The quality has gone downhill.",negative
"Personally, This video helped me solve my problem.",positive
"Finally, The examples made everything easy to understand.",positive
"After watching this, I will come back to this video later.",neutral
"In my opinion, The video covers both theory and examples. 🔥",neutral
I watched this video today. 🔥,neutral
"In my opinion, Too many ads and not enough useful information.",negative
"Honestly, This video is absolutely amazing, I learned so much!",positive
The creator uses slides to explain the topic. lol,neutral
"Finally, The video is about the topic mentioned in the title.",neutral
The examples made everything easy to understand.,positive
"Personally, Loved every second of this video.",positive
"Overall, The explanation was confusing and poorly organized.",negative
"Overall, Loved every second of this video. 😊",positive
"As a student, This video is absolutely amazing, I learned so much!",positive
"In my opinion, This is a tutorial about the basics.",neutral
"As a student, The video is around ten minutes long. lol",neutral
"For me, There is too much unnecessary talking.",negative
"After watching this, I watched the whole thing without getting bored.",positive
"In my opinion, The title is misleading.",negative
"Honestly, The video feels rushed and incomplete.",negative
"Honestly, The comments section has many different opinions.",neutral
The video covers both theory and examples.,neutral
"Personally, This was not worth my time.",negative
"Honestly, The examples made everything easy to understand.",positive
"As a beginner, I expected much better from this channel.",negative
"Personally, Very disappointing content.",negative
"in my opinion, the creator uses slides to explain the topic.",neutral
"Overall, Very disappointing content.",negative
"Not gonna lie, One of the best videos on this topic.",positive
"Not gonna lie, The explanation was simple and practical. 😍",positive
"In my opinion, The video contains a practical demonstration.",neutral
This topic is discussed in the second half. 😍,neutral
"In my opinion, Such a useful video, thank you for sharing.",positive
"Finally, Very informative and entertaining at the same time.",positive
"Honestly, This video is absolutely amazing, I learned so much! 😂",positive
"Honestly, I watched this video today.",neutral
"Honestly, I regret clicking on this video.",negative
"Overall, I watched this on my phone.",neutral
"as a beginner, the creator uses slides to explain the topic.",neutral
"As a beginner, You explained this topic really well. 🙌",positive
"As a student, Very informative and entertaining at the same time.",positive
"Finally, You explained this topic really well!",positive
The editing is distracting and annoying.,negative
"As a student, The audio quality is terrible. 🙌",negative
"For me, Too many ads and not enough useful information.",negative
"As a beginner, I came here randomly and ended up learning a lot.",positive
"After watching this, I really enjoyed watching this.",positive
Very disappointing content.,negative
"Overall, Excellent work by the creator.",positive
"For me, Excellent work by the creator.",positive
"Honestly, This is a tutorial about the basics. ❤️",neutral
"Finally, The explanation was simple and practical. 🙌",positive
"As a beginner, This was not worth my time. :)",negative
"Not gonna lie, The video is around ten minutes long. 🙌",neutral
"Finally, I stopped watching halfway through.",negative
"Finally, The explanation was simple and practical. ❤️",positive
"As a beginner, This video is absolutely amazing, I learned so much!",positive
"Overall, Such a useful video, thank you for sharing.",positive
"After watching this, This deserves way more views. :)",positive
"As a student, The comments section has many different opinions.",neutral
I expected much better from this channel.!!!,negative
"For me, I did not find this useful at all.",negative
"Finally, The editing is distracting and annoying.!!!",negative
"Finally, The audio quality is terrible.",negative
the audio quality is terrible.,negative
"As a student, I am watching this for a college assignment. 😊",neutral
"Honestly, I came here randomly and ended up learning a lot. 🔥",positive
"Not gonna lie, Very disappointing content.",negative
"Honestly, This was not worth my time.",negative
"Overall, I am watching this for a college assignment.",neutral
"Personally, This video helped me solve my problem.",positive
"Overall, There are several examples in the video.",neutral
"As a student, I stopped watching halfway through.",negative
"Honestly, This was not worth my time.",negative
"after watching this, the comments section has many different opinions.",neutral
"Finally, The explanation was confusing and poorly organized.",negative
"As a student, This was recommended on my homepage.",neutral
"Finally, The information is outdated and not helpful!",negative
"Finally, This is exactly what I was looking for.",positive
"In my opinion, I watched this video today.!!!",neutral
The title is misleading!,negative
"for me, this channel keeps getting better. ❤️",positive
"Overall, I expected much better from this channel.",negative
"For me, I did not find this useful at all. haha",negative
"In my opinion, The video was uploaded recently.",neutral
"Overall, There is too much unnecessary talking. 😂",negative
"After watching this, This was recommended on my homepage.",neutral
"After watching this, This video was a complete waste of time. 🔥",negative
"finally, there are several examples in the video. 😍",neutral
"as a beginner, this channel keeps getting better.",positive
Keep making content like this!,positive
"Not gonna lie, The comments section has many different opinions.",neutral
"After watching this, Loved every second of this video.",positive
"For me, The video is about the topic mentioned in the title. 👍",neutral
"In my opinion, You explained this topic really well.",positive
"Not gonna lie, The video was uploaded recently.",neutral
I watched the whole thing without getting bored. 👍,positive
"Finally, The examples made everything easy to understand!",positive
"Honestly, I watched this video today.",neutral
"As a student, The explanation was confusing and poorly organized.!!!",negative
"As a beginner, This channel keeps getting better.",positive
"Finally, This was recommended on my homepage! haha",neutral
"Personally, The video contains a practical demonstration. 👍",neutral
"In my opinion, I am watching this for a college assignment.",neutral
There are several examples in the video. ❤️,neutral
"Overall, I will come back to this video later.",neutral
"Honestly, The video is way too long for such a simple topic!",negative
"finally, the information is outdated and not helpful. :)",negative
"Personally, I am watching this for a college assignment. ❤️",neutral
"Finally, Keep making content like this! lol",positive
"Not gonna lie, I expected much better from this channel.",negative
"in my opinion, i watched this on my phone.",neutral
"Not gonna lie, You explained this topic really well.",positive
"As a beginner, This is a tutorial about the basics!",neutral
"Finally, Such a useful video, thank you for sharing.",positive
"As a student, Finally someone explained it properly. lol",positive
"Honestly, Too many ads and not enough useful information.",negative
"Overall, This is one of the weakest videos on this topic. haha",negative
"For me, I watched this video today. 😊",neutral
"As a student, This video was a complete waste of time. 😂",negative
"as a beginner, the video is way too long for such a simple topic. 👍",negative
The title is misleading. 😍,negative
"Finally, Great explanation, everything was very clear. :)",positive
"Not gonna lie, Finally someone explained it properly.",positive
"For me, Loved every second of this video.",positive
"Personally, The video feels rushed and incomplete.!!!",negative
"Overall, I expected much better from this channel!",negative
"As a student, This channel keeps getting better.",positive
"Personally, The audio quality is terrible.",negative
"after watching this, this was not worth my time. 😍",negative
"Finally, The editing is distracting and annoying.",negative
"Honestly, The creator uses slides to explain the topic.",neutral
"For me, The information is outdated and not helpful. :)",negative
"Not gonna lie, Too many ads and not enough useful information. 🔥",negative
"Finally, Keep making content like this!",positive
"Honestly, The information is outdated and not helpful.",negative
"As a student, The title is misleading.",negative
"Honestly, Very informative and entertaining at the same time. 😊",positive
"Overall, The video is about the topic mentioned in the title. lol",neutral
The creator answers a few questions in the video.,neutral
"Honestly, There is too much unnecessary talking.",negative
"For me, Loved every second of this video.",positive
"As a beginner, The explanation was confusing and poorly organized.",negative
"In my opinion, The creator uses slides to explain the topic. 🙌",neutral
"For me, I am watching this for a college assignment. haha",neutral
"After watching this, This explanation made the topic more confusing.",negative
"As a student, I stopped watching halfway through.",negative
"as a beginner, i came here randomly and ended up learning a lot.",positive
"Personally, You explained this topic really well.",positive
"Honestly, The video feels rushed and incomplete. lol",negative
"Not gonna lie, The video is around ten minutes long.",neutral
"As a student, This deserves way more views. ❤️",positive
The explanation was simple and practical.!!!,positive
"Not gonna lie, I could not understand what the creator was trying to say.",negative
"Not gonna lie, The title is misleading. 🙌",negative
"For me, The editing is fantastic and the content is even better.",positive
"as a beginner, you explained this topic really well. :)",positive
"For me, This was recommended on my homepage. lol",neutral
"Not gonna lie, The creator uploaded another video on this topic. 🔥",neutral
"Finally, Finally someone explained it properly.!!!",positive
"honestly, i really enjoyed watching this.",positive
"As a beginner, This was recommended on my homepage. ❤️",neutral
"After watching this, Such a useful video, thank you for sharing!",positive
"Finally, This channel keeps getting better.",positive
"Honestly, The video feels rushed and incomplete.!!!",negative
"Honestly, Very disappointing content. :)",negative
"For me, Excellent work by the creator.",positive
"Personally, This was not worth my time.",negative
"Overall, The explanation was confusing and poorly organized.",negative
"As a beginner, The audio quality is terrible. ❤️",negative
"Not gonna lie, The video is around ten minutes long.",neutral
"overall, this channel keeps getting better. 🙌",positive
"Not gonna lie, I watched this video today.",neutral
"for me, i came here randomly and ended up learning a lot.",positive
"Personally, This was recommended on my homepage.",neutral
"Personally, The explanation was simple and practical.",positive
"Personally, This topic is discussed in the second half.",neutral
"as a beginner, the explanation was confusing and poorly organized.",negative
"In my opinion, This is exactly what I was looking for. 😊",positive
"Not gonna lie, I found this while searching for information. 🔥",neutral
"Not gonna lie, This video is absolutely amazing, I learned so much!",positive
"For me, I came here randomly and ended up learning a lot. haha",positive
"Overall, This is exactly what I was looking for. 😂",positive
"In my opinion, This was not worth my time.",negative
"In my opinion, The audio quality is terrible.",negative
"As a student, The creator uploaded another video on this topic. lol",neutral
"Honestly, I regret clicking on this video.",negative
"Personally, I found this while searching for information.",neutral
"Not gonna lie, The creator answers a few questions in the video. 😍",neutral
"Honestly, I found this while searching for information.",neutral
"For me, This deserves way more views.",positive
"Personally, The creator uses slides to explain the topic!",neutral
"honestly, great explanation, everything was very clear.",positive
"finally, you explained this topic really well.",positive
"After watching this, This video was a complete waste of time.",negative
"As a student, The title is misleading.!!!",negative
"Honestly, There is too much unnecessary talking.",negative
"After watching this, I am taking notes while watching this. 👍",neutral
"For me, The creator answers a few questions in the video! haha",neutral
"Not gonna lie, You explained this topic really well.",positive
You explained this topic really well.,positive
"Honestly, I found this while searching for information.",neutral
"For me, The creator uploaded another video on this topic. 😊",neutral
I stopped watching halfway through.,negative
"Finally, This deserves way more views. haha",positive
"After watching this, The audio quality is terrible. ❤️",negative
"As a beginner, Very disappointing content.",negative
"Overall, The video is about the topic mentioned in the title.",neutral
"As a beginner, This explanation made the topic more confusing.",negative
"after watching this, the creator answers a few questions in the video.",neutral
"Not gonna lie, This video was a complete waste of time. 😂",negative
"Overall, The comments section has many different opinions! ❤️",neutral
The examples made everything easy to understand.,positive
"As a student, I watched the whole thing without getting bored!",positive
"Honestly, The examples made everything easy to understand.",positive
"Honestly, The audio quality is terrible.",negative
"Finally, I could not understand what the creator was trying to say.",negative
"Honestly, The explanation was simple and practical.",positive
"As a beginner, I watched this video today.",neutral
"Personally, There is a link mentioned in the description.",neutral
"As a beginner, The explanation was simple and practical.",positive
"In my opinion, This was not worth my time.",negative
This was recommended on my homepage.,neutral
"Honestly, This explanation made the topic more confusing!!!!",negative
"Not gonna lie, The title is misleading.",negative
"Not gonna lie, The editing is fantastic and the content is even better.",positive
"As a beginner, The editing is distracting and annoying.",negative
"For me, This video was a complete waste of time. :)",negative
"For me, The information is outdated and not helpful.",negative
Finally someone explained it properly. :),positive
"Not gonna lie, The video was uploaded recently. 🔥",neutral
"Honestly, Finally someone explained it properly. 🙌",positive
"Finally, You explained this topic really well.",positive
"As a beginner, Keep making content like this! haha",positive
"After watching this, The video contains a practical demonstration. :)",neutral
"Overall, I watched the whole thing without getting bored.",positive
"As a student, Finally someone explained it properly.",positive
"Honestly, Great explanation, everything was very clear. haha",positive
"After watching this, This channel keeps getting better. 😍",positive
"As a student, This channel keeps getting better! haha",positive
"As a student, Excellent work by the creator.",positive
"After watching this, This was recommended on my homepage.",neutral
"honestly, i came here randomly and ended up learning a lot.",positive
This deserves way more views. 🙌,positive
"Honestly, This is one of the weakest videos on this topic.",negative
"Honestly, The editing is distracting and annoying.",negative
"Finally, The title is misleading!",negative
"Honestly, The video is around ten minutes long.",neutral
"overall, this channel keeps getting better.",positive
"Finally, This video helped me solve my problem. 🔥",positive
"As a beginner, The title is misleading. 👍",negative
"As a student, I am taking notes while watching this.",neutral
"For me, This is exactly what I was looking for. 😍",positive
"Not gonna lie, This is a tutorial about the basics.",neutral
"For me, The video is way too long for such a simple topic.",negative
"Not gonna lie, The creator answers a few questions in the video. lol",neutral
"Honestly, This is one of the weakest videos on this topic.",negative
"Honestly, The video covers both theory and examples.",neutral
"After watching this, I stopped watching halfway through. :)",negative
"As a beginner, This deserves way more views.",positive
"After watching this, The examples made everything easy to understand!",positive
"In my opinion, This is exactly what I was looking for.",positive
"personally, the creator uploaded another video on this topic.",neutral
This deserves way more views!,positive
"Honestly, I really enjoyed watching this. 😊",positive
"Finally, The video feels rushed and incomplete.",negative
"For me, You explained this topic really well.",positive
"For me, The video covers both theory and examples.",neutral
"As a student, This video helped me solve my problem.",positive
"Honestly, The creator uses slides to explain the topic.",neutral
"In my opinion, There is too much unnecessary talking. 🔥",negative
"Not gonna lie, Very informative and entertaining at the same time.",positive
"overall, this topic is discussed in the second half.",neutral
"As a beginner, I stopped watching halfway through.",negative
This is one of the weakest videos on this topic.,negative
"Not gonna lie, The creator uploaded another video on this topic. :)",neutral
"As a student, The video is way too long for such a simple topic. 🙌",negative
"after watching this, the video is around ten minutes long.",neutral
"In my opinion, This is exactly what I was looking for.",positive
"as a student, the editing is fantastic and the content is even better.",positive
"As a student, The editing is fantastic and the content is even better.",positive
"As a student, This is exactly what I was looking for! :)",positive
"For me, The video covers both theory and examples.",neutral
Keep making content like this!,positive
"As a student, The creator uploaded another video on this topic.",neutral
"As a student, You explained this topic really well. :)",positive
"In my opinion, This is a tutorial about the basics.",neutral
"Not gonna lie, I stopped watching halfway through. 😊",negative
"In my opinion, I am taking notes while watching this. 😂",neutral
"for me, too many ads and not enough useful information.",negative
Keep making content like this! 👍,positive
The creator uses slides to explain the topic.,neutral
"Personally, I really enjoyed watching this. haha",positive
"for me, great explanation, everything was very clear. lol",positive
"In my opinion, The title is misleading. 😊",negative
"After watching this, This video is absolutely amazing, I learned so much! lol",positive
"In my opinion, The video is way too long for such a simple topic.",negative
"Not gonna lie, The video is around ten minutes long.",neutral
"after watching this, this video is absolutely amazing, i learned so much!",positive
There is a link mentioned in the description.,neutral
"In my opinion, This topic is discussed in the second half.",neutral
"In my opinion, Finally someone explained it properly. 🔥",positive
"after watching this, the video is way too long for such a simple topic. 😍",negative
"As a student, The creator uses slides to explain the topic. ❤️",neutral
"In my opinion, Finally someone explained it properly.",positive
"For me, Great explanation, everything was very clear.",positive
"Not gonna lie, This is one of the weakest videos on this topic.",negative
"Not gonna lie, I stopped watching halfway through. ❤️",negative
The title is misleading. lol,negative
"After watching this, Great explanation, everything was very clear. haha",positive
"Honestly, The information is outdated and not helpful.",negative
"Finally, This explanation made the topic more confusing. 👍",negative
"Personally, There is too much unnecessary talking.",negative
"Overall, There is a link mentioned in the description. 👍",neutral
"Honestly, You explained this topic really well. 😂",positive
"Overall, This deserves way more views. 🔥",positive
"After watching this, The title is misleading. ❤️",negative
"As a student, This explanation made the topic more confusing. lol",negative
"Honestly, I watched this video today. :)",neutral
"Honestly, The video feels rushed and incomplete!",negative
"Finally, The creator answers a few questions in the video.",neutral
"Not gonna lie, One of the best videos on this topic.",positive
"For me, This is exactly what I was looking for.",positive
"As a beginner, The video contains a practical demonstration!",neutral
"Not gonna lie, I watched the whole thing without getting bored!",positive
I watched the whole thing without getting bored.,positive
The editing is distracting and annoying.,negative
"After watching this, The video is about the topic mentioned in the title. :)",neutral
"Overall, There is a link mentioned in the description. haha",neutral
"As a beginner, The video is way too long for such a simple topic.",negative
"Personally, I am watching this for a college assignment. ❤️",neutral
"In my opinion, One of the best videos on this topic.",positive
"Not gonna lie, The editing is fantastic and the content is even better. :)",positive
"Not gonna lie, This is one of the weakest videos on this topic.",negative
"Personally, This channel keeps getting better.",positive
"Finally, I will come back to this video later.",neutral
"In my opinion, The video is around ten minutes long. haha",neutral
"Personally, I did not find this useful at all.",negative
"As a student, The creator uses slides to explain the topic.",neutral
"After watching this, I came here randomly and ended up learning a lot.",positive
"As a beginner, This is exactly what I was looking for. haha",positive
"As a beginner, The video covers both theory and examples.",neutral
"Overall, One of the best videos on this topic. 😂",positive
"Finally, I found this while searching for information.",neutral
"As a beginner, The editing is fantastic and the content is even better. ❤️",positive
"As a student, Finally someone explained it properly. 👍",positive
"Overall, Such a useful video, thank you for sharing.",positive
"As a student, The information is outdated and not helpful.!!!",negative
"After watching this, I watched this video today.",neutral
"Not gonna lie, The explanation was confusing and poorly organized. 😂",negative
"Overall, Very disappointing content.",negative
"not gonna lie, the creator answers a few questions in the video. ❤️",neutral
"In my opinion, Very informative and entertaining at the same time.",positive
"In my opinion, Keep making content like this!",positive
"For me, The audio quality is terrible.!!!",negative
"After watching this, The explanation was simple and practical. 😂",positive
"After watching this, Keep making content like this!",positive
Finally someone explained it properly! ❤️,positive
"As a student, This channel keeps getting better.",positive
The information is outdated and not helpful. 😊,negative
"As a student, This explanation made the topic more confusing. 🔥",negative
"as a beginner, the video covers both theory and examples.",neutral
"Honestly, This topic is discussed in the second half.",neutral
"As a student, The title is misleading.",negative
"Overall, Excellent work by the creator.",positive
Very disappointing content.,negative
"Personally, The explanation was confusing and poorly organized. 🙌",negative
"Not gonna lie, The video feels rushed and incomplete.",negative
"As a student, The video feels rushed and incomplete.",negative
"As a beginner, I really enjoyed watching this.",positive
"After watching this, I found this while searching for information. 🙌",neutral
"For me, This explanation made the topic more confusing. 😍",negative
"As a student, I watched this on my phone! 😍",neutral
"Overall, The creator uploaded another video on this topic.",neutral
"Honestly, This is a tutorial about the basics.",neutral
"As a beginner, The explanation was confusing and poorly organized.",negative
"Not gonna lie, This was recommended on my homepage.",neutral
The video is around ten minutes long.,neutral
"Overall, The examples made everything easy to understand.",positive
"Overall, The creator uses slides to explain the topic.",neutral
The explanation was simple and practical.,positive
"Overall, I really enjoyed watching this.",positive
"For me, The video is about the topic mentioned in the title.",neutral
"In my opinion, I did not find this useful at all.",negative
"In my opinion, One of the best videos on this topic.",positive
"Not gonna lie, Great explanation, everything was very clear.",positive
"in my opinion, there are several examples in the video.",neutral
"After watching this, This video helped me solve my problem.",positive
"for me, this video helped me solve my problem.",positive
"As a student, I am taking notes while watching this. lol",neutral
"Finally, This is a tutorial about the basics. 🙌",neutral
"In my opinion, I found this while searching for information.",neutral
"After watching this, This was recommended on my homepage. haha",neutral
"Finally, This channel keeps getting better. 😍",positive
I found this while searching for information! :),neutral
"Honestly, This video is absolutely amazing, I learned so much!",positive
"Finally, The title is misleading. ❤️",negative
"Finally, I stopped watching halfway through. 😂",negative
"Finally, Loved every second of this video.",positive
"overall, this video is absolutely amazing, i learned so much!",positive
"Not gonna lie, The information is outdated and not helpful.",negative
"As a student, You explained this topic really well.",positive
"In my opinion, I am watching this for a college assignment. :)",neutral
"As a beginner, There is a link mentioned in the description.",neutral
"Honestly, This channel keeps getting better.",positive
"Overall, The video is around ten minutes long. 😂",neutral
"As a beginner, The examples made everything easy to understand.",positive
"As a student, The video was uploaded recently. 😂",neutral
"In my opinion, I found this while searching for information.",neutral
"after watching this, i could not understand what the creator was trying to say. lol",negative
"As a student, I am watching this for a college assignment.",neutral
"Honestly, The explanation was simple and practical.",positive
Too many ads and not enough useful information.,negative
"Finally, I am watching this for a college assignment. 😂",neutral
"Finally, The comments section has many different opinions.",neutral
"Honestly, I found this while searching for information.",neutral
"After watching this, I expected much better from this channel.!!!",negative
"As a beginner, The video is about the topic mentioned in the title. 🙌",neutral
"After watching this, This video helped me solve my problem.",positive
"In my opinion, I watched this on my phone!",neutral
"Honestly, The quality has gone downhill.",negative
"Overall, This topic is discussed in the second half.",neutral
"In my opinion, This explanation made the topic more confusing.",negative
"Honestly, This was not worth my time. :)",negative
"Overall, This was recommended on my homepage.",neutral
"As a student, The video is around ten minutes long. :)",neutral
"Finally, The explanation was confusing and poorly organized. lol",negative
"as a beginner, this was not worth my time.",negative
"For me, This was recommended on my homepage.",neutral
"overall, very informative and entertaining at the same time. 😂",positive
"Personally, The video is about the topic mentioned in the title.",neutral
"As a beginner, The creator uses slides to explain the topic.",neutral
"Finally, I expected much better from this channel. ❤️",negative
"Finally, The audio quality is terrible. :)",negative
I could not understand what the creator was trying to say. 😂,negative
"As a student, The video is about the topic mentioned in the title. ❤️",neutral
"Finally, This was not worth my time.",negative
"For me, The creator answers a few questions in the video!",neutral
"Finally, Very disappointing content. :)",negative
"In my opinion, I found this while searching for information.",neutral
The comments section has many different opinions. 🙌,neutral
"Personally, Finally someone explained it properly. 😍",positive
"Honestly, Keep making content like this!",positive
"Honestly, The information is outdated and not helpful.",negative
"As a student, This is a tutorial about the basics. 🔥",neutral
"As a beginner, The editing is fantastic and the content is even better.",positive
"After watching this, Finally someone explained it properly.",positive
"As a beginner, Excellent work by the creator. lol",positive
"Finally, The video is around ten minutes long.",neutral
"Not gonna lie, Very disappointing content.",negative
"As a beginner, The information is outdated and not helpful. haha",negative
"In my opinion, The audio quality is terrible.",negative
"In my opinion, This explanation made the topic more confusing. 🔥",negative
"Not gonna lie, I found this while searching for information.",neutral
"after watching this, the quality has gone downhill.",negative
"As a student, Finally someone explained it properly. :)",positive
The creator uses slides to explain the topic.,neutral
"After watching this, This video was a complete waste of time.",negative
"Overall, The quality has gone downhill.",negative
"personally, this deserves way more views.",positive
"Not gonna lie, The creator answers a few questions in the video.",neutral
"In my opinion, The editing is distracting and annoying.",negative
"As a student, The video covers both theory and examples. :)",neutral
"As a student, There are several examples in the video.",neutral
"For me, The comments section has many different opinions.",neutral
"For me, I watched this video today. 😂",neutral
"as a beginner, the explanation was simple and practical. 🔥",positive
"Finally, The video is way too long for such a simple topic! 🔥",negative
"for me, the video was uploaded recently.",neutral
"In my opinion, This video helped me solve my problem. 👍",positive
"As a student, The explanation was simple and practical. 😊",positive
"Finally, I am taking notes while watching this.!!!",neutral
"As a beginner, The explanation was simple and practical. 🔥",positive
"Not gonna lie, I watched the whole thing without getting bored. 😍",positive
"Overall, I regret clicking on this video.",negative
"Honestly, The video feels rushed and incomplete. lol",negative
"Personally, This deserves way more views.",positive
"In my opinion, I did not find this useful at all. haha",negative
"As a student, This explanation made the topic more confusing.",negative
"Honestly, The audio quality is terrible.!!!",negative
"in my opinion, very informative and entertaining at the same time.",positive
"Honestly, The video contains a practical demonstration.",neutral
"After watching this, The video was uploaded recently. haha",neutral
"For me, This topic is discussed in the second half!",neutral
"This video is absolutely amazing, I learned so much!",positive
"As a student, The creator uploaded another video on this topic. 🔥",neutral
"Finally, I am taking notes while watching this. 🙌",neutral
"In my opinion, One of the best videos on this topic. lol",positive
"As a beginner, I found this while searching for information.",neutral
"In my opinion, Loved every second of this video. 🙌",positive
"Finally, The creator uses slides to explain the topic.",neutral
"Overall, This video helped me solve my problem.",positive
"Not gonna lie, You explained this topic really well. :)",positive
"Not gonna lie, I watched this video today.",neutral
"Not gonna lie, The video was uploaded recently.",neutral
"As a beginner, I could not understand what the creator was trying to say.",negative
"As a student, This video helped me solve my problem.",positive
"In my opinion, I really enjoyed watching this.",positive
"As a student, I am watching this for a college assignment.",neutral
I watched this video today.,neutral
"As a student, Loved every second of this video.",positive
i regret clicking on this video.,negative
"For me, I really enjoyed watching this.",positive
"Not gonna lie, The video feels rushed and incomplete! 😂",negative
"Personally, I regret clicking on this video.",negative
"Honestly, The creator uploaded another video on this topic.",neutral
"For me, I watched this on my phone. lol",neutral
"not gonna lie, this is one of the weakest videos on this topic.",negative
"Personally, There is a link mentioned in the description. 🔥",neutral
The creator answers a few questions in the video. :),neutral
"For me, The explanation was simple and practical. 🙌",positive
"As a student, Loved every second of this video.",positive
"Such a useful video, thank you for sharing. 😊",positive
"Not gonna lie, Very disappointing content. 😊",negative
"For me, This video was a complete waste of time.",negative
"As a student, This topic is discussed in the second half.",neutral
"Personally, The creator uploaded another video on this topic.",neutral
"As a beginner, This is a tutorial about the basics!",neutral
"As a beginner, The comments section has many different opinions.",neutral
"As a beginner, I watched the whole thing without getting bored.!!!",positive
"In my opinion, There are several examples in the video.",neutral
"As a student, The comments section has many different opinions.!!!",neutral
The title is misleading.,negative
"Finally, The creator uses slides to explain the topic. 🙌",neutral
"Personally, I stopped watching halfway through.",negative
"As a student, This channel keeps getting better.",positive
One of the best videos on this topic. :),positive
"not gonna lie, i regret clicking on this video.",negative
"After watching this, The examples made everything easy to understand.",positive
"Personally, I watched the whole thing without getting bored.",positive
"Not gonna lie, Loved every second of this video! 😂",positive
"Honestly, The video covers both theory and examples. 😍",neutral
"Finally, The video covers both theory and examples. 😊",neutral
"In my opinion, The creator uploaded another video on this topic.",neutral
"Overall, Very informative and entertaining at the same time. 😊",positive
"Personally, This video is absolutely amazing, I learned so much! lol",positive
"after watching this, one of the best videos on this topic.",positive
"for me, this is one of the weakest videos on this topic. 😍",negative
"Finally, I am watching this for a college assignment.",neutral
"Personally, Keep making content like this!",positive
I watched the whole thing without getting bored.,positive
"Not gonna lie, Such a useful video, thank you for sharing. 😂",positive
"After watching this, One of the best videos on this topic.!!!",positive
"Not gonna lie, The explanation was confusing and poorly organized.",negative
"Overall, One of the best videos on this topic.",positive
"Overall, Keep making content like this!",positive
I regret clicking on this video.,negative
"Finally, There is too much unnecessary talking!",negative
"Not gonna lie, The creator answers a few questions in the video.",neutral
"Honestly, I am taking notes while watching this. lol",neutral
This channel keeps getting better.,positive
"As a student, Great explanation, everything was very clear.",positive
"In my opinion, This is exactly what I was looking for.",positive
"As a beginner, The creator uploaded another video on this topic.",neutral
"In my opinion, The editing is distracting and annoying.",negative
The information is outdated and not helpful. 😂,negative
"For me, This was recommended on my homepage. 🙌",neutral
"In my opinion, This topic is discussed in the second half. 😍",neutral
"For me, This was not worth my time.",negative
"After watching this, This video helped me solve my problem.",positive
"As a student, One of the best videos on this topic.",positive
"Finally, Too many ads and not enough useful information.",negative
"Honestly, I really enjoyed watching this.",positive
The comments section has many different opinions.,neutral
"Personally, This is a tutorial about the basics.",neutral
"After watching this, The comments section has many different opinions. 😂",neutral
"In my opinion, You explained this topic really well. 🔥",positive
"Finally, Very disappointing content.",negative
"Personally, The creator uses slides to explain the topic. lol",neutral
"As a beginner, This is exactly what I was looking for.",positive
"Finally, This explanation made the topic more confusing.",negative
"As a beginner, I regret clicking on this video.",negative
"In my opinion, I regret clicking on this video.",negative
"as a student, you explained this topic really well.",positive
"Overall, The video covers both theory and examples.",neutral
This explanation made the topic more confusing.,negative
"As a beginner, Very informative and entertaining at the same time. 🔥",positive
"As a beginner, The quality has gone downhill. 😊",negative
"Not gonna lie, There are several examples in the video. 👍",neutral
"Great explanation, everything was very clear.",positive
"For me, The information is outdated and not helpful.",negative
"Not gonna lie, The quality has gone downhill.",negative
"For me, I watched the whole thing without getting bored.",positive
"in my opinion, very disappointing content. 😂",negative
"As a beginner, The video contains a practical demonstration.",neutral
"For me, I really enjoyed watching this. ❤️",positive
"For me, Excellent work by the creator. :)",positive
"After watching this, The video contains a practical demonstration.",neutral
"Overall, I am watching this for a college assignment.",neutral
"Overall, This channel keeps getting better.",positive
"Finally, I found this while searching for information. haha",neutral
"In my opinion, There is too much unnecessary talking.",negative
"In my opinion, I came here randomly and ended up learning a lot.",positive
"Overall, This video was a complete waste of time. 😊",negative
"as a beginner, there is a link mentioned in the description.",neutral
"As a beginner, The creator uploaded another video on this topic.",neutral
"As a beginner, I stopped watching halfway through. 🙌",negative
"As a beginner, There are several examples in the video. 🔥",neutral
"Not gonna lie, The video is way too long for such a simple topic. 😊",negative
"For me, This video is absolutely amazing, I learned so much! ❤️",positive
"As a beginner, Keep making content like this!",positive
"Overall, I regret clicking on this video.",negative
"Personally, The creator uses slides to explain the topic.",neutral
"Not gonna lie, The video was uploaded recently.",neutral
"After watching this, Great explanation, everything was very clear.",positive
The comments section has many different opinions.,neutral
"after watching this, this was recommended on my homepage. 😊",neutral
"For me, The audio quality is terrible. 😍",negative
"After watching this, The editing is fantastic and the content is even better.!!!",positive
"Overall, The title is misleading. 🙌",negative
"honestly, i found this while searching for information. 😂",neutral
"Finally, The explanation was simple and practical.",positive
"For me, This was not worth my time.",negative
"Finally, I am watching this for a college assignment.",neutral
"not gonna lie, the title is misleading. 🔥",negative
"Not gonna lie, The comments section has many different opinions. 😊",neutral
"Honestly, You explained this topic really well. 😍",positive
There is too much unnecessary talking.,negative
"As a beginner, This deserves way more views!",positive
The editing is fantastic and the content is even better.,positive
"For me, I came here randomly and ended up learning a lot.",positive
"As a student, One of the best videos on this topic. 🔥",positive
"Not gonna lie, Too many ads and not enough useful information.",negative
"As a student, The video is around ten minutes long. 👍",neutral
"Finally, The editing is fantastic and the content is even better.",positive
"Overall, The video feels rushed and incomplete.",negative
"Honestly, Loved every second of this video. lol",positive
"As a student, One of the best videos on this topic.",positive
"Not gonna lie, I did not find this useful at all.",negative
"as a student, this deserves way more views.",positive
"For me, This video helped me solve my problem.",positive
"In my opinion, This was not worth my time.",negative
"After watching this, The information is outdated and not helpful.",negative
"After watching this, This deserves way more views.",positive
"As a student, I watched this video today.",neutral
"As a beginner, Loved every second of this video. ❤️",positive
"After watching this, I expected much better from this channel!",negative
"As a beginner, There is too much unnecessary talking. 🔥",negative
This explanation made the topic more confusing! 👍,negative
"Overall, Keep making content like this! 🙌",positive
"For me, The title is misleading.",negative
"As a beginner, I am watching this for a college assignment. 😊",neutral
"In my opinion, This was recommended on my homepage.",neutral
"Personally, This is exactly what I was looking for.!!!",positive
"Honestly, I watched this video today.",neutral
"Personally, This is one of the weakest videos on this topic. :)",negative
"Finally, The creator uploaded another video on this topic!",neutral
"finally, great explanation, everything was very clear.",positive
"In my opinion, The examples made everything easy to understand.",positive
"For me, The information is outdated and not helpful.",negative
"Honestly, The information is outdated and not helpful.",negative
"Honestly, This explanation made the topic more confusing.",negative
"In my opinion, Too many ads and not enough useful information.",negative
"In my opinion, I stopped watching halfway through. 😂",negative
"As a student, Very informative and entertaining at the same time. 😂",positive
"After watching this, Loved every second of this video.",positive
"As a student, I found this while searching for information.",neutral
"Overall, The explanation was simple and practical.",positive
"Not gonna lie, I am taking notes while watching this.",neutral
"Finally, Too many ads and not enough useful information.",negative
"As a beginner, The creator answers a few questions in the video. 👍",neutral
"Honestly, Great explanation, everything was very clear. :)",positive
"Personally, There is a link mentioned in the description.",neutral
"As a beginner, This channel keeps getting better. lol",positive
"Personally, The explanation was simple and practical.",positive
"Personally, I stopped watching halfway through.",negative
"as a student, the information is outdated and not helpful.",negative
"Overall, This is exactly what I was looking for.",positive
"As a student, Great explanation, everything was very clear. 👍",positive
"Honestly, The creator uploaded another video on this topic.",neutral
"Overall, I did not find this useful at all.",negative
"For me, The video feels rushed and incomplete. 🙌",negative
"After watching this, This was recommended on my homepage!",neutral
"Finally, Great explanation, everything was very clear. lol",positive
"For me, The video covers both theory and examples.",neutral
"Not gonna lie, This channel keeps getting better.",positive
"In my opinion, The video is way too long for such a simple topic.",negative
"Personally, The video is around ten minutes long.",neutral
"Personally, The creator uploaded another video on this topic.",neutral
"In my opinion, I came here randomly and ended up learning a lot.!!!",positive
"Overall, The video is about the topic mentioned in the title. 😂",neutral
"In my opinion, This is a tutorial about the basics.",neutral
"Finally, There is a link mentioned in the description.",neutral
"For me, I regret clicking on this video. :)",negative
"As a student, Great explanation, everything was very clear. 😂",positive
"Honestly, I expected much better from this channel.",negative
I stopped watching halfway through. 🔥,negative
"As a beginner, The video is way too long for such a simple topic.",negative
"Overall, I really enjoyed watching this.",positive
"overall, i really enjoyed watching this. lol",positive
"Overall, The video contains a practical demonstration. 😍",neutral
"as a student, the examples made everything easy to understand.",positive
"As a beginner, Too many ads and not enough useful information.",negative
"Overall, I am taking notes while watching this.",neutral
"As a student, One of the best videos on this topic. 😂",positive
"As a student, I regret clicking on this video. haha",negative
"Not gonna lie, Excellent work by the creator.",positive
"Honestly, I expected much better from this channel.",negative
I stopped watching halfway through.,negative
"Honestly, This video was a complete waste of time.",negative
"Not gonna lie, This was not worth my time.",negative
"After watching this, I regret clicking on this video.",negative
Very informative and entertaining at the same time.,positive
"Honestly, I watched the whole thing without getting bored.",positive
"Not gonna lie, This was not worth my time. 🙌",negative
"Personally, The audio quality is terrible. lol",negative
This explanation made the topic more confusing.,negative
"For me, I came here randomly and ended up learning a lot.",positive
The video contains a practical demonstration.,neutral
"In my opinion, Loved every second of this video.",positive
"Overall, The editing is fantastic and the content is even better.",positive
"For me, The video contains a practical demonstration.",neutral
"As a beginner, The video is around ten minutes long. 👍",neutral
"For me, I could not understand what the creator was trying to say. :)",negative
"In my opinion, Very informative and entertaining at the same time. ❤️",positive
"Honestly, This deserves way more views. ❤️",positive
"For me, There are several examples in the video. lol",neutral
"For me, This explanation made the topic more confusing.",negative
Very disappointing content.,negative
"As a student, I expected much better from this channel. 🔥",negative
"finally, the video contains a practical demonstration. 🔥",neutral
"Finally, The examples made everything easy to understand. 🔥",positive
"Finally, This video is absolutely amazing, I learned so much! :)",positive
"As a student, I could not understand what the creator was trying to say.",negative
"Personally, This was not worth my time.",negative
"After watching this, I am watching this for a college assignment.",neutral
"In my opinion, The creator uploaded another video on this topic.",neutral
"For me, I am watching this for a college assignment. 🔥",neutral
"as a beginner, great explanation, everything was very clear!",positive
"as a beginner, i am taking notes while watching this. lol",neutral
"Finally, This was recommended on my homepage.!!!",neutral
"For me, The creator uploaded another video on this topic. :)",neutral
The audio quality is terrible.,negative
"As a student, I stopped watching halfway through. :)",negative
"As a beginner, The video is way too long for such a simple topic.",negative
"As a student, Finally someone explained it properly.",positive
"As a beginner, This is exactly what I was looking for.",positive
"for me, the quality has gone downhill! lol",negative
"As a beginner, I regret clicking on this video. 🔥",negative
"Not gonna lie, I watched this on my phone. :)",neutral
"Not gonna lie, This topic is discussed in the second half. 😍",neutral
"As a beginner, The video feels rushed and incomplete.",negative
The video feels rushed and incomplete.,negative
"After watching this, One of the best videos on this topic.",positive
"This video is absolutely amazing, I learned so much! 🙌",positive
"Not gonna lie, Too many ads and not enough useful information. 🙌",negative
"overall, this is exactly what i was looking for.!!!",positive
"Finally, The video is around ten minutes long.",neutral
"For me, The explanation was confusing and poorly organized.",negative
"Not gonna lie, I am watching this for a college assignment.",neutral
"As a beginner, The creator uses slides to explain the topic.",neutral
"Honestly, One of the best videos on this topic! 🙌",positive
"In my opinion, I watched this video today. lol",neutral
"As a beginner, I came here randomly and ended up learning a lot.",positive
"In my opinion, I did not find this useful at all.",negative
"after watching this, i am watching this for a college assignment. 🙌",neutral
"Honestly, There is too much unnecessary talking.",negative
"As a student, I could not understand what the creator was trying to say!",negative
"As a student, There is too much unnecessary talking!",negative
"Not gonna lie, The creator uploaded another video on this topic.",neutral
"after watching this, the editing is distracting and annoying.",negative
"In my opinion, The video is way too long for such a simple topic. 😂",negative
"Personally, I found this while searching for information. 😂",neutral
"After watching this, The creator uses slides to explain the topic. 😊",neutral
"Overall, This is one of the weakest videos on this topic.",negative
"As a student, This was not worth my time!",negative
"For me, The video feels rushed and incomplete!",negative
"As a student, Very informative and entertaining at the same time.",positive
"After watching this, This topic is discussed in the second half!",neutral
"Honestly, Finally someone explained it properly.",positive
"Not gonna lie, The comments section has many different opinions.",neutral
"After watching this, This deserves way more views. :)",positive
"Honestly, Finally someone explained it properly.",positive
The video is around ten minutes long.,neutral
"Honestly, Very informative and entertaining at the same time.",positive
"In my opinion, The examples made everything easy to understand!",positive
The audio quality is terrible. 😊,negative
"finally, the video contains a practical demonstration.",neutral
"As a beginner, Great explanation, everything was very clear.",positive
"After watching this, The explanation was confusing and poorly organized.",negative
I could not understand what the creator was trying to say.,negative
"In my opinion, I will come back to this video later.!!!",neutral
"this video is absolutely amazing, i learned so much!",positive
"Personally, The title is misleading.",negative
"As a beginner, There is a link mentioned in the description.!!!",neutral
"In my opinion, Very informative and entertaining at the same time.!!!",positive
"In my opinion, The editing is distracting and annoying. 🔥",negative
"Not gonna lie, There is too much unnecessary talking. 😍",negative
"Not gonna lie, Great explanation, everything was very clear. lol",positive
"After watching this, I came here randomly and ended up learning a lot. lol",positive
"After watching this, This is exactly what I was looking for.",positive
"After watching this, The creator uploaded another video on this topic.",neutral
"As a student, Great explanation, everything was very clear. lol",positive
"Overall, I could not understand what the creator was trying to say. 🙌",negative
"Overall, This is exactly what I was looking for. 🙌",positive
"Honestly, This topic is discussed in the second half.",neutral
"Personally, The creator uses slides to explain the topic.",neutral
"Personally, The video covers both theory and examples. 😊",neutral
"Finally, There is a link mentioned in the description.",neutral
"Overall, Great explanation, everything was very clear.",positive
"Honestly, Great explanation, everything was very clear.",positive
"Personally, I found this while searching for information.",neutral
"Finally, The video was uploaded recently.",neutral
"Finally, I stopped watching halfway through. 😂",negative
"finally, i watched the whole thing without getting bored!",positive
"In my opinion, The editing is distracting and annoying.!!!",negative
"For me, This video helped me solve my problem.",positive
"As a student, I watched the whole thing without getting bored.",positive
"As a student, This topic is discussed in the second half. lol",neutral
"Finally, I will come back to this video later.",neutral
"As a beginner, I stopped watching halfway through. ❤️",negative
"As a student, The quality has gone downhill. ❤️",negative
"As a student, The editing is distracting and annoying. 😍",negative
I came here randomly and ended up learning a lot.,positive
"After watching this, There are several examples in the video. 😂",neutral
"As a beginner, I regret clicking on this video. 😊",negative
"Not gonna lie, This video is absolutely amazing, I learned so much!",positive
"Finally, I am taking notes while watching this. lol",neutral
"Finally, There are several examples in the video.",neutral
"Overall, Loved every second of this video. 😂",positive
"Honestly, I could not understand what the creator was trying to say. 🔥",negative
I watched this on my phone. 🔥,neutral
"After watching this, This is a tutorial about the basics. 😂",neutral
"Finally, I regret clicking on this video.",negative
"After watching this, I found this while searching for information. lol",neutral
"Not gonna lie, I will come back to this video later. 🔥",neutral
"In my opinion, The explanation was simple and practical.",positive
"As a beginner, There are several examples in the video.",neutral
"After watching this, This video is absolutely amazing, I learned so much! haha",positive
"Overall, This video is absolutely amazing, I learned so much! 😍",positive
"Overall, There is a link mentioned in the description.",neutral
"After watching this, I am watching this for a college assignment.",neutral
"Finally, The quality has gone downhill.",negative
"In my opinion, Excellent work by the creator. 😊",positive
The creator answers a few questions in the video.,neutral
"Personally, The editing is distracting and annoying.",negative
"as a beginner, the editing is distracting and annoying.",negative
"In my opinion, Keep making content like this!",positive
"As a student, I could not understand what the creator was trying to say.",negative
"In my opinion, The creator uploaded another video on this topic.",neutral
"In my opinion, The creator uploaded another video on this topic. lol",neutral
"For me, The video was uploaded recently. ❤️",neutral
"Honestly, The video contains a practical demonstration. haha",neutral
"Not gonna lie, I regret clicking on this video!",negative
"Honestly, Too many ads and not enough useful information. :)",negative
"For me, This video was a complete waste of time. 😍",negative
"Finally, The title is misleading.",negative
"Personally, The video contains a practical demonstration.",neutral
"Overall, This is one of the weakest videos on this topic. haha",negative
"Finally, The audio quality is terrible.",negative
"Honestly, I really enjoyed watching this.",positive
"Honestly, The video contains a practical demonstration. 🔥",neutral
"Overall, Great explanation, everything was very clear. 🙌",positive
"After watching this, The explanation was confusing and poorly organized.",negative
"Overall, Excellent work by the creator.",positive
"As a beginner, The editing is distracting and annoying.",negative
"For me, The video covers both theory and examples.",neutral
"As a beginner, The explanation was simple and practical.!!!",positive
I expected much better from this channel.,negative
"for me, the video was uploaded recently.",neutral
"honestly, such a useful video, thank you for sharing. 🔥",positive
"As a beginner, Very informative and entertaining at the same time. 😍",positive
"Overall, The video covers both theory and examples.",neutral
"In my opinion, I found this while searching for information.",neutral
"Finally, The explanation was simple and practical.",positive
"Finally, Too many ads and not enough useful information.",negative
"Not gonna lie, The video is around ten minutes long.",neutral
"Personally, The explanation was simple and practical.",positive
"Great explanation, everything was very clear. 😍",positive
"Finally, The video is around ten minutes long. haha",neutral
"Personally, You explained this topic really well. 🔥",positive
i watched the whole thing without getting bored. 😂,positive
"As a student, I watched this video today.",neutral
"As a beginner, This deserves way more views.",positive
"In my opinion, The audio quality is terrible.!!!",negative
"As a beginner, I came here randomly and ended up learning a lot.",positive
"After watching this, There are several examples in the video! 👍",neutral
"After watching this, This is exactly what I was looking for.",positive
"Honestly, I really enjoyed watching this.",positive
"Overall, I did not find this useful at all.",negative
"After watching this, This channel keeps getting better.",positive
"For me, This video was a complete waste of time.",negative
"As a beginner, The video feels rushed and incomplete.",negative
"Honestly, Loved every second of this video.",positive
"finally, one of the best videos on this topic. ❤️",positive
"Finally, The creator answers a few questions in the video.",neutral
I will come back to this video later.,neutral
"After watching this, I came here randomly and ended up learning a lot. :)",positive
"For me, The explanation was confusing and poorly organized.",negative
"as a beginner, this explanation made the topic more confusing. :)",negative
"Honestly, I could not understand what the creator was trying to say!!!!",negative
"Personally, Loved every second of this video. 👍",positive
"Honestly, This is a tutorial about the basics.",neutral
The title is misleading.,negative
"Personally, Such a useful video, thank you for sharing.",positive
"Finally, The video was uploaded recently.",neutral
"After watching this, I watched the whole thing without getting bored! 🔥",positive
"For me, This deserves way more views. 😊",positive
"Finally, I came here randomly and ended up learning a lot.",positive
"Honestly, The comments section has many different opinions.",neutral
"Honestly, This deserves way more views.",positive
"Honestly, The video is way too long for such a simple topic.!!!",negative
"after watching this, the explanation was confusing and poorly organized.",negative
"Overall, The video was uploaded recently.",neutral
"Not gonna lie, The explanation was confusing and poorly organized. 😍",negative
I stopped watching halfway through. :),negative
"For me, I will come back to this video later.",neutral
"as a student, i came here randomly and ended up learning a lot.",positive
The information is outdated and not helpful. 👍,negative
"For me, Excellent work by the creator. 😂",positive
i watched this on my phone. 😂,neutral
"Honestly, I watched the whole thing without getting bored.",positive
"honestly, the quality has gone downhill.",negative
"As a beginner, This explanation made the topic more confusing. haha",negative
"Finally, I really enjoyed watching this.",positive
"Overall, This is exactly what I was looking for. 😂",positive
"After watching this, Great explanation, everything was very clear. 😍",positive
"After watching this, This channel keeps getting better.",positive
I watched this video today.,neutral
"Not gonna lie, You explained this topic really well. 🔥",positive
"Overall, I watched the whole thing without getting bored! 😍",positive
"As a student, Excellent work by the creator. 👍",positive
"Not gonna lie, The video is around ten minutes long.",neutral
"As a beginner, This explanation made the topic more confusing. lol",negative
"For me, The creator uses slides to explain the topic.",neutral
"Not gonna lie, I could not understand what the creator was trying to say. 😊",negative
I will come back to this video later.,neutral
"After watching this, The explanation was confusing and poorly organized.",negative
"Overall, This channel keeps getting better.",positive
"Not gonna lie, The quality has gone downhill. ❤️",negative
"For me, This was recommended on my homepage. 🙌",neutral
"Not gonna lie, Finally someone explained it properly. 🔥",positive
"In my opinion, Great explanation, everything was very clear!",positive
"As a beginner, I came here randomly and ended up learning a lot.",positive
"Finally, I stopped watching halfway through. haha",negative
"In my opinion, I watched this on my phone.",neutral
"In my opinion, I am watching this for a college assignment.",neutral
"As a beginner, This was recommended on my homepage.",neutral
"Not gonna lie, I came here randomly and ended up learning a lot.",positive
"For me, Keep making content like this! 😂",positive
"in my opinion, this video was a complete waste of time.",negative
"As a beginner, The video feels rushed and incomplete.",negative
"Honestly, The video was uploaded recently.",neutral
"Honestly, The editing is distracting and annoying.",negative
"In my opinion, The title is misleading. 😂",negative
"Finally, I expected much better from this channel.",negative
"As a beginner, Loved every second of this video.",positive
The title is misleading.,negative
I could not understand what the creator was trying to say. haha,negative
"after watching this, the explanation was simple and practical.",positive
Keep making content like this!,positive
I really enjoyed watching this.,positive
I am watching this for a college assignment. 😍,neutral
There is too much unnecessary talking.,negative
"Honestly, The video is about the topic mentioned in the title.",neutral
"After watching this, I could not understand what the creator was trying to say. 🙌",negative
"Not gonna lie, This video is absolutely amazing, I learned so much! 😍",positive
"For me, There is a link mentioned in the description.",neutral
"After watching this, The information is outdated and not helpful.",negative
"After watching this, The creator answers a few questions in the video. 🔥",neutral
"For me, I am taking notes while watching this. 👍",neutral
"As a student, I watched the whole thing without getting bored.",positive
"Honestly, The information is outdated and not helpful. haha",negative
"overall, there is a link mentioned in the description.!!!",neutral
"Honestly, The editing is distracting and annoying! :)",negative
"Overall, This explanation made the topic more confusing.",negative
"Honestly, The information is outdated and not helpful. haha",negative
"For me, Such a useful video, thank you for sharing.",positive
"Not gonna lie, This was recommended on my homepage.",neutral
"Not gonna lie, I expected much better from this channel!",negative
"Overall, The editing is fantastic and the content is even better. 🙌",positive
"After watching this, The explanation was confusing and poorly organized. 😊",negative
"Personally, The editing is fantastic and the content is even better.",positive
"Finally, There is too much unnecessary talking.",negative
"not gonna lie, i stopped watching halfway through.",negative
"In my opinion, Excellent work by the creator.",positive
"In my opinion, There is too much unnecessary talking. :)",negative
"Finally, The examples made everything easy to understand.",positive
"Honestly, The creator answers a few questions in the video.!!!",neutral
"In my opinion, The video covers both theory and examples.",neutral
"Not gonna lie, This is exactly what I was looking for.!!!",positive
"As a beginner, This topic is discussed in the second half.",neutral
"Personally, This video was a complete waste of time. 🙌",negative
"Not gonna lie, Too many ads and not enough useful information.",negative
This was not worth my time.,negative
"as a student, i found this while searching for information.",neutral
"In my opinion, The quality has gone downhill.",negative
"As a student, The video is about the topic mentioned in the title.",neutral
"After watching this, The video feels rushed and incomplete.",negative
"As a beginner, The comments section has many different opinions.",neutral
"As a beginner, The explanation was simple and practical.",positive
"As a beginner, I found this while searching for information!",neutral
"Finally, The video contains a practical demonstration.",neutral
"After watching this, This channel keeps getting better. :)",positive
"Finally, I watched this video today.",neutral
"As a beginner, Excellent work by the creator.!!!",positive
"Overall, There is a link mentioned in the description.",neutral
"In my opinion, This is one of the weakest videos on this topic. 😊",negative
"overall, there is a link mentioned in the description.",neutral
"Finally, The explanation was simple and practical. :)",positive
"Overall, The quality has gone downhill! 🔥",negative
"Honestly, Finally someone explained it properly.",positive
"Honestly, The video covers both theory and examples.",neutral
"as a student, keep making content like this! 👍",positive
"personally, there is too much unnecessary talking.",negative
"Personally, Very informative and entertaining at the same time.!!!",positive
"Personally, The video is about the topic mentioned in the title.",neutral
"After watching this, Excellent work by the creator.",positive
"In my opinion, The editing is fantastic and the content is even better. 👍",positive
Too many ads and not enough useful information. 😊,negative
"After watching this, The explanation was confusing and poorly organized.",negative
"As a beginner, The editing is distracting and annoying.",negative
"As a beginner, This video is absolutely amazing, I learned so much! ❤️",positive
"As a beginner, The examples made everything easy to understand. ❤️",positive
"Not gonna lie, Too many ads and not enough useful information.",negative
"After watching this, I stopped watching halfway through.",negative
"As a beginner, This channel keeps getting better.",positive
"As a student, The creator uploaded another video on this topic.",neutral
"Finally, The video was uploaded recently.",neutral
"Honestly, Such a useful video, thank you for sharing.",positive
"After watching this, The explanation was confusing and poorly organized.",negative
The editing is fantastic and the content is even better.,positive
"Not gonna lie, This channel keeps getting better! 😊",positive
"After watching this, The video is way too long for such a simple topic. 😂",negative
"Finally, The creator uploaded another video on this topic.",neutral
"After watching this, Excellent work by the creator.",positive
"For me, The video covers both theory and examples.!!!",neutral
"finally, you explained this topic really well. haha",positive
"In my opinion, I found this while searching for information.",neutral
"Honestly, This video is absolutely amazing, I learned so much! 😂",positive
"As a beginner, The video feels rushed and incomplete.",negative
"Finally, This topic is discussed in the second half. 🙌",neutral
"Not gonna lie, Keep making content like this! ❤️",positive
"Overall, The title is misleading.",negative
"Honestly, The comments section has many different opinions. 🔥",neutral
The quality has gone downhill.,negative
"Personally, Great explanation, everything was very clear.",positive
"as a beginner, i could not understand what the creator was trying to say.",negative
"Honestly, The video is about the topic mentioned in the title. 😊",neutral
"Overall, This was not worth my time.",negative
"Finally, The video covers both theory and examples.",neutral
"This video is absolutely amazing, I learned so much!",positive
"After watching this, This is one of the weakest videos on this topic. 😂",negative
"Honestly, The explanation was confusing and poorly organized.",negative
"For me, This was not worth my time.",negative
The audio quality is terrible.,negative
"After watching this, The editing is fantastic and the content is even better.",positive
"Overall, This channel keeps getting better.",positive
"For me, There is too much unnecessary talking. 😊",negative
"finally, this was recommended on my homepage.",neutral
"Overall, The creator answers a few questions in the video.",neutral
"As a student, The video is way too long for such a simple topic! lol",negative
"After watching this, The editing is fantastic and the content is even better.",positive
"In my opinion, This channel keeps getting better.",positive
"Overall, This video helped me solve my problem. lol",positive
"Overall, The comments section has many different opinions.",neutral
"Personally, Such a useful video, thank you for sharing.",positive
"honestly, this is a tutorial about the basics.",neutral
"After watching this, I am watching this for a college assignment.!!!",neutral
"Finally, The information is outdated and not helpful.",negative
"for me, i am watching this for a college assignment. :)",neutral
"For me, I am taking notes while watching this.",neutral
"As a beginner, You explained this topic really well. 👍",positive
I expected much better from this channel.,negative
"Finally, I found this while searching for information.",neutral
"As a beginner, The video covers both theory and examples. :)",neutral
"After watching this, The editing is distracting and annoying.",negative
"Overall, I could not understand what the creator was trying to say.",negative
"As a student, I could not understand what the creator was trying to say. lol",negative
"Finally, This deserves way more views.",positive
"As a beginner, Too many ads and not enough useful information.",negative
"In my opinion, This video was a complete waste of time.",negative
"Great explanation, everything was very clear. haha",positive
"Finally, The video is around ten minutes long.",neutral
"Overall, This was not worth my time. 👍",negative
"Not gonna lie, Very informative and entertaining at the same time. haha",positive
"personally, the video is around ten minutes long.",neutral
"As a student, The creator uses slides to explain the topic.",neutral
"Personally, I watched the whole thing without getting bored. lol",positive
"Honestly, The creator uses slides to explain the topic.",neutral
"Personally, There is too much unnecessary talking. :)",negative
Too many ads and not enough useful information. lol,negative
"Finally, This topic is discussed in the second half. lol",neutral
"Not gonna lie, I watched this on my phone.",neutral
"Finally, I stopped watching halfway through. 😍",negative
"for me, the video is way too long for such a simple topic.",negative
"For me, I did not find this useful at all. lol",negative
"Honestly, Too many ads and not enough useful information. 😂",negative
"Finally, I watched the whole thing without getting bored. 😍",positive
The video was uploaded recently.,neutral
"Overall, This video was a complete waste of time. ❤️",negative
"In my opinion, This channel keeps getting better. 😂",positive
"For me, Such a useful video, thank you for sharing. 😍",positive
"Finally, The explanation was simple and practical.",positive
"Not gonna lie, The video was uploaded recently.",neutral
"As a student, I really enjoyed watching this.",positive
"For me, I stopped watching halfway through.",negative
"In my opinion, I regret clicking on this video.",negative
"Not gonna lie, This is exactly what I was looking for. 😂",positive
"Not gonna lie, This is one of the weakest videos on this topic.",negative
"Finally, I watched this on my phone. ❤️",neutral
Keep making content like this! 🔥,positive
"After watching this, This is one of the weakest videos on this topic. 😂",negative
"Honestly, I could not understand what the creator was trying to say. 🔥",negative
"Honestly, There is too much unnecessary talking.",negative
"Honestly, This topic is discussed in the second half.",neutral
"After watching this, I could not understand what the creator was trying to say.",negative
"Honestly, The title is misleading.",negative
"Honestly, I found this while searching for information.",neutral
"As a student, The video is around ten minutes long.",neutral
"After watching this, This is one of the weakest videos on this topic.",negative
I watched this on my phone.,neutral
"As a beginner, I stopped watching halfway through.",negative
"as a beginner, the comments section has many different opinions. :)",neutral
"In my opinion, The video was uploaded recently.",neutral
"Overall, This channel keeps getting better.",positive
"Personally, The video was uploaded recently.",neutral
"In my opinion, The audio quality is terrible.",negative
"Honestly, Such a useful video, thank you for sharing. 🔥",positive
"Not gonna lie, Such a useful video, thank you for sharing!",positive
"As a student, I am taking notes while watching this.",neutral
"Personally, The editing is distracting and annoying.",negative
"Finally, The creator uploaded another video on this topic.",neutral
"Overall, This video helped me solve my problem. lol",positive
This deserves way more views.,positive
"as a student, the editing is fantastic and the content is even better. lol",positive
"Overall, I really enjoyed watching this!",positive
I watched this on my phone. 👍,neutral
"Overall, Great explanation, everything was very clear.",positive
"Overall, I did not find this useful at all.",negative
"After watching this, The video was uploaded recently.",neutral
"In my opinion, The information is outdated and not helpful. 👍",negative
"Overall, I watched this on my phone.",neutral
"Personally, The explanation was confusing and poorly organized!",negative
"In my opinion, The audio quality is terrible.",negative
"As a student, The video covers both theory and examples. lol",neutral
"After watching this, This was recommended on my homepage.",neutral
"Overall, This is one of the weakest videos on this topic.",negative
"After watching this, The video is about the topic mentioned in the title!!!!",neutral
"As a beginner, I found this while searching for information. haha",neutral
"For me, The comments section has many different opinions! :)",neutral
"Honestly, The title is misleading.",negative
"As a beginner, I watched this on my phone.",neutral
"for me, one of the best videos on this topic.",positive
"Honestly, Too many ads and not enough useful information.",negative
"Such a useful video, thank you for sharing.",positive
The information is outdated and not helpful.,negative
"Honestly, I came here randomly and ended up learning a lot.",positive
This channel keeps getting better.,positive
"Overall, I am watching this for a college assignment.",neutral
"Honestly, Such a useful video, thank you for sharing.",positive
"Finally, Loved every second of this video!",positive
"Personally, This channel keeps getting better.",positive
"Finally, The editing is fantastic and the content is even better!",positive
"Not gonna lie, The video was uploaded recently.",neutral
"Not gonna lie, I am watching this for a college assignment.",neutral
"As a student, Such a useful video, thank you for sharing. 😊",positive
"Overall, The quality has gone downhill. ❤️",negative
"For me, Too many ads and not enough useful information.",negative
"finally, loved every second of this video.",positive
"After watching this, I could not understand what the creator was trying to say.",negative
"As a beginner, There is too much unnecessary talking. ❤️",negative
"In my opinion, I am taking notes while watching this. :)",neutral
"Not gonna lie, This video was a complete waste of time.!!!",negative
"Personally, I came here randomly and ended up learning a lot.",positive
"Overall, The video is way too long for such a simple topic. 👍",negative
"Personally, I am watching this for a college assignment.",neutral
"Overall, Such a useful video, thank you for sharing. haha",positive
"Honestly, Finally someone explained it properly.",positive
"Honestly, Keep making content like this!!!!",positive
"finally, this was recommended on my homepage.",neutral
Keep making content like this! :),positive
"After watching this, The explanation was confusing and poorly organized.",negative
"As a beginner, Keep making content like this!",positive
"Honestly, I am watching this for a college assignment.",neutral
"Overall, Keep making content like this!!!!",positive
"in my opinion, too many ads and not enough useful information.",negative
"Honestly, Too many ads and not enough useful information.",negative
"In my opinion, I did not find this useful at all.",negative
"Honestly, The video is way too long for such a simple topic.",negative
"Personally, Keep making content like this!",positive
"Not gonna lie, Loved every second of this video.",positive
"not gonna lie, the information is outdated and not helpful. lol",negative
"As a student, The explanation was simple and practical.",positive
"for me, the explanation was simple and practical.",positive
"After watching this, This is a tutorial about the basics.!!!",neutral
"Finally, The creator uses slides to explain the topic.",neutral
"Finally, The video covers both theory and examples. 😍",neutral
"Finally, The video is way too long for such a simple topic. 🔥",negative
"after watching this, you explained this topic really well! haha",positive
"As a beginner, This was not worth my time. haha",negative
"As a student, This channel keeps getting better.",positive
"Personally, This is one of the weakest videos on this topic.",negative
"Finally, This topic is discussed in the second half.",neutral
"Personally, There are several examples in the video. ❤️",neutral
"Honestly, I watched this video today. lol",neutral
"Personally, Keep making content like this!",positive
"As a beginner, This is exactly what I was looking for.",positive
"As a beginner, Very informative and entertaining at the same time! 🙌",positive
"Finally, There is too much unnecessary talking.",negative
"After watching this, You explained this topic really well. :)",positive
"For me, I will come back to this video later. 🙌",neutral
"Finally, I could not understand what the creator was trying to say.",negative
The creator answers a few questions in the video.,neutral
"In my opinion, This video was a complete waste of time.",negative
"Not gonna lie, The examples made everything easy to understand. 😂",positive
The editing is distracting and annoying.,negative
"For me, This was not worth my time. 🔥",negative
"As a beginner, This video helped me solve my problem!",positive
"For me, Excellent work by the creator.",positive
"as a beginner, the video feels rushed and incomplete.!!!",negative
"Overall, Very disappointing content. ❤️",negative
"In my opinion, I did not find this useful at all!",negative
"After watching this, This is a tutorial about the basics. ❤️",neutral
"As a beginner, This video is absolutely amazing, I learned so much!",positive
"As a student, The editing is distracting and annoying.",negative
"Not gonna lie, Finally someone explained it properly.",positive
"As a beginner, I did not find this useful at all.",negative
The video was uploaded recently.,neutral
"As a beginner, I stopped watching halfway through.",negative
"For me, This is a tutorial about the basics.",neutral
"In my opinion, I regret clicking on this video.",negative
"As a beginner, Very informative and entertaining at the same time.",positive
"Personally, I will come back to this video later. ❤️",neutral
"For me, Very disappointing content.!!!",negative
"In my opinion, This deserves way more views.",positive
"Finally, Very disappointing content.",negative
I watched the whole thing without getting bored.!!!,positive
"In my opinion, The video is about the topic mentioned in the title.",neutral
"Personally, Keep making content like this!",positive
"As a beginner, Too many ads and not enough useful information.",negative
"For me, This was not worth my time.",negative
"Personally, I watched this video today.",neutral
"Honestly, I could not understand what the creator was trying to say.",negative
"After watching this, I watched this video today. 🔥",neutral
"For me, Excellent work by the creator.",positive
"Honestly, One of the best videos on this topic. 🔥",positive
"Finally, I regret clicking on this video.",negative
"Not gonna lie, The quality has gone downhill.",negative
"Not gonna lie, This video is absolutely amazing, I learned so much!",positive
"as a beginner, you explained this topic really well.",positive
"Not gonna lie, Excellent work by the creator. lol",positive
"Personally, There is a link mentioned in the description. 😂",neutral
"Honestly, Very disappointing content.",negative
"As a student, I could not understand what the creator was trying to say.",negative
"honestly, i expected much better from this channel.",negative
"Personally, The explanation was confusing and poorly organized! 😂",negative
"As a student, This video helped me solve my problem.",positive
"Not gonna lie, This was not worth my time.",negative
"not gonna lie, the creator uploaded another video on this topic.",neutral
"Personally, I could not understand what the creator was trying to say.",negative
"Honestly, This topic is discussed in the second half. 😊",neutral
"In my opinion, One of the best videos on this topic.",positive
"Honestly, Very disappointing content.",negative
"Personally, This video was a complete waste of time. 🙌",negative
"Not gonna lie, The examples made everything easy to understand.",positive
"finally, the examples made everything easy to understand.",positive
"Honestly, This deserves way more views. ❤️",positive
"Honestly, This was recommended on my homepage!",neutral
"as a beginner, the information is outdated and not helpful.",negative
"As a student, This is a tutorial about the basics.",neutral
"As a beginner, Great explanation, everything was very clear. lol",positive
"Honestly, This video is absolutely amazing, I learned so much! 😍",positive
"Overall, This is one of the weakest videos on this topic.",negative
"Personally, Keep making content like this! 😂",positive
"In my opinion, I really enjoyed watching this. 😍",positive
The video is around ten minutes long!,neutral
"Not gonna lie, This video helped me solve my problem. :)",positive
"As a beginner, Very informative and entertaining at the same time. 🙌",positive
"For me, This was recommended on my homepage! 🔥",neutral
"Personally, This is one of the weakest videos on this topic! 👍",negative
"Overall, The creator uses slides to explain the topic. :)",neutral
"Overall, I expected much better from this channel. haha",negative
"For me, This is one of the weakest videos on this topic.",negative
"After watching this, There is too much unnecessary talking.",negative
"As a beginner, This topic is discussed in the second half.",neutral
"After watching this, I watched the whole thing without getting bored.",positive
"after watching this, this video helped me solve my problem!",positive
"Personally, The quality has gone downhill. ❤️",negative
"Honestly, The video is about the topic mentioned in the title.",neutral
"Personally, The creator uploaded another video on this topic.",neutral
"Finally, I expected much better from this channel. lol",negative
"Not gonna lie, The information is outdated and not helpful.",negative
"personally, this was recommended on my homepage.",neutral
the video contains a practical demonstration. ❤️,neutral
"Honestly, The creator uses slides to explain the topic.",neutral
This was recommended on my homepage.,neutral
Very informative and entertaining at the same time.,positive
"For me, This video helped me solve my problem. 😍",positive
"Personally, I watched this video today. 😊",neutral
"Overall, There is a link mentioned in the description.",neutral
"After watching this, Excellent work by the creator. :)",positive
"For me, I could not understand what the creator was trying to say.",negative
"As a student, The quality has gone downhill.",negative
"As a beginner, The examples made everything easy to understand. 😊",positive
"For me, The editing is distracting and annoying.",negative
"Overall, This is exactly what I was looking for.",positive
"As a beginner, I stopped watching halfway through. 😂",negative
"not gonna lie, i watched this video today.",neutral
"In my opinion, This video was a complete waste of time.",negative
"In my opinion, I stopped watching halfway through.",negative
"Finally, I found this while searching for information! 😊",neutral
I regret clicking on this video.,negative
"Overall, The explanation was confusing and poorly organized.",negative
"As a student, One of the best videos on this topic. 🙌",positive
"as a student, this is exactly what i was looking for. 😊",positive
"After watching this, The audio quality is terrible. 🙌",negative
"Honestly, This explanation made the topic more confusing.",negative
"Finally, I watched this video today. 👍",neutral
"Honestly, The video is about the topic mentioned in the title. 😍",neutral
"Personally, Finally someone explained it properly.",positive
"As a beginner, Keep making content like this! haha",positive
The video is way too long for such a simple topic.,negative
"For me, The creator answers a few questions in the video.",neutral
"In my opinion, The information is outdated and not helpful.",negative
"Personally, This was not worth my time. :)",negative
"In my opinion, I could not understand what the creator was trying to say.!!!",negative
I am taking notes while watching this.,neutral
"Overall, This is a tutorial about the basics.",neutral
"Finally, This video helped me solve my problem.",positive
"Finally, This is one of the weakest videos on this topic.",negative
"Not gonna lie, Very disappointing content. 🔥",negative
"Not gonna lie, I expected much better from this channel.",negative
I found this while searching for information. lol,neutral
"After watching this, The comments section has many different opinions.",neutral
"Finally, The creator uploaded another video on this topic.",neutral
"Not gonna lie, The audio quality is terrible.",negative
"After watching this, The explanation was confusing and poorly organized. 😊",negative
"As a beginner, The creator answers a few questions in the video.",neutral
The video covers both theory and examples. 😊,neutral
"Finally, This was recommended on my homepage. :)",neutral
This is exactly what I was looking for. 😍,positive
"Finally, The video is about the topic mentioned in the title. 😍",neutral
"After watching this, The editing is distracting and annoying.",negative
"Honestly, This is one of the weakest videos on this topic.",negative
"As a student, Excellent work by the creator. lol",positive
"After watching this, I stopped watching halfway through. 😊",negative
"Finally, This channel keeps getting better. 😊",positive
"As a student, The video is around ten minutes long. 😂",neutral
"As a beginner, Loved every second of this video.",positive
"After watching this, The video is about the topic mentioned in the title. 🔥",neutral
"Honestly, I will come back to this video later!",neutral
"In my opinion, I watched this on my phone.",neutral
"Not gonna lie, This is one of the weakest videos on this topic. :)",negative
The title is misleading.,negative
"honestly, this is one of the weakest videos on this topic.",negative
"As a beginner, The audio quality is terrible. 🙌",negative
"as a student, there are several examples in the video.",neutral
"Personally, There is a link mentioned in the description. 👍",neutral
"Honestly, The explanation was simple and practical.",positive
"Honestly, The creator uploaded another video on this topic. 😂",neutral
The video is around ten minutes long. 😂,neutral
"After watching this, I really enjoyed watching this. 😂",positive
"In my opinion, The information is outdated and not helpful.",negative
"Honestly, There is too much unnecessary talking.",negative
"Finally, The examples made everything easy to understand. 😊",positive
I watched this video today.,neutral
"as a beginner, this explanation made the topic more confusing.",negative
"As a student, The information is outdated and not helpful.",negative
"In my opinion, Very informative and entertaining at the same time.!!!",positive
"Honestly, I will come back to this video later.",neutral
"Personally, Very disappointing content. 😊",negative
"For me, Too many ads and not enough useful information. 😍",negative
"Not gonna lie, Loved every second of this video.",positive
"Honestly, There are several examples in the video. 🙌",neutral
"As a student, There is too much unnecessary talking.",negative
"not gonna lie, such a useful video, thank you for sharing.",positive
This topic is discussed in the second half.,neutral
"Personally, This topic is discussed in the second half.",neutral
"In my opinion, The explanation was simple and practical. ❤️",positive
"Not gonna lie, Excellent work by the creator.",positive
"Overall, The video was uploaded recently. :)",neutral
"Honestly, The creator answers a few questions in the video.",neutral
"For me, I am watching this for a college assignment!!!!",neutral
"honestly, you explained this topic really well. 😍",positive
"as a beginner, i really enjoyed watching this.",positive
"As a student, I watched the whole thing without getting bored. ❤️",positive
"As a student, This video was a complete waste of time. :)",negative
I did not find this useful at all.,negative
"Not gonna lie, The video was uploaded recently.!!!",neutral
"Overall, I regret clicking on this video. lol",negative
"As a beginner, This is one of the weakest videos on this topic.",negative
"For me, Very disappointing content.",negative
"In my opinion, This deserves way more views.",positive
"Finally, The comments section has many different opinions.",neutral
The video is around ten minutes long. lol,neutral
"Overall, This is exactly what I was looking for. 😊",positive
"As a beginner, The video is around ten minutes long.",neutral
The creator answers a few questions in the video. haha,neutral
"personally, great explanation, everything was very clear.",positive
"Personally, This video was a complete waste of time. 👍",negative
The video is around ten minutes long.,neutral
"Not gonna lie, The video covers both theory and examples.!!!",neutral
"Not gonna lie, I watched this on my phone.",neutral
"As a beginner, The explanation was simple and practical.",positive
The title is misleading.,negative
"Overall, I stopped watching halfway through. 🙌",negative
I am watching this for a college assignment. 😍,neutral
"Not gonna lie, I am watching this for a college assignment. 🙌",neutral
"Overall, This topic is discussed in the second half. :)",neutral
"Not gonna lie, Great explanation, everything was very clear. 🙌",positive
"Not gonna lie, I could not understand what the creator was trying to say. ❤️",negative
"Not gonna lie, The examples made everything easy to understand. 👍",positive
"As a beginner, There is a link mentioned in the description. 😂",neutral
"As a beginner, The video is around ten minutes long.",neutral
"for me, the video covers both theory and examples. 🔥",neutral
"As a student, This was recommended on my homepage.",neutral
"For me, I watched the whole thing without getting bored.",positive
"Honestly, The creator answers a few questions in the video.",neutral
"As a student, This topic is discussed in the second half.",neutral
One of the best videos on this topic.!!!,positive
"Personally, I watched this video today. 😂",neutral
"Not gonna lie, The video contains a practical demonstration.",neutral
"Honestly, I am taking notes while watching this. 😊",neutral
"as a student, this video helped me solve my problem.",positive
"As a beginner, Too many ads and not enough useful information.",negative
"Finally, Very disappointing content. ❤️",negative
"personally, i am watching this for a college assignment.",neutral
"As a student, The creator uses slides to explain the topic. 🔥",neutral
"Overall, There are several examples in the video. 👍",neutral
"overall, the explanation was simple and practical.",positive
"After watching this, Loved every second of this video.",positive
"honestly, one of the best videos on this topic! 😊",positive
"In my opinion, The comments section has many different opinions.",neutral
"Overall, I did not find this useful at all. 👍",negative
"Personally, The video is around ten minutes long. 🔥",neutral
"Honestly, I am watching this for a college assignment.",neutral
"Finally, This was not worth my time.",negative
"Personally, Very informative and entertaining at the same time.",positive
"In my opinion, The audio quality is terrible. 🙌",negative
"Overall, You explained this topic really well. :)",positive
"In my opinion, I came here randomly and ended up learning a lot.",positive
"Not gonna lie, The creator uploaded another video on this topic.",neutral
"Honestly, The editing is distracting and annoying.",negative
"Not gonna lie, One of the best videos on this topic. 🔥",positive
"Honestly, I came here randomly and ended up learning a lot.",positive
Keep making content like this!,positive
"As a beginner, The video contains a practical demonstration.",neutral
"as a beginner, the video covers both theory and examples.",neutral
"Personally, There are several examples in the video.",neutral
"finally, the video feels rushed and incomplete!",negative
"After watching this, The video is around ten minutes long.!!!",neutral
"In my opinion, The explanation was confusing and poorly organized.",negative
"As a beginner, Too many ads and not enough useful information. 👍",negative
"Personally, The video is about the topic mentioned in the title. 😊",neutral
"As a student, This was recommended on my homepage.",neutral
"For me, There is too much unnecessary talking.",negative
"As a student, This was recommended on my homepage. 👍",neutral
"As a student, I stopped watching halfway through.",negative
"personally, the video contains a practical demonstration. lol",neutral
"Personally, I regret clicking on this video.",negative
"For me, I watched the whole thing without getting bored. haha",positive
"As a beginner, This is exactly what I was looking for.",positive
"Not gonna lie, The creator answers a few questions in the video.!!!",neutral
The video contains a practical demonstration.,neutral
"Honestly, This video helped me solve my problem.",positive
"After watching this, I expected much better from this channel.",negative
"Finally, The editing is distracting and annoying. 😂",negative
"For me, This explanation made the topic more confusing.",negative
"After watching this, This deserves way more views.",positive
"Finally, The explanation was confusing and poorly organized. 😍",negative
"Personally, The explanation was simple and practical.",positive
"As a beginner, Keep making content like this!",positive
"As a beginner, This video is absolutely amazing, I learned so much! ❤️",positive
"As a beginner, This video is absolutely amazing, I learned so much!!!!",positive
"Overall, The creator uploaded another video on this topic.",neutral
"as a student, the quality has gone downhill.",negative
The information is outdated and not helpful. haha,negative
"Overall, The video contains a practical demonstration. 🔥",neutral
"As a student, I regret clicking on this video.",negative
"As a beginner, This was recommended on my homepage. 😍",neutral
"For me, This was recommended on my homepage. :)",neutral
"In my opinion, There is a link mentioned in the description. 🙌",neutral
"As a beginner, I came here randomly and ended up learning a lot!",positive
"For me, Such a useful video, thank you for sharing.",positive
"Not gonna lie, The video contains a practical demonstration.",neutral
"Personally, The information is outdated and not helpful.",negative
"In my opinion, I really enjoyed watching this. 🙌",positive
"Personally, I stopped watching halfway through. 👍",negative
"Not gonna lie, Loved every second of this video.",positive
"Finally, There is a link mentioned in the description. 😂",neutral
"This video is absolutely amazing, I learned so much!",positive
"As a beginner, The creator uses slides to explain the topic.",neutral
"In my opinion, Very informative and entertaining at the same time.",positive
"Honestly, The video is about the topic mentioned in the title.",neutral
"for me, the examples made everything easy to understand.",positive
"After watching this, The creator uploaded another video on this topic.",neutral
"As a student, I found this while searching for information. 😊",neutral
"As a student, The audio quality is terrible. :)",negative
"As a beginner, There are several examples in the video. 🔥",neutral
"For me, The editing is distracting and annoying.!!!",negative
"In my opinion, This channel keeps getting better.",positive
"Finally, You explained this topic really well.",positive
"In my opinion, Loved every second of this video.",positive
"Overall, This is a tutorial about the basics.",neutral
"Overall, This topic is discussed in the second half. 😊",neutral
"Overall, This explanation made the topic more confusing.",negative
"Personally, Very informative and entertaining at the same time. 👍",positive
"As a beginner, The video is about the topic mentioned in the title.",neutral
"As a student, The comments section has many different opinions.",neutral
"Honestly, The video is about the topic mentioned in the title.",neutral
"For me, The video contains a practical demonstration.",neutral
"Overall, One of the best videos on this topic. 🔥",positive
"For me, This deserves way more views. :)",positive
"Overall, The quality has gone downhill.",negative
"Not gonna lie, I could not understand what the creator was trying to say. 🙌",negative
"As a student, The video covers both theory and examples.",neutral
This deserves way more views.,positive
I stopped watching halfway through.!!!,negative
This deserves way more views.,positive
"in my opinion, i will come back to this video later.",neutral
Keep making content like this!,positive
"After watching this, The video contains a practical demonstration.",neutral
"After watching this, Very disappointing content.",negative
"In my opinion, This explanation made the topic more confusing. haha",negative
"Not gonna lie, Very disappointing content! 🔥",negative
"For me, This video helped me solve my problem.",positive
"after watching this, i am watching this for a college assignment.",neutral
"As a beginner, The explanation was simple and practical. 🔥",positive
"As a beginner, Loved every second of this video.",positive
"For me, There is too much unnecessary talking.",negative
"After watching this, I watched this video today.",neutral
"In my opinion, The information is outdated and not helpful.",negative
"After watching this, I could not understand what the creator was trying to say. 🔥",negative
"As a beginner, This topic is discussed in the second half.",neutral
"Honestly, There is too much unnecessary talking. lol",negative
"Not gonna lie, I watched the whole thing without getting bored. 😍",positive
"not gonna lie, you explained this topic really well.",positive
"As a student, I am taking notes while watching this.!!!",neutral
"such a useful video, thank you for sharing.",positive
"After watching this, The title is misleading.",negative
"Personally, I watched the whole thing without getting bored! lol",positive
"Personally, This channel keeps getting better. 😊",positive
"Overall, I came here randomly and ended up learning a lot.",positive
"Honestly, The video feels rushed and incomplete.",negative
"Not gonna lie, The creator uses slides to explain the topic.",neutral
finally someone explained it properly.,positive
Very disappointing content. haha,negative
"As a beginner, The editing is distracting and annoying.",negative
"Personally, The creator answers a few questions in the video.",neutral
"For me, The video is about the topic mentioned in the title. 😂",neutral
"Overall, This video was a complete waste of time.",negative
"Not gonna lie, I did not find this useful at all!",negative
"For me, Great explanation, everything was very clear. 🙌",positive
"Finally, You explained this topic really well.",positive
"Overall, I regret clicking on this video. ❤️",negative
"In my opinion, This was recommended on my homepage.",neutral
"As a student, This video is absolutely amazing, I learned so much!",positive
"In my opinion, I am taking notes while watching this. :)",neutral
"Overall, The creator uploaded another video on this topic.",neutral
"Honestly, This video was a complete waste of time.",negative
"For me, I really enjoyed watching this. ❤️",positive
"As a student, The video is about the topic mentioned in the title. :)",neutral
"As a beginner, I will come back to this video later!",neutral
"For me, The video covers both theory and examples.",neutral
"For me, The explanation was simple and practical. 😂",positive
"as a student, i will come back to this video later. 😊",neutral
"As a student, The comments section has many different opinions.",neutral
"Not gonna lie, Too many ads and not enough useful information.",negative
"Honestly, The creator answers a few questions in the video. 😍",neutral
"Overall, Too many ads and not enough useful information. haha",negative
"Honestly, The video is about the topic mentioned in the title.",neutral
"Personally, This was recommended on my homepage.",neutral
"Not gonna lie, I am taking notes while watching this.",neutral
I am watching this for a college assignment.,neutral
"After watching this, This channel keeps getting better.",positive
"Finally, The video was uploaded recently!",neutral
"Finally, This video helped me solve my problem.",positive
"Not gonna lie, The video was uploaded recently. :)",neutral
There is too much unnecessary talking.,negative
"personally, there are several examples in the video.",neutral
"For me, The quality has gone downhill! 😍",negative
"In my opinion, I found this while searching for information.",neutral
"After watching this, The video feels rushed and incomplete. :)",negative
"Honestly, The video covers both theory and examples.",neutral
"Honestly, Great explanation, everything was very clear.",positive
"Such a useful video, thank you for sharing. 🔥",positive
"In my opinion, The audio quality is terrible.",negative
The quality has gone downhill.,negative
"Not gonna lie, This video was a complete waste of time.",negative
"Honestly, This is a tutorial about the basics. 🔥",neutral
I really enjoyed watching this. 🔥,positive
"For me, The video was uploaded recently. ❤️",neutral
"Honestly, I watched the whole thing without getting bored.!!!",positive
"In my opinion, I watched this on my phone.",neutral
"Honestly, I found this while searching for information. 😊",neutral
"Honestly, I watched this on my phone. 😍",neutral
"In my opinion, The quality has gone downhill.",negative
"Honestly, The video covers both theory and examples. 🙌",neutral
"In my opinion, The editing is distracting and annoying.",negative
"For me, The editing is distracting and annoying. 🔥",negative
"Finally, The quality has gone downhill.",negative
"As a beginner, The video was uploaded recently.",neutral
This was not worth my time. ❤️,negative
The explanation was simple and practical. lol,positive
"Overall, The creator uses slides to explain the topic.",neutral
"After watching this, I did not find this useful at all.",negative
"Overall, I came here randomly and ended up learning a lot.",positive
"As a student, The editing is distracting and annoying.",negative
"Honestly, Excellent work by the creator.",positive
"After watching this, The video contains a practical demonstration.",neutral
"Personally, Too many ads and not enough useful information. ❤️",negative
"Overall, I am watching this for a college assignment!",neutral
"Not gonna lie, You explained this topic really well.",positive
"in my opinion, excellent work by the creator. 🙌",positive
Finally someone explained it properly. 👍,positive
"Personally, There are several examples in the video.",neutral
"Not gonna lie, The title is misleading.!!!",negative
"Personally, I expected much better from this channel.",negative
"In my opinion, The creator uploaded another video on this topic.",neutral
"Personally, The video was uploaded recently. haha",neutral
"Finally, The editing is fantastic and the content is even better.",positive
"Not gonna lie, The video covers both theory and examples.",neutral
"Finally, The video is around ten minutes long.",neutral
"Finally, The quality has gone downhill. 😂",negative
"In my opinion, The editing is fantastic and the content is even better. 😍",positive
"After watching this, You explained this topic really well.",positive
"As a student, The quality has gone downhill! 😊",negative
"Finally, This is exactly what I was looking for. :)",positive
"In my opinion, The video feels rushed and incomplete. ❤️",negative
"Finally, This was not worth my time. 🔥",negative
"for me, this video helped me solve my problem. 🔥",positive
"Overall, Very informative and entertaining at the same time.!!!",positive
I watched this on my phone!,neutral
"After watching this, This video is absolutely amazing, I learned so much!",positive
There is a link mentioned in the description.,neutral
"Personally, I watched the whole thing without getting bored.!!!",positive
"In my opinion, This channel keeps getting better.!!!",positive
"Personally, The video contains a practical demonstration.",neutral
"Personally, I found this while searching for information. 😂",neutral
"Not gonna lie, The quality has gone downhill.",negative
"Personally, I expected much better from this channel. 😊",negative
"Honestly, Excellent work by the creator.",positive
"Overall, I am watching this for a college assignment. lol",neutral
"As a beginner, This channel keeps getting better.",positive
"Finally, The video is around ten minutes long.",neutral
"Not gonna lie, The examples made everything easy to understand.!!!",positive
"for me, this is exactly what i was looking for.",positive
"Honestly, The explanation was simple and practical.",positive
"As a beginner, I stopped watching halfway through.",negative
"Overall, The creator uploaded another video on this topic.",neutral
this explanation made the topic more confusing.,negative
"Finally, The quality has gone downhill.",negative
"Personally, This was not worth my time.",negative
"not gonna lie, i am taking notes while watching this.",neutral
"As a student, I really enjoyed watching this. 🔥",positive
"Not gonna lie, The examples made everything easy to understand!",positive
"As a beginner, The audio quality is terrible.",negative
Excellent work by the creator.,positive
The quality has gone downhill.,negative
"Not gonna lie, The creator answers a few questions in the video! :)",neutral
"As a student, Such a useful video, thank you for sharing.",positive
"As a student, I watched the whole thing without getting bored.",positive
Very disappointing content!,negative
I did not find this useful at all.,negative
"Finally, The title is misleading.",negative
"As a student, This video helped me solve my problem. lol",positive
"honestly, i will come back to this video later. :)",neutral
The quality has gone downhill. lol,negative
"Finally, I found this while searching for information.",neutral
"For me, The editing is distracting and annoying.",negative
"Personally, This topic is discussed in the second half.",neutral
"Finally, The quality has gone downhill.",negative
"Finally, This explanation made the topic more confusing. haha",negative
"As a beginner, This topic is discussed in the second half.!!!",neutral
"Not gonna lie, The editing is fantastic and the content is even better.",positive
"Finally, There is a link mentioned in the description. 😊",neutral
"After watching this, The information is outdated and not helpful.",negative
"Overall, This video was a complete waste of time. 😊",negative
"Overall, Keep making content like this!",positive
"Personally, Keep making content like this! 😍",positive
"Overall, You explained this topic really well. 😍",positive
"Overall, The video contains a practical demonstration.",neutral
"Not gonna lie, This deserves way more views. 👍",positive
"As a student, This is exactly what I was looking for.",positive
"Personally, Too many ads and not enough useful information.",negative
The video is about the topic mentioned in the title.,neutral
"In my opinion, There is a link mentioned in the description.!!!",neutral
"Overall, I could not understand what the creator was trying to say.",negative
"after watching this, this video is absolutely amazing, i learned so much!",positive
"Personally, The video was uploaded recently.",neutral
"As a student, The examples made everything easy to understand. ❤️",positive
"After watching this, I stopped watching halfway through.",negative
"Not gonna lie, The comments section has many different opinions. :)",neutral
Keep making content like this! 🔥,positive
"As a beginner, I found this while searching for information. ❤️",neutral
"Overall, The video contains a practical demonstration.",neutral
Loved every second of this video. 🔥,positive
"Overall, This was not worth my time. ❤️",negative
Excellent work by the creator.,positive
"For me, I could not understand what the creator was trying to say.",negative
"In my opinion, The video feels rushed and incomplete.",negative
"As a student, I am taking notes while watching this.!!!",neutral
"Overall, This is exactly what I was looking for. :)",positive
"Overall, I will come back to this video later.",neutral
There is a link mentioned in the description.,neutral
"For me, Very disappointing content. 🔥",negative
"As a student, The creator uses slides to explain the topic. 😊",neutral
"Not gonna lie, You explained this topic really well.",positive
"After watching this, The creator uses slides to explain the topic. 🔥",neutral
"Not gonna lie, This was recommended on my homepage. :)",neutral
"Not gonna lie, This explanation made the topic more confusing.",negative
"as a student, i watched the whole thing without getting bored.",positive
"Personally, The information is outdated and not helpful. 😂",negative
"As a student, The editing is distracting and annoying.",negative
"Personally, Too many ads and not enough useful information.",negative
"After watching this, The editing is distracting and annoying. lol",negative
"As a student, There are several examples in the video. haha",neutral
"Not gonna lie, This is a tutorial about the basics. 😊",neutral
"After watching this, I watched this on my phone.",neutral
"For me, The audio quality is terrible.",negative
"Overall, I really enjoyed watching this. 👍",positive
"Honestly, This channel keeps getting better.",positive
"As a student, This was not worth my time.",negative
"In my opinion, There is too much unnecessary talking. 😂",negative
"Not gonna lie, This is one of the weakest videos on this topic. ❤️",negative
"Overall, I expected much better from this channel. 😂",negative
"Overall, Such a useful video, thank you for sharing. 😍",positive
"Finally, The creator answers a few questions in the video.!!!",neutral
"Not gonna lie, I did not find this useful at all.",negative
"Not gonna lie, I am taking notes while watching this.",neutral
"In my opinion, Keep making content like this!",positive
"Finally, This channel keeps getting better!",positive
"As a beginner, The examples made everything easy to understand.",positive
"After watching this, Very informative and entertaining at the same time.",positive
"Personally, Finally someone explained it properly.",positive
"In my opinion, The video feels rushed and incomplete.",negative
"Overall, The video is way too long for such a simple topic!!!!",negative
"As a beginner, Too many ads and not enough useful information.",negative
"After watching this, I expected much better from this channel.",negative
"Personally, This topic is discussed in the second half. :)",neutral
"Not gonna lie, The creator uses slides to explain the topic. :)",neutral
"Honestly, The video was uploaded recently.",neutral
"Personally, I watched this on my phone.",neutral
"Finally, The editing is distracting and annoying. 😊",negative
"For me, Loved every second of this video. 😍",positive
"for me, the video is about the topic mentioned in the title.",neutral
"Overall, This video was a complete waste of time.",negative
"As a beginner, This deserves way more views. lol",positive
"As a beginner, This was not worth my time. 🔥",negative
"Overall, I came here randomly and ended up learning a lot.!!!",positive
"After watching this, You explained this topic really well. 🔥",positive
"Overall, This deserves way more views.",positive
"As a student, This is exactly what I was looking for. 🙌",positive
The creator uses slides to explain the topic. :),neutral
"For me, The creator uses slides to explain the topic. lol",neutral
"After watching this, This topic is discussed in the second half. 😍",neutral
"After watching this, The explanation was confusing and poorly organized.",negative
I expected much better from this channel.,negative
"Finally, I really enjoyed watching this. 😂",positive
"For me, The video contains a practical demonstration.",neutral
i will come back to this video later.,neutral
"Overall, The creator answers a few questions in the video. 🔥",neutral
"not gonna lie, i expected much better from this channel.!!!",negative
"Personally, Finally someone explained it properly.",positive
"Not gonna lie, The video covers both theory and examples!",neutral
"After watching this, The creator uses slides to explain the topic.",neutral
"Not gonna lie, Such a useful video, thank you for sharing. haha",positive
"Overall, This was recommended on my homepage! haha",neutral
"As a student, I will come back to this video later.",neutral
I stopped watching halfway through. lol,negative
"Not gonna lie, The examples made everything easy to understand.",positive
"Overall, Loved every second of this video.!!!",positive
"For me, I could not understand what the creator was trying to say! ❤️",negative
This topic is discussed in the second half. 🙌,neutral
"In my opinion, The explanation was confusing and poorly organized.",negative
"In my opinion, This topic is discussed in the second half.",neutral
"Personally, This is a tutorial about the basics!",neutral
"Not gonna lie, The editing is fantastic and the content is even better. ❤️",positive
"In my opinion, The creator answers a few questions in the video.",neutral
I will come back to this video later.,neutral
"Personally, I stopped watching halfway through. 😂",negative
"As a beginner, One of the best videos on this topic. 🙌",positive
The video is about the topic mentioned in the title. 🙌,neutral
"For me, The video contains a practical demonstration.",neutral
"After watching this, This topic is discussed in the second half. haha",neutral
"After watching this, This topic is discussed in the second half. ❤️",neutral
"Overall, The video is way too long for such a simple topic.",negative
"Not gonna lie, This deserves way more views. :)",positive
"Not gonna lie, Loved every second of this video.",positive
"As a student, I watched this on my phone.",neutral
this deserves way more views.,positive
Keep making content like this! 🙌,positive
"Honestly, There are several examples in the video.",neutral
"In my opinion, You explained this topic really well. :)",positive
"For me, The title is misleading.",negative
"Finally, Finally someone explained it properly.",positive
"For me, The quality has gone downhill.",negative
"Personally, I did not find this useful at all. haha",negative
"Not gonna lie, The video is around ten minutes long.",neutral
"As a beginner, This is a tutorial about the basics.",neutral
"As a beginner, The audio quality is terrible.",negative
"Finally, I watched this video today.",neutral
"Overall, Loved every second of this video. 😂",positive
"For me, The examples made everything easy to understand. ❤️",positive
"Overall, I watched this on my phone. lol",neutral
"As a beginner, This video helped me solve my problem.",positive
"In my opinion, This explanation made the topic more confusing.",negative
"As a beginner, There is too much unnecessary talking.",negative
"After watching this, There is too much unnecessary talking.",negative
"As a beginner, I really enjoyed watching this.",positive
"after watching this, this video helped me solve my problem.",positive
The video contains a practical demonstration.,neutral
"Not gonna lie, The examples made everything easy to understand.",positive
"After watching this, The video is around ten minutes long.",neutral
There is too much unnecessary talking.,negative
"Not gonna lie, I did not find this useful at all. 😂",negative
"Personally, I watched this on my phone.",neutral
"Honestly, Keep making content like this! 🙌",positive
"After watching this, This was recommended on my homepage. lol",neutral
"As a student, Very disappointing content.",negative
"After watching this, The video is around ten minutes long.",neutral
"Overall, This explanation made the topic more confusing. 👍",negative
"After watching this, The creator uses slides to explain the topic.",neutral
"For me, Great explanation, everything was very clear. 😊",positive
There is a link mentioned in the description.,neutral
"After watching this, The video is about the topic mentioned in the title!",neutral
"In my opinion, Such a useful video, thank you for sharing.",positive
"As a beginner, The examples made everything easy to understand.",positive
"As a beginner, This explanation made the topic more confusing. 😊",negative
"Personally, I expected much better from this channel.",negative
"As a student, There are several examples in the video. ❤️",neutral
"Honestly, There is too much unnecessary talking. 👍",negative
"Not gonna lie, The title is misleading.",negative
"As a beginner, The creator uses slides to explain the topic.",neutral
"For me, The audio quality is terrible.",negative
"Personally, This was not worth my time.",negative
"In my opinion, Loved every second of this video. lol",positive
"not gonna lie, the audio quality is terrible. 🙌",negative
"As a student, I watched this video today.",neutral
"Honestly, The video is about the topic mentioned in the title! 😂",neutral
"Finally, I came here randomly and ended up learning a lot.",positive
"As a student, There is a link mentioned in the description! haha",neutral
"Finally, This deserves way more views.",positive
"As a student, The explanation was confusing and poorly organized. 🙌",negative
"Finally, The editing is distracting and annoying.",negative
"In my opinion, I watched this video today. 😂",neutral
This channel keeps getting better.,positive
"Great explanation, everything was very clear!",positive
"After watching this, Great explanation, everything was very clear.",positive
"In my opinion, Loved every second of this video. 😊",positive
"Personally, The video is way too long for such a simple topic.!!!",negative
"In my opinion, I stopped watching halfway through. 🔥",negative
"as a student, the video feels rushed and incomplete. ❤️",negative
"In my opinion, Finally someone explained it properly. 🔥",positive
"For me, The title is misleading.",negative
"After watching this, There is too much unnecessary talking!",negative
"Overall, The creator uploaded another video on this topic!",neutral
"As a student, This explanation made the topic more confusing. 🔥",negative
"As a student, The explanation was confusing and poorly organized! 👍",negative
"After watching this, The editing is fantastic and the content is even better.",positive
"For me, The examples made everything easy to understand.",positive
"Finally, The explanation was confusing and poorly organized. haha",negative
"As a beginner, I expected much better from this channel. 👍",negative
"Overall, This is one of the weakest videos on this topic.",negative
"Honestly, This is one of the weakest videos on this topic.",negative
The explanation was confusing and poorly organized.,negative
"Finally, The video is around ten minutes long.",neutral
"For me, I am watching this for a college assignment.",neutral
"Not gonna lie, There is a link mentioned in the description. 😂",neutral
"Personally, I am watching this for a college assignment.",neutral
"Personally, There are several examples in the video.",neutral
"Personally, The title is misleading.",negative
"Overall, Excellent work by the creator.",positive
"not gonna lie, i will come back to this video later. 👍",neutral
"Finally, You explained this topic really well.",positive
"Personally, Very disappointing content. :)",negative
"Not gonna lie, Keep making content like this! 😊",positive
"As a student, This video was a complete waste of time. :)",negative
"Not gonna lie, The video is about the topic mentioned in the title.",neutral
"As a beginner, I really enjoyed watching this.",positive
"For me, I am watching this for a college assignment. ❤️",neutral
"Honestly, I came here randomly and ended up learning a lot.",positive
"As a student, This is a tutorial about the basics.",neutral
"Honestly, I am taking notes while watching this.",neutral
This was recommended on my homepage.,neutral
"In my opinion, I am watching this for a college assignment.",neutral
"Not gonna lie, This video was a complete waste of time! lol",negative
"For me, This is one of the weakest videos on this topic.",negative
"as a student, this was not worth my time. 😊",negative
"As a beginner, I really enjoyed watching this. haha",positive
"In my opinion, The video is about the topic mentioned in the title. 😊",neutral
"After watching this, I watched this video today.!!!",neutral
i am taking notes while watching this.,neutral
"Overall, The comments section has many different opinions.",neutral
"Not gonna lie, This video helped me solve my problem.",positive
"In my opinion, The creator uses slides to explain the topic.",neutral
"Personally, This is one of the weakest videos on this topic.",negative
"honestly, excellent work by the creator. 🔥",positive
"Finally, This video helped me solve my problem.",positive
"Overall, The video is way too long for such a simple topic.",negative
"Not gonna lie, The video contains a practical demonstration. 😍",neutral
"For me, I expected much better from this channel.",negative
"Honestly, This video helped me solve my problem.",positive
"After watching this, I stopped watching halfway through. :)",negative
"As a beginner, This deserves way more views.",positive
"After watching this, The creator uploaded another video on this topic.",neutral
"for me, i found this while searching for information.",neutral
"In my opinion, Finally someone explained it properly. 🙌",positive
"As a student, The title is misleading. 😊",negative
"As a student, I came here randomly and ended up learning a lot.",positive
"Honestly, I am taking notes while watching this.",neutral
"Personally, The video was uploaded recently. ❤️",neutral
the video is around ten minutes long.,neutral
"As a beginner, This video was a complete waste of time!",negative
"As a beginner, This video was a complete waste of time!",negative
"As a beginner, I found this while searching for information. 👍",neutral
"Overall, Keep making content like this!",positive
"Not gonna lie, Too many ads and not enough useful information.",negative
"Honestly, I came here randomly and ended up learning a lot.",positive
"personally, one of the best videos on this topic.",positive
"Personally, This video helped me solve my problem.",positive
"In my opinion, Great explanation, everything was very clear.",positive
"as a student, i watched this on my phone. 👍",neutral
"for me, the video is about the topic mentioned in the title.",neutral
"Overall, There is a link mentioned in the description. 😊",neutral
"Honestly, I found this while searching for information.",neutral
"In my opinion, Too many ads and not enough useful information.",negative
"As a beginner, There is too much unnecessary talking.",negative
"Finally, There is too much unnecessary talking.",negative
"Personally, The quality has gone downhill.",negative
"Personally, One of the best videos on this topic. :)",positive
"As a beginner, This channel keeps getting better. lol",positive
"Not gonna lie, The explanation was confusing and poorly organized. 🔥",negative
"Personally, I regret clicking on this video. 🙌",negative
"for me, i will come back to this video later.",neutral
"For me, This video helped me solve my problem.",positive
"As a beginner, You explained this topic really well. :)",positive
"For me, Great explanation, everything was very clear. 😊",positive
"finally, i watched the whole thing without getting bored. 👍",positive
"After watching this, The title is misleading.",negative
"Personally, The video is around ten minutes long. 🔥",neutral
"Finally, The editing is fantastic and the content is even better. 🔥",positive
"Overall, The video is about the topic mentioned in the title.",neutral
"As a beginner, This video is absolutely amazing, I learned so much!",positive
"Personally, There is too much unnecessary talking! 😊",negative
"Personally, The video is way too long for such a simple topic!!!!",negative
"In my opinion, The video contains a practical demonstration.",neutral
"As a beginner, The quality has gone downhill.",negative
"As a student, I watched this video today. haha",neutral
"Personally, The video is about the topic mentioned in the title.",neutral
"Honestly, I watched this video today.!!!",neutral
"As a beginner, I really enjoyed watching this.",positive
"Finally, The audio quality is terrible.",negative
"After watching this, This deserves way more views. 👍",positive
"Not gonna lie, The video was uploaded recently.",neutral
"for me, the video covers both theory and examples.",neutral
"As a beginner, The video covers both theory and examples.",neutral
"after watching this, keep making content like this!",positive
"As a student, The video is about the topic mentioned in the title.",neutral
I am taking notes while watching this. 🔥,neutral
"Overall, I could not understand what the creator was trying to say.",negative
"In my opinion, I really enjoyed watching this.",positive
"Personally, Great explanation, everything was very clear. 😂",positive
"Honestly, Very informative and entertaining at the same time.",positive
"In my opinion, I am taking notes while watching this. 👍",neutral
"Personally, The audio quality is terrible.",negative
"As a student, Great explanation, everything was very clear.",positive
"as a student, i could not understand what the creator was trying to say. 😊",negative
This was recommended on my homepage. lol,neutral
"personally, this was recommended on my homepage. :)",neutral
"For me, This is one of the weakest videos on this topic. lol",negative
"Finally, The examples made everything easy to understand.",positive
"As a beginner, I watched the whole thing without getting bored.",positive
"In my opinion, The explanation was simple and practical.",positive
"Honestly, The video was uploaded recently. 👍",neutral
"For me, I watched this video today.",neutral
"Overall, The creator uses slides to explain the topic.",neutral
"Overall, This topic is discussed in the second half. 🔥",neutral
"After watching this, This deserves way more views.",positive
"Finally, The video covers both theory and examples.",neutral
"As a beginner, This video helped me solve my problem.",positive
"In my opinion, This topic is discussed in the second half.",neutral
"Finally, The video is about the topic mentioned in the title.",neutral
"In my opinion, The video was uploaded recently. :)",neutral
"Honestly, This video was a complete waste of time.",negative
"for me, i regret clicking on this video.",negative
"Not gonna lie, I watched the whole thing without getting bored. :)",positive
"Honestly, I watched this on my phone.",neutral
"Personally, I really enjoyed watching this.",positive
"For me, I watched this video today.",neutral
"Not gonna lie, I really enjoyed watching this. 😂",positive
This deserves way more views. 😂,positive
"Personally, This video was a complete waste of time.",negative
"not gonna lie, keep making content like this!",positive
"As a beginner, This was recommended on my homepage.",neutral
"As a student, You explained this topic really well. 😍",positive
"As a student, The information is outdated and not helpful.",negative
"Honestly, Finally someone explained it properly. 😊",positive
"Honestly, The audio quality is terrible.",negative
"As a beginner, Great explanation, everything was very clear.",positive
The video covers both theory and examples.,neutral
"Honestly, I am watching this for a college assignment. 😊",neutral
"For me, Excellent work by the creator. lol",positive
"Not gonna lie, The quality has gone downhill.",negative
"for me, i came here randomly and ended up learning a lot.",positive
"As a student, The editing is distracting and annoying.",negative
"As a student, This deserves way more views!!!!",positive
"Honestly, I watched this on my phone. 😍",neutral
"After watching this, This video helped me solve my problem.",positive
"For me, Very informative and entertaining at the same time. 🔥",positive
Loved every second of this video.,positive
"As a student, This topic is discussed in the second half. 🔥",neutral
"Honestly, The explanation was simple and practical.",positive
"For me, The audio quality is terrible.",negative
"Honestly, I am taking notes while watching this. haha",neutral
"In my opinion, This video was a complete waste of time.",negative
"As a beginner, I regret clicking on this video.",negative
"Personally, This was recommended on my homepage.!!!",neutral
"For me, The editing is distracting and annoying.",negative
"As a beginner, I expected much better from this channel.",negative
"Honestly, The audio quality is terrible. ❤️",negative
"as a student, this was not worth my time. haha",negative
"After watching this, Keep making content like this!",positive
I could not understand what the creator was trying to say! :),negative
"Not gonna lie, Excellent work by the creator.",positive
The video is around ten minutes long. 😂,neutral
"After watching this, The editing is distracting and annoying. 🙌",negative
"Not gonna lie, I regret clicking on this video.",negative
"Not gonna lie, The comments section has many different opinions. 😊",neutral
"Personally, The video covers both theory and examples.",neutral
"As a beginner, This was not worth my time.",negative
"Finally, There is too much unnecessary talking.",negative
"Personally, This video was a complete waste of time. haha",negative
"Honestly, The editing is fantastic and the content is even better. ❤️",positive
"Overall, There is too much unnecessary talking.",negative
"Overall, Keep making content like this!",positive
"As a beginner, This is one of the weakest videos on this topic.",negative
I found this while searching for information. ❤️,neutral
"Finally, There are several examples in the video.",neutral
"Honestly, Loved every second of this video.",positive
"Finally, Very informative and entertaining at the same time. 😂",positive
"not gonna lie, excellent work by the creator.",positive
"not gonna lie, this was recommended on my homepage. 🙌",neutral
This video was a complete waste of time.,negative
"in my opinion, this deserves way more views.",positive
"Honestly, There are several examples in the video.",neutral
"In my opinion, This topic is discussed in the second half. 🔥",neutral
"Honestly, The video is way too long for such a simple topic. 🔥",negative
"For me, The video contains a practical demonstration.",neutral
"Finally, This is exactly what I was looking for! haha",positive
"As a beginner, This is a tutorial about the basics. 👍",neutral
"For me, This is one of the weakest videos on this topic. 🔥",negative
"In my opinion, There are several examples in the video. haha",neutral
"in my opinion, great explanation, everything was very clear.",positive
"Overall, The examples made everything easy to understand. :)",positive
"As a beginner, The editing is distracting and annoying.",negative
"Overall, There is too much unnecessary talking. haha",negative
"Finally, I watched this video today. 👍",neutral
"After watching this, I watched this video today. 🔥",neutral
"Overall, One of the best videos on this topic.",positive
"Overall, The quality has gone downhill.",negative
"Finally, The video covers both theory and examples.",neutral
"After watching this, I stopped watching halfway through. 👍",negative
"for me, there is too much unnecessary talking.",negative
"Overall, I watched this on my phone.",neutral
"As a beginner, This video helped me solve my problem! haha",positive
"overall, too many ads and not enough useful information.",negative
"As a student, I came here randomly and ended up learning a lot.",positive
"For me, The creator uses slides to explain the topic.!!!",neutral
"In my opinion, Too many ads and not enough useful information.",negative
"finally, there is too much unnecessary talking. haha",negative
"Overall, Too many ads and not enough useful information.",negative
"Overall, The quality has gone downhill.!!!",negative
The quality has gone downhill.,negative
"For me, This is a tutorial about the basics.!!!",neutral
"not gonna lie, the video covers both theory and examples. :)",neutral
"Not gonna lie, The video feels rushed and incomplete! 🙌",negative
"After watching this, This is one of the weakest videos on this topic.",negative
I am taking notes while watching this.,neutral
"honestly, this was not worth my time!",negative
"Not gonna lie, This explanation made the topic more confusing.",negative
"Overall, I found this while searching for information. 😂",neutral
"Personally, This video helped me solve my problem.",positive
"Finally, I expected much better from this channel. 🔥",negative
"Personally, This deserves way more views. ❤️",positive
"Not gonna lie, This video helped me solve my problem. 👍",positive
"Overall, Such a useful video, thank you for sharing. 🔥",positive
"In my opinion, I could not understand what the creator was trying to say. 👍",negative
"for me, i really enjoyed watching this. :)",positive
"For me, I am taking notes while watching this.",neutral
"In my opinion, The creator uploaded another video on this topic.",neutral
"Not gonna lie, The video covers both theory and examples. :)",neutral
"Honestly, This is a tutorial about the basics. 🙌",neutral
"In my opinion, This is exactly what I was looking for.",positive
"Overall, The creator uses slides to explain the topic.",neutral
"As a beginner, The video is around ten minutes long.",neutral
"In my opinion, There is too much unnecessary talking.",negative
"In my opinion, The video covers both theory and examples.",neutral
"Personally, The video was uploaded recently.",neutral
"Not gonna lie, There are several examples in the video.",neutral
"After watching this, I watched this video today.",neutral
"for me, this explanation made the topic more confusing.",negative
"For me, This was not worth my time. 😍",negative
"As a student, There is a link mentioned in the description. 😂",neutral
"After watching this, The video is about the topic mentioned in the title.",neutral
"Finally, I watched this on my phone.",neutral
"After watching this, The information is outdated and not helpful.!!!",negative
"For me, Very informative and entertaining at the same time.",positive
"For me, Very disappointing content. 🙌",negative
"Not gonna lie, I will come back to this video later.",neutral
finally someone explained it properly.,positive
"Overall, I did not find this useful at all.",negative
"Overall, This is exactly what I was looking for.",positive
"Overall, The editing is distracting and annoying. 😍",negative
"Honestly, This topic is discussed in the second half. 😊",neutral
"As a beginner, Loved every second of this video. ❤️",positive
this video was a complete waste of time. 🙌,negative
"For me, The editing is distracting and annoying. 🙌",negative
"After watching this, I watched this video today. haha",neutral
"As a student, The video was uploaded recently. lol",neutral
"Finally, One of the best videos on this topic.",positive
"Finally, Keep making content like this!",positive
"After watching this, The audio quality is terrible. haha",negative
"Honestly, I did not find this useful at all.",negative
"Finally, The video covers both theory and examples.",neutral
"As a beginner, I came here randomly and ended up learning a lot. 😊",positive
"Honestly, This channel keeps getting better.",positive
The examples made everything easy to understand.,positive
The editing is fantastic and the content is even better. ❤️,positive
The video was uploaded recently.,neutral
"Finally, Very informative and entertaining at the same time.",positive
"As a beginner, I found this while searching for information.",neutral
"Honestly, Such a useful video, thank you for sharing. 👍",positive
"Overall, Keep making content like this!",positive
"Finally, Excellent work by the creator.",positive
"Finally, There is a link mentioned in the description. 👍",neutral
"Not gonna lie, The explanation was simple and practical.",positive
"As a student, There are several examples in the video. lol",neutral
This was recommended on my homepage. 😂,neutral
"Personally, The audio quality is terrible.!!!",negative
"Finally, This was not worth my time.",negative
"Overall, I watched this on my phone!",neutral
"After watching this, This video is absolutely amazing, I learned so much!",positive
"Not gonna lie, The video was uploaded recently. 😂",neutral
"Personally, I could not understand what the creator was trying to say.",negative
"As a beginner, The video covers both theory and examples. 🙌",neutral
"Personally, The explanation was confusing and poorly organized. 😊",negative
"honestly, this is exactly what i was looking for.",positive
"As a student, The video is around ten minutes long.",neutral
"As a student, The video feels rushed and incomplete. 😊",negative
"After watching this, The editing is distracting and annoying.",negative
"Overall, I expected much better from this channel.",negative
"Honestly, I watched the whole thing without getting bored. 😍",positive
"After watching this, There is too much unnecessary talking. lol",negative
"as a student, keep making content like this!",positive
"As a student, The explanation was confusing and poorly organized.",negative
"after watching this, very informative and entertaining at the same time!",positive
"As a beginner, The explanation was simple and practical. 😂",positive
"Finally, The information is outdated and not helpful. lol",negative
"In my opinion, Very informative and entertaining at the same time. ❤️",positive
"Overall, I am taking notes while watching this.",neutral
"As a student, The video is way too long for such a simple topic.",negative
"For me, I stopped watching halfway through.",negative
"As a beginner, I will come back to this video later. ❤️",neutral
The editing is fantastic and the content is even better!,positive
"Finally, One of the best videos on this topic. 😍",positive
"Overall, The video is about the topic mentioned in the title. 😂",neutral
"In my opinion, Keep making content like this!",positive
Loved every second of this video.,positive
"After watching this, This is one of the weakest videos on this topic. haha",negative
the creator uses slides to explain the topic. 🔥,neutral
"Overall, This was recommended on my homepage. :)",neutral
"Not gonna lie, The creator answers a few questions in the video. lol",neutral
"finally, i will come back to this video later.",neutral
I watched this video today!,neutral
"In my opinion, This is one of the weakest videos on this topic.",negative
"For me, The comments section has many different opinions. ❤️",neutral
"After watching this, The video feels rushed and incomplete. 😊",negative
"In my opinion, This is one of the weakest videos on this topic.!!!",negative
"Overall, This explanation made the topic more confusing.",negative
"As a student, Loved every second of this video.",positive
"As a student, Loved every second of this video.",positive
"Finally, I will come back to this video later.",neutral
"Finally, I watched the whole thing without getting bored. 😊",positive
"In my opinion, The quality has gone downhill. 😍",negative
"Overall, I could not understand what the creator was trying to say.",negative
"not gonna lie, there is a link mentioned in the description. 👍",neutral
"For me, Very informative and entertaining at the same time.",positive
"As a beginner, I watched the whole thing without getting bored. ❤️",positive
I am taking notes while watching this.!!!,neutral
"Overall, I really enjoyed watching this. 😂",positive
"Personally, The creator answers a few questions in the video. 😂",neutral
"In my opinion, The video is around ten minutes long. :)",neutral
"For me, The editing is distracting and annoying.",negative
"As a student, I am watching this for a college assignment. 👍",neutral
"Honestly, I came here randomly and ended up learning a lot.",positive
"Personally, The explanation was confusing and poorly organized.",negative
"In my opinion, I regret clicking on this video.",negative
"personally, this deserves way more views. :)",positive
"as a student, there are several examples in the video.",neutral
"as a student, excellent work by the creator!",positive
"In my opinion, I am taking notes while watching this.",neutral
"For me, I watched this on my phone.",neutral
"In my opinion, The examples made everything easy to understand.!!!",positive
"honestly, this is a tutorial about the basics.",neutral
"As a beginner, This was recommended on my homepage. ❤️",neutral
"Honestly, I did not find this useful at all. 😍",negative
"Finally, Very informative and entertaining at the same time.",positive
"Honestly, I am watching this for a college assignment. 😂",neutral
"Finally, I found this while searching for information. 🔥",neutral
"As a student, Finally someone explained it properly. 😍",positive
"In my opinion, The video was uploaded recently. 😍",neutral
"Not gonna lie, The creator uses slides to explain the topic.",neutral
"In my opinion, I expected much better from this channel. 😍",negative
The editing is distracting and annoying.,negative
"Not gonna lie, I could not understand what the creator was trying to say. lol",negative
"For me, I am watching this for a college assignment.",neutral
there is a link mentioned in the description.,neutral
"after watching this, the title is misleading.",negative
"After watching this, The explanation was simple and practical. 🙌",positive
"personally, this video was a complete waste of time.",negative
"As a beginner, The video is about the topic mentioned in the title.",neutral
"Overall, The editing is fantastic and the content is even better. 😍",positive
"Finally, I could not understand what the creator was trying to say. ❤️",negative
"Finally, I watched the whole thing without getting bored. haha",positive
"For me, Excellent work by the creator.",positive
"Finally, This was recommended on my homepage.",neutral
The editing is distracting and annoying.,negative
"Finally, This is a tutorial about the basics.",neutral
"honestly, the title is misleading.",negative
"Finally, This video was a complete waste of time.",negative
"As a beginner, I regret clicking on this video. :)",negative
"Personally, I will come back to this video later. ❤️",neutral
"For me, I will come back to this video later. 🙌",neutral
"For me, The video was uploaded recently. ❤️",neutral
"As a beginner, The information is outdated and not helpful.",negative
"As a beginner, This video helped me solve my problem.",positive
"Personally, I watched this on my phone. 👍",neutral
"In my opinion, This is a tutorial about the basics. 😊",neutral
"After watching this, This is one of the weakest videos on this topic.",negative
The comments section has many different opinions.,neutral
"For me, The examples made everything easy to understand.",positive
"Honestly, I could not understand what the creator was trying to say.",negative
"Overall, Very disappointing content. ❤️",negative
"Honestly, I am watching this for a college assignment.",neutral
The information is outdated and not helpful.,negative
"After watching this, There is a link mentioned in the description.",neutral
"In my opinion, I watched this on my phone.",neutral
"Honestly, This is one of the weakest videos on this topic.",negative
"Finally, Excellent work by the creator.",positive
"Personally, This was recommended on my homepage.",neutral
"Overall, Very informative and entertaining at the same time. 😂",positive
"As a beginner, This explanation made the topic more confusing.",negative
"Honestly, Keep making content like this!",positive
"As a student, I could not understand what the creator was trying to say.",negative
"For me, I found this while searching for information. ❤️",neutral
"Finally, The video is way too long for such a simple topic.",negative
This video helped me solve my problem.,positive
"After watching this, This channel keeps getting better. lol",positive
"As a beginner, Finally someone explained it properly.",positive
"as a beginner, there are several examples in the video. 👍",neutral
"Honestly, I stopped watching halfway through.",negative
"Overall, There is too much unnecessary talking.",negative
"Honestly, This channel keeps getting better.",positive
"As a beginner, This was recommended on my homepage.",neutral
"Overall, This channel keeps getting better. 🔥",positive
"As a beginner, There is too much unnecessary talking.",negative
"After watching this, The audio quality is terrible. 😍",negative
"Overall, I found this while searching for information. 😊",neutral
"Personally, This video helped me solve my problem.!!!",positive
"Personally, Too many ads and not enough useful information. 👍",negative
"Finally, The creator uploaded another video on this topic.",neutral
"After watching this, You explained this topic really well.",positive
"After watching this, One of the best videos on this topic. 😊",positive
"In my opinion, Too many ads and not enough useful information. 🙌",negative
"Honestly, This was not worth my time. 😊",negative
"as a beginner, i really enjoyed watching this.",positive
"In my opinion, I expected much better from this channel.",negative
I could not understand what the creator was trying to say. 🔥,negative
"Honestly, The video is around ten minutes long.",neutral
One of the best videos on this topic.,positive
"Finally, The editing is fantastic and the content is even better. ❤️",positive
"in my opinion, the creator answers a few questions in the video. 🙌",neutral
"Overall, The creator uploaded another video on this topic. 😍",neutral
"After watching this, This channel keeps getting better.",positive
"as a student, i will come back to this video later.",neutral
"Finally, This is exactly what I was looking for.",positive
"As a student, This is exactly what I was looking for!",positive
"Honestly, This was not worth my time. 😂",negative
This explanation made the topic more confusing. 😍,negative
"Personally, I am taking notes while watching this. 😊",neutral
"Personally, I am watching this for a college assignment. ❤️",neutral
"Finally, The video is about the topic mentioned in the title. 🙌",neutral
"Not gonna lie, There are several examples in the video. 🔥",neutral
"As a beginner, The video is around ten minutes long. 🙌",neutral
"As a student, Excellent work by the creator.",positive
"After watching this, There is too much unnecessary talking.",negative
"Honestly, This is one of the weakest videos on this topic.",negative
"As a beginner, The title is misleading.",negative
"For me, I am watching this for a college assignment. :)",neutral
"As a student, I really enjoyed watching this.",positive
"As a student, There is a link mentioned in the description. 😍",neutral
"After watching this, The title is misleading.",negative
"After watching this, I stopped watching halfway through.",negative
"In my opinion, The video is about the topic mentioned in the title.",neutral
"Finally, I found this while searching for information. 😊",neutral
"Finally, I regret clicking on this video.",negative
"Overall, The examples made everything easy to understand. 😍",positive
"Personally, I regret clicking on this video.",negative
"Personally, This is exactly what I was looking for. 👍",positive
"Finally, The explanation was confusing and poorly organized. 😊",negative
"after watching this, the quality has gone downhill!",negative
"For me, The creator uses slides to explain the topic.",neutral
I watched this on my phone. 😂,neutral
I expected much better from this channel.,negative
"Finally, This channel keeps getting better.",positive
"Finally, This video was a complete waste of time. :)",negative
"finally, this is exactly what i was looking for.",positive
"Personally, This topic is discussed in the second half.",neutral
"personally, loved every second of this video! :)",positive
"Finally, The editing is fantastic and the content is even better.",positive
"as a beginner, i did not find this useful at all.",negative
Very informative and entertaining at the same time. :),positive
"for me, this channel keeps getting better.",positive
"After watching this, The creator uses slides to explain the topic. 😍",neutral
"Personally, This video is absolutely amazing, I learned so much!",positive
"After watching this, The editing is distracting and annoying.!!!",negative
"As a beginner, This was not worth my time. 🙌",negative
"Not gonna lie, The creator answers a few questions in the video.",neutral
"honestly, i stopped watching halfway through.",negative
"As a beginner, The quality has gone downhill.",negative
There is too much unnecessary talking.,negative
"Overall, I will come back to this video later.",neutral
"After watching this, There is too much unnecessary talking.",negative
"Honestly, The video covers both theory and examples.",neutral
"As a beginner, There is too much unnecessary talking. lol",negative
"As a student, The explanation was confusing and poorly organized. :)",negative
"Overall, The creator uploaded another video on this topic.",neutral
"In my opinion, I watched this video today.",neutral
"Not gonna lie, This is a tutorial about the basics.",neutral
"Honestly, Too many ads and not enough useful information.",negative
The creator answers a few questions in the video. 🙌,neutral
"Finally, This was not worth my time.",negative
"Overall, The editing is fantastic and the content is even better.",positive
"After watching this, This topic is discussed in the second half. 😂",neutral
"Overall, Keep making content like this!",positive
"For me, This channel keeps getting better.",positive
"For me, This was recommended on my homepage.",neutral
"finally, i will come back to this video later. 🙌",neutral
"Honestly, I regret clicking on this video.",negative
"Overall, I watched this video today. lol",neutral
"In my opinion, Too many ads and not enough useful information.",negative
This is a tutorial about the basics. :),neutral
"For me, Too many ads and not enough useful information. 🔥",negative
"Not gonna lie, One of the best videos on this topic.",positive
"In my opinion, This is one of the weakest videos on this topic. haha",negative
"After watching this, The creator answers a few questions in the video.",neutral
"Honestly, This video was a complete waste of time. 👍",negative
"Overall, The information is outdated and not helpful. 😂",negative
"for me, the video contains a practical demonstration. 😂",neutral
"As a student, The creator answers a few questions in the video. 🙌",neutral
"as a student, the video feels rushed and incomplete. haha",negative
"Overall, I will come back to this video later.",neutral
I did not find this useful at all!,negative
"Honestly, This explanation made the topic more confusing.",negative
"Honestly, Too many ads and not enough useful information. ❤️",negative
"For me, The video feels rushed and incomplete.",negative
"Honestly, Very informative and entertaining at the same time. 🙌",positive
"Finally, I could not understand what the creator was trying to say. lol",negative
"For me, This video was a complete waste of time. 👍",negative
"Finally, Finally someone explained it properly.",positive
"In my opinion, The editing is distracting and annoying. 🙌",negative
"Not gonna lie, Very informative and entertaining at the same time. haha",positive
"In my opinion, The creator uses slides to explain the topic. haha",neutral
"Finally, The examples made everything easy to understand. :)",positive
"Personally, Great explanation, everything was very clear.",positive
"As a beginner, Excellent work by the creator.",positive
"After watching this, The audio quality is terrible.",negative
"Not gonna lie, The creator uses slides to explain the topic. 😂",neutral
"After watching this, This is one of the weakest videos on this topic.",negative
"After watching this, I watched this video today. 😊",neutral
"In my opinion, Loved every second of this video.",positive
"After watching this, I will come back to this video later! 🔥",neutral
"For me, The video contains a practical demonstration.",neutral
I watched this on my phone. ❤️,neutral
"as a student, the video contains a practical demonstration.",neutral
"Personally, The video is about the topic mentioned in the title!",neutral
"As a beginner, This was not worth my time.",negative
"After watching this, Too many ads and not enough useful information. 😂",negative
"After watching this, I watched this on my phone! lol",neutral
"For me, I regret clicking on this video. ❤️",negative
"Not gonna lie, I expected much better from this channel. haha",negative
"In my opinion, This deserves way more views.",positive
"In my opinion, I could not understand what the creator was trying to say. :)",negative
"As a student, Too many ads and not enough useful information. 😍",negative
"For me, The creator uploaded another video on this topic.",neutral
"Finally, The quality has gone downhill.!!!",negative
"After watching this, This topic is discussed in the second half.",neutral
"Overall, I regret clicking on this video.",negative
"As a beginner, The information is outdated and not helpful.",negative
"After watching this, I regret clicking on this video.!!!",negative
"Honestly, I am taking notes while watching this!",neutral
"Honestly, The quality has gone downhill.",negative
"Honestly, I expected much better from this channel. 😂",negative
"In my opinion, There are several examples in the video.",neutral
This is exactly what I was looking for.,positive
"Finally, I stopped watching halfway through.",negative
"overall, i watched this on my phone.",neutral
"Finally, Very informative and entertaining at the same time.",positive
"After watching this, The editing is distracting and annoying.",negative
"For me, The editing is distracting and annoying.!!!",negative
"For me, There is a link mentioned in the description.",neutral
"Finally, This explanation made the topic more confusing. 😍",negative
I am taking notes while watching this.,neutral
"Finally, The video is way too long for such a simple topic. 🙌",negative
This channel keeps getting better.,positive
"in my opinion, i am watching this for a college assignment.",neutral
"Honestly, This was not worth my time.",negative
"After watching this, There are several examples in the video.",neutral
"As a beginner, The creator answers a few questions in the video. haha",neutral
"Finally, The information is outdated and not helpful.",negative
This channel keeps getting better.,positive
"In my opinion, The editing is fantastic and the content is even better.",positive
"Finally, I came here randomly and ended up learning a lot.",positive
The comments section has many different opinions.,neutral
The video is way too long for such a simple topic. :),negative
The editing is fantastic and the content is even better.,positive
"In my opinion, This is one of the weakest videos on this topic.",negative
"Personally, There is too much unnecessary talking.",negative
"As a beginner, The comments section has many different opinions. 🔥",neutral
"Finally, This explanation made the topic more confusing.",negative
"not gonna lie, i could not understand what the creator was trying to say.",negative
"Overall, This is a tutorial about the basics.",neutral
"Honestly, This is a tutorial about the basics.",neutral
"Overall, The examples made everything easy to understand.",positive
"For me, I expected much better from this channel! lol",negative
"Honestly, This channel keeps getting better.!!!",positive
"As a beginner, This topic is discussed in the second half.",neutral
"Not gonna lie, The explanation was confusing and poorly organized.",negative
The video is around ten minutes long.,neutral
"Personally, Loved every second of this video. 😂",positive
"Honestly, The examples made everything easy to understand.",positive
"Honestly, Finally someone explained it properly. 😂",positive
"Personally, The explanation was confusing and poorly organized.",negative
"Finally, The video contains a practical demonstration. :)",neutral
"Personally, I watched the whole thing without getting bored. 😂",positive
"Not gonna lie, This is exactly what I was looking for.",positive
"Overall, I expected much better from this channel.",negative
"As a beginner, I will come back to this video later. 🙌",neutral
"Overall, I stopped watching halfway through.",negative
"As a student, Great explanation, everything was very clear. 🙌",positive
"In my opinion, This topic is discussed in the second half!",neutral
"For me, I stopped watching halfway through.",negative
"Not gonna lie, The title is misleading. 😂",negative
"As a student, This was not worth my time!",negative
"Honestly, The editing is fantastic and the content is even better.",positive
"In my opinion, This was not worth my time. lol",negative
"In my opinion, There are several examples in the video. haha",neutral
"After watching this, I really enjoyed watching this. 👍",positive
"In my opinion, Keep making content like this!",positive
"After watching this, This video helped me solve my problem. ❤️",positive
"Personally, There is a link mentioned in the description.",neutral
"Personally, Very informative and entertaining at the same time.",positive
"As a student, I regret clicking on this video. 😂",negative
"Personally, The explanation was confusing and poorly organized.",negative
"Overall, The editing is fantastic and the content is even better. 🔥",positive
This video helped me solve my problem.,positive
"Personally, The editing is distracting and annoying. 😊",negative
"Not gonna lie, One of the best videos on this topic. 😂",positive
"Not gonna lie, I found this while searching for information.",neutral
"In my opinion, The video covers both theory and examples.",neutral
"Personally, This video is absolutely amazing, I learned so much! 👍",positive
"Honestly, I found this while searching for information. haha",neutral
"Finally, The video contains a practical demonstration.",neutral
"As a beginner, Keep making content like this!",positive
"Honestly, This channel keeps getting better.",positive
"Honestly, This deserves way more views. 🔥",positive
"As a beginner, I watched this video today.",neutral
"For me, This is exactly what I was looking for. ❤️",positive
"For me, This channel keeps getting better. 😂",positive
"as a beginner, the information is outdated and not helpful.",negative
"As a beginner, The comments section has many different opinions. haha",neutral
"As a student, The creator answers a few questions in the video.",neutral
"Honestly, The video is around ten minutes long.",neutral
"Overall, Such a useful video, thank you for sharing.",positive
"In my opinion, The audio quality is terrible.",negative
"Personally, I regret clicking on this video.",negative
The video is way too long for such a simple topic.,negative
"Not gonna lie, This is one of the weakest videos on this topic.",negative
"Finally, The creator uploaded another video on this topic.",neutral
"as a beginner, finally someone explained it properly. lol",positive
"Overall, Such a useful video, thank you for sharing.",positive
"After watching this, I stopped watching halfway through. 😂",negative
"Honestly, This channel keeps getting better.",positive
This deserves way more views.,positive
"For me, There is too much unnecessary talking. 😂",negative
The explanation was confusing and poorly organized.,negative
"As a beginner, This channel keeps getting better. 🙌",positive
I really enjoyed watching this.,positive
"Personally, You explained this topic really well.!!!",positive
"As a student, This video is absolutely amazing, I learned so much! ❤️",positive
"As a student, Very informative and entertaining at the same time.",positive
"Honestly, I regret clicking on this video. 😂",negative
"Overall, I watched the whole thing without getting bored. ❤️",positive
"After watching this, I regret clicking on this video.",negative
"After watching this, Great explanation, everything was very clear.!!!",positive
"As a student, I am watching this for a college assignment.",neutral
"after watching this, i came here randomly and ended up learning a lot.",positive
The quality has gone downhill! 😂,negative
"As a student, The editing is fantastic and the content is even better.",positive
"Honestly, This topic is discussed in the second half. 🔥",neutral
"This video is absolutely amazing, I learned so much! 😊",positive
"As a student, The information is outdated and not helpful.",negative
"Overall, The video was uploaded recently. 😂",neutral
"Not gonna lie, I did not find this useful at all. 🔥",negative
I expected much better from this channel.,negative
"Not gonna lie, I did not find this useful at all. 😊",negative
"After watching this, I found this while searching for information.",neutral
There is a link mentioned in the description.,neutral
I did not find this useful at all! ❤️,negative
"In my opinion, The explanation was confusing and poorly organized.",negative
"Overall, You explained this topic really well. ❤️",positive
"After watching this, This was recommended on my homepage.",neutral
"In my opinion, The explanation was simple and practical. 👍",positive
"After watching this, Very informative and entertaining at the same time.",positive
"After watching this, This was not worth my time. :)",negative
"As a beginner, You explained this topic really well. 😂",positive
"For me, I came here randomly and ended up learning a lot. :)",positive
"Overall, The video covers both theory and examples.",neutral
"For me, I stopped watching halfway through.",negative
"After watching this, The explanation was confusing and poorly organized.",negative
"After watching this, The editing is fantastic and the content is even better. 😍",positive
"As a student, This topic is discussed in the second half! lol",neutral
"Personally, Such a useful video, thank you for sharing.",positive
"Honestly, I really enjoyed watching this.",positive
"As a beginner, I stopped watching halfway through.",negative
"Honestly, This is a tutorial about the basics.",neutral
"Personally, I am taking notes while watching this.",neutral
"Overall, This video was a complete waste of time.",negative
The video contains a practical demonstration.,neutral
"Not gonna lie, Too many ads and not enough useful information.!!!",negative
"Not gonna lie, The creator uses slides to explain the topic.",neutral
"Personally, I stopped watching halfway through.",negative
"Finally, This channel keeps getting better.",positive
"After watching this, Very disappointing content.",negative
"Personally, Loved every second of this video.!!!",positive
"Not gonna lie, I came here randomly and ended up learning a lot. 😍",positive
"As a student, The explanation was confusing and poorly organized.",negative
"For me, I could not understand what the creator was trying to say.",negative
"After watching this, The creator uploaded another video on this topic.",neutral
"Not gonna lie, This channel keeps getting better.",positive
"Honestly, The information is outdated and not helpful. haha",negative
"Personally, You explained this topic really well. 👍",positive
"Finally, The video contains a practical demonstration. 🔥",neutral
The creator uploaded another video on this topic.,neutral
"After watching this, The video contains a practical demonstration.",neutral
"Not gonna lie, Great explanation, everything was very clear.",positive
"For me, There is too much unnecessary talking. :)",negative
"Honestly, This video was a complete waste of time. 😊",negative
"As a student, The video contains a practical demonstration. haha",neutral
"Overall, Great explanation, everything was very clear. 😊",positive
"In my opinion, I watched this video today.",neutral
"Finally, I watched the whole thing without getting bored. 👍",positive
"Such a useful video, thank you for sharing.",positive
"As a student, Keep making content like this! 😂",positive
"Not gonna lie, Loved every second of this video.",positive
"Overall, Such a useful video, thank you for sharing. 😊",positive
"After watching this, I watched this on my phone.",neutral
"Honestly, Loved every second of this video. 😊",positive
"As a student, This channel keeps getting better.",positive
"Not gonna lie, I did not find this useful at all. 🔥",negative
"in my opinion, i came here randomly and ended up learning a lot!",positive
This is exactly what I was looking for.,positive
This channel keeps getting better.,positive
"For me, I found this while searching for information. 👍",neutral
"Finally, Such a useful video, thank you for sharing! 👍",positive
"Not gonna lie, This is a tutorial about the basics.",neutral
"Finally, This explanation made the topic more confusing. 😊",negative
"as a student, too many ads and not enough useful information.",negative
"Finally, The editing is distracting and annoying. 👍",negative
"As a beginner, Excellent work by the creator.",positive
"Honestly, The creator uses slides to explain the topic.",neutral
"After watching this, This is one of the weakest videos on this topic.",negative
"honestly, i found this while searching for information. 😍",neutral
"Personally, I am taking notes while watching this.",neutral
"After watching this, I am taking notes while watching this. ❤️",neutral
"Honestly, The video is around ten minutes long.",neutral
"personally, the examples made everything easy to understand.",positive
"Finally, Very informative and entertaining at the same time.",positive
"Personally, You explained this topic really well. 😂",positive
"As a beginner, There are several examples in the video.",neutral
"Overall, The video feels rushed and incomplete.!!!",negative
"For me, There are several examples in the video.",neutral
"Overall, The video contains a practical demonstration. 🙌",neutral
"In my opinion, I watched this on my phone.",neutral
"Not gonna lie, The video covers both theory and examples.",neutral
The quality has gone downhill.,negative
"Finally, The video covers both theory and examples.",neutral
"In my opinion, Excellent work by the creator.",positive
"In my opinion, I am watching this for a college assignment. ❤️",neutral
"Overall, The title is misleading. haha",negative
"Personally, The explanation was confusing and poorly organized.",negative
"Finally, The video covers both theory and examples. 😂",neutral
"Personally, There is a link mentioned in the description.",neutral
"Honestly, This channel keeps getting better. lol",positive
"For me, This deserves way more views.",positive
"Not gonna lie, The audio quality is terrible.",negative
"As a student, You explained this topic really well.",positive
"Overall, Finally someone explained it properly. 😍",positive
"In my opinion, One of the best videos on this topic.",positive
"as a beginner, the video is about the topic mentioned in the title!",neutral
"Personally, The creator uploaded another video on this topic. 😊",neutral
"Personally, This video helped me solve my problem. 🙌",positive
"For me, There is too much unnecessary talking.",negative
"As a beginner, I really enjoyed watching this. 😊",positive
"Not gonna lie, Very disappointing content.",negative
"As a student, Very informative and entertaining at the same time.",positive
"Overall, Very disappointing content. 🙌",negative
"Honestly, This video was a complete waste of time. lol",negative
"Honestly, I regret clicking on this video.",negative
"Honestly, This video was a complete waste of time.",negative
"After watching this, Great explanation, everything was very clear.",positive
"As a beginner, I found this while searching for information. 🙌",neutral
"Honestly, This is a tutorial about the basics. 😍",neutral
the examples made everything easy to understand.,positive
"As a student, Keep making content like this!",positive
"Finally, This channel keeps getting better.",positive
"Honestly, The creator uses slides to explain the topic. haha",neutral
"Overall, I watched this video today.",neutral
"For me, Loved every second of this video.",positive
"After watching this, I came here randomly and ended up learning a lot. 😂",positive
"Not gonna lie, Such a useful video, thank you for sharing. lol",positive
"For me, There is too much unnecessary talking.",negative
"Overall, This topic is discussed in the second half. 😂",neutral
"After watching this, I watched this on my phone. haha",neutral
"Honestly, The video was uploaded recently. 😂",neutral
"personally, the title is misleading. 🙌",negative
"In my opinion, This deserves way more views.",positive
"not gonna lie, such a useful video, thank you for sharing.",positive
"Not gonna lie, I found this while searching for information.",neutral
"After watching this, The video is about the topic mentioned in the title.",neutral
"Finally, The creator answers a few questions in the video. 🔥",neutral
"As a student, I am watching this for a college assignment.",neutral
"As a student, The video contains a practical demonstration.",neutral
"For me, You explained this topic really well.",positive
One of the best videos on this topic.,positive
"This video is absolutely amazing, I learned so much! lol",positive
"As a student, The creator uploaded another video on this topic. 🔥",neutral
"Overall, This is one of the weakest videos on this topic. 🔥",negative
"In my opinion, This was recommended on my homepage.",neutral
"As a beginner, The video is around ten minutes long. 🔥",neutral
I watched this video today.,neutral
"After watching this, The creator uses slides to explain the topic.",neutral
"Overall, You explained this topic really well. :)",positive
"Overall, The explanation was simple and practical.",positive
"Personally, The video is around ten minutes long. :)",neutral
"As a beginner, The creator uploaded another video on this topic.",neutral
"After watching this, The video feels rushed and incomplete. 🙌",negative
"In my opinion, Such a useful video, thank you for sharing. 😂",positive
"After watching this, This is exactly what I was looking for. 😊",positive
"As a student, The quality has gone downhill.",negative
"As a beginner, I did not find this useful at all. lol",negative
"Overall, I watched the whole thing without getting bored.",positive
"Not gonna lie, This explanation made the topic more confusing.",negative
"For me, The title is misleading.",negative
"As a beginner, This deserves way more views.",positive
"For me, This is a tutorial about the basics. haha",neutral
"Overall, Excellent work by the creator.",positive
"For me, The video covers both theory and examples.",neutral
"As a beginner, I am taking notes while watching this! 😍",neutral
"As a student, I am watching this for a college assignment.",neutral
"In my opinion, I came here randomly and ended up learning a lot.",positive
"Not gonna lie, The editing is fantastic and the content is even better. :)",positive
"Personally, I will come back to this video later. 😂",neutral
"Honestly, The video is way too long for such a simple topic. 😊",negative
"Personally, I stopped watching halfway through.",negative
"Honestly, I found this while searching for information.",neutral
"As a beginner, This video was a complete waste of time.",negative
"Honestly, The information is outdated and not helpful.",negative
"In my opinion, Great explanation, everything was very clear.",positive
"As a student, The explanation was confusing and poorly organized.",negative
"Honestly, I watched this on my phone.",neutral
"personally, the examples made everything easy to understand. 🙌",positive
"After watching this, One of the best videos on this topic.",positive
"As a student, The video was uploaded recently.",neutral
"After watching this, The title is misleading.",negative
"As a beginner, I expected much better from this channel.",negative
"In my opinion, I expected much better from this channel. 🔥",negative
"In my opinion, Too many ads and not enough useful information.",negative
I stopped watching halfway through.,negative
"In my opinion, Loved every second of this video!",positive
"For me, Very informative and entertaining at the same time.",positive
"After watching this, The creator uses slides to explain the topic.",neutral
"As a student, This explanation made the topic more confusing. 👍",negative
"Overall, The audio quality is terrible. lol",negative
"In my opinion, I am watching this for a college assignment.",neutral
"In my opinion, This video helped me solve my problem.",positive
The editing is fantastic and the content is even better.,positive
"Not gonna lie, There is too much unnecessary talking.",negative
"Overall, This is one of the weakest videos on this topic.",negative
"Finally, Too many ads and not enough useful information.",negative
"Finally, The video is way too long for such a simple topic.",negative
"After watching this, Excellent work by the creator.!!!",positive
"As a student, The creator uses slides to explain the topic!",neutral
"In my opinion, I watched the whole thing without getting bored.",positive
"For me, I found this while searching for information. 😂",neutral
"Overall, The editing is fantastic and the content is even better.",positive
"In my opinion, This was recommended on my homepage. :)",neutral
"Honestly, There are several examples in the video. haha",neutral
"Finally, The editing is distracting and annoying. 🙌",negative
"Overall, I could not understand what the creator was trying to say.",negative
"After watching this, The creator uses slides to explain the topic.",neutral
"Honestly, Very informative and entertaining at the same time.!!!",positive
"Overall, The title is misleading.",negative
"As a student, The creator uploaded another video on this topic. 👍",neutral
"In my opinion, There is too much unnecessary talking. 👍",negative
"personally, there are several examples in the video. 🔥",neutral
This was recommended on my homepage.,neutral
"As a student, Too many ads and not enough useful information. 😂",negative
"Personally, I am taking notes while watching this.",neutral
"As a beginner, The explanation was simple and practical.",positive
"After watching this, I found this while searching for information.",neutral
"Personally, The video was uploaded recently.",neutral
"Honestly, There is too much unnecessary talking. 🙌",negative
The information is outdated and not helpful.,negative
"Finally, The title is misleading.",negative
"As a student, Finally someone explained it properly.",positive
"As a beginner, This is a tutorial about the basics. ❤️",neutral
"overall, too many ads and not enough useful information. 👍",negative
"For me, The video feels rushed and incomplete.",negative
"In my opinion, This channel keeps getting better.",positive
"In my opinion, The video is about the topic mentioned in the title.",neutral
"As a beginner, The video contains a practical demonstration. 😊",neutral
"personally, i watched this on my phone. 👍",neutral
"Personally, Finally someone explained it properly. 😍",positive
"not gonna lie, the video is way too long for such a simple topic! :)",negative
I will come back to this video later.,neutral
"For me, There is a link mentioned in the description.",neutral
"As a beginner, The video was uploaded recently.",neutral
"As a beginner, Loved every second of this video.",positive
"After watching this, The title is misleading.!!!",negative
"As a student, Too many ads and not enough useful information.",negative
"Not gonna lie, The creator answers a few questions in the video.",neutral
"Finally, I could not understand what the creator was trying to say.",negative
"Honestly, The video was uploaded recently. haha",neutral
"Personally, I regret clicking on this video. lol",negative
"Finally, I came here randomly and ended up learning a lot.",positive
"After watching this, This is one of the weakest videos on this topic.!!!",negative
"For me, There is too much unnecessary talking.",negative
"Not gonna lie, I came here randomly and ended up learning a lot.",positive
"Finally, I regret clicking on this video!",negative
"In my opinion, The audio quality is terrible.",negative
"After watching this, Loved every second of this video.",positive
You explained this topic really well.,positive
"As a beginner, The video is way too long for such a simple topic. ❤️",negative
"As a student, The creator uses slides to explain the topic. 🙌",neutral
"in my opinion, this is one of the weakest videos on this topic!",negative
"Overall, This explanation made the topic more confusing.",negative
I could not understand what the creator was trying to say. 🔥,negative
"As a student, Finally someone explained it properly. ❤️",positive
"As a student, Excellent work by the creator. 👍",positive
"After watching this, Such a useful video, thank you for sharing. 🔥",positive
"As a beginner, This deserves way more views.",positive
"Overall, Too many ads and not enough useful information. 😂",negative
"Finally, This video helped me solve my problem.",positive
"For me, This is a tutorial about the basics!",neutral
"Finally, The examples made everything easy to understand.",positive
"For me, This video is absolutely amazing, I learned so much! lol",positive
"For me, This deserves way more views.",positive
"Honestly, There are several examples in the video. lol",neutral
"Honestly, I watched this on my phone.",neutral
"For me, This was recommended on my homepage.",neutral
"Finally, The video was uploaded recently.",neutral
"For me, The video covers both theory and examples.",neutral
"Honestly, Loved every second of this video.",positive
"Honestly, The editing is fantastic and the content is even better.",positive
I stopped watching halfway through.,negative
"Honestly, I really enjoyed watching this. 😂",positive
"Finally, This explanation made the topic more confusing. 👍",negative
"Honestly, I stopped watching halfway through.",negative
"After watching this, This deserves way more views.",positive
"In my opinion, The quality has gone downhill.",negative
"As a student, Such a useful video, thank you for sharing.",positive
"Overall, The video is way too long for such a simple topic.",negative
"Finally, This is one of the weakest videos on this topic.",negative
"Honestly, I regret clicking on this video.",negative
"Overall, The explanation was simple and practical. ❤️",positive
"For me, The comments section has many different opinions.",neutral
"personally, too many ads and not enough useful information.",negative
"Finally, This topic is discussed in the second half.",neutral
"Personally, The comments section has many different opinions. 🔥",neutral
"Honestly, The video contains a practical demonstration.",neutral
"Finally, One of the best videos on this topic.",positive
"For me, There is too much unnecessary talking. :)",negative
"in my opinion, the creator answers a few questions in the video.",neutral
"After watching this, The explanation was simple and practical. :)",positive
"After watching this, The video covers both theory and examples.",neutral
"As a beginner, I stopped watching halfway through. ❤️",negative
"As a beginner, The editing is distracting and annoying.!!!",negative
"After watching this, You explained this topic really well.",positive
"For me, I found this while searching for information. 😂",neutral
The information is outdated and not helpful.,negative
"As a beginner, This channel keeps getting better. haha",positive
"For me, The title is misleading. lol",negative
"As a beginner, This video is absolutely amazing, I learned so much!",positive
there is a link mentioned in the description!,neutral
"After watching this, I will come back to this video later.",neutral
"Personally, Excellent work by the creator. 😍",positive
"In my opinion, The video contains a practical demonstration.",neutral
"Finally, This topic is discussed in the second half.",neutral
"Not gonna lie, There is too much unnecessary talking. 😊",negative
"Not gonna lie, I came here randomly and ended up learning a lot.",positive
"As a student, This is exactly what I was looking for. :)",positive
"After watching this, This was not worth my time! ❤️",negative
"Overall, I regret clicking on this video.",negative
"Overall, This topic is discussed in the second half. 👍",neutral
"Not gonna lie, I came here randomly and ended up learning a lot. haha",positive
"Personally, There are several examples in the video. haha",neutral
"As a student, I came here randomly and ended up learning a lot. :)",positive
"For me, The title is misleading.",negative
"As a student, I watched this on my phone.",neutral
"As a student, Excellent work by the creator.",positive
"Not gonna lie, Great explanation, everything was very clear!",positive
"As a student, This video helped me solve my problem. 😊",positive
"As a beginner, I am watching this for a college assignment. 🔥",neutral
"Overall, The video is about the topic mentioned in the title. 😂",neutral
"As a beginner, I really enjoyed watching this.!!!",positive
"After watching this, This was recommended on my homepage.!!!",neutral
"Not gonna lie, The video contains a practical demonstration.",neutral
"Finally, The editing is fantastic and the content is even better. 😊",positive
"For me, The explanation was simple and practical. 😊",positive
"As a student, Very informative and entertaining at the same time.",positive
"After watching this, Too many ads and not enough useful information. 😍",negative
"As a beginner, One of the best videos on this topic.",positive
This video was a complete waste of time.,negative
"In my opinion, Excellent work by the creator.",positive
"Overall, This explanation made the topic more confusing.",negative
"Honestly, I stopped watching halfway through.",negative
"As a beginner, This channel keeps getting better. haha",positive
"After watching this, The editing is distracting and annoying. 😊",negative
"Honestly, This was not worth my time.",negative
"Finally, I am watching this for a college assignment.",neutral
"In my opinion, I found this while searching for information. 😊",neutral
"as a beginner, i stopped watching halfway through.",negative
"As a student, The editing is fantastic and the content is even better.",positive
"In my opinion, The video was uploaded recently.",neutral
"Finally, Excellent work by the creator.!!!",positive
"Personally, The video is way too long for such a simple topic.!!!",negative
"Honestly, I watched this video today.",neutral
Very disappointing content.,negative
"Finally, I came here randomly and ended up learning a lot.",positive
"After watching this, The creator uses slides to explain the topic.",neutral
"Finally, This topic is discussed in the second half.",neutral
"Personally, I will come back to this video later. 😊",neutral
"Honestly, I found this while searching for information.!!!",neutral
"As a beginner, I did not find this useful at all.",negative
"As a student, Great explanation, everything was very clear. haha",positive
"Not gonna lie, I really enjoyed watching this. 😊",positive
"As a student, The explanation was confusing and poorly organized. :)",negative
"after watching this, keep making content like this!",positive
"In my opinion, There are several examples in the video.",neutral
"Not gonna lie, I found this while searching for information.",neutral
"Overall, Too many ads and not enough useful information. 😍",negative
"Finally, This was recommended on my homepage.",neutral
"Personally, Great explanation, everything was very clear.!!!",positive
"Finally, Too many ads and not enough useful information.",negative
"Not gonna lie, I found this while searching for information!",neutral
"Not gonna lie, You explained this topic really well. 🔥",positive
"After watching this, Loved every second of this video.",positive
"Finally, The creator uploaded another video on this topic. lol",neutral
"After watching this, The creator answers a few questions in the video.",neutral
"finally, this explanation made the topic more confusing.",negative
I will come back to this video later.,neutral
"After watching this, The comments section has many different opinions.",neutral
"As a student, The video is around ten minutes long.",neutral
"Personally, The information is outdated and not helpful.",negative
"in my opinion, the examples made everything easy to understand. 🙌",positive
"After watching this, The video is about the topic mentioned in the title.",neutral
"Overall, This explanation made the topic more confusing. 👍",negative
"Overall, Very disappointing content.",negative
"In my opinion, The title is misleading.",negative
"After watching this, The video is about the topic mentioned in the title. 🔥",neutral
"Overall, The information is outdated and not helpful. 😍",negative
"As a beginner, I am watching this for a college assignment.",neutral
"Finally, I expected much better from this channel. haha",negative
"For me, The video feels rushed and incomplete!",negative
"After watching this, There are several examples in the video.",neutral
"in my opinion, i am watching this for a college assignment.",neutral
"As a student, I found this while searching for information. 😂",neutral
"For me, One of the best videos on this topic. lol",positive
"Overall, Great explanation, everything was very clear.",positive
"As a beginner, The editing is fantastic and the content is even better.",positive
"Honestly, Finally someone explained it properly.",positive
"Finally, This video was a complete waste of time.",negative
"After watching this, This deserves way more views.",positive
"As a beginner, This video was a complete waste of time. 🙌",negative
"Not gonna lie, You explained this topic really well. lol",positive
"In my opinion, I am taking notes while watching this.",neutral
Finally someone explained it properly.,positive
The explanation was confusing and poorly organized. 🔥,negative
"As a beginner, Very informative and entertaining at the same time.",positive
"Honestly, Loved every second of this video.",positive
"As a student, The examples made everything easy to understand!",positive
"As a student, I could not understand what the creator was trying to say.",negative
"Honestly, Keep making content like this!",positive
"After watching this, The creator uploaded another video on this topic.",neutral
"Personally, The video is way too long for such a simple topic. 😊",negative
"After watching this, I regret clicking on this video! 😍",negative
"After watching this, Excellent work by the creator. ❤️",positive
"Not gonna lie, The quality has gone downhill. 🔥",negative
"As a beginner, This was not worth my time.",negative
"Finally, Very informative and entertaining at the same time.",positive
"Overall, The video is around ten minutes long. 😂",neutral
"Not gonna lie, This topic is discussed in the second half. 😊",neutral
"Not gonna lie, I will come back to this video later.",neutral
"Honestly, I came here randomly and ended up learning a lot. ❤️",positive
"after watching this, such a useful video, thank you for sharing.",positive
"As a beginner, There is too much unnecessary talking. 🔥",negative
"After watching this, There is too much unnecessary talking. 👍",negative
"As a student, The audio quality is terrible.",negative
"Finally, This channel keeps getting better.",positive
"Finally, I really enjoyed watching this.",positive
"Honestly, This was not worth my time.",negative
"For me, The audio quality is terrible.!!!",negative
"Overall, This explanation made the topic more confusing. 🙌",negative
"Personally, The explanation was simple and practical. 😍",positive
"As a beginner, This channel keeps getting better.",positive
"As a student, The video is way too long for such a simple topic. 🔥",negative
"In my opinion, Loved every second of this video. 🙌",positive
"Honestly, I stopped watching halfway through.",negative
"Honestly, I stopped watching halfway through.",negative
"After watching this, The video is way too long for such a simple topic.",negative
"Not gonna lie, One of the best videos on this topic. 👍",positive
"Overall, I did not find this useful at all.",negative
"Personally, I came here randomly and ended up learning a lot.",positive
"As a beginner, There is too much unnecessary talking.",negative
"Honestly, This video is absolutely amazing, I learned so much!",positive
"Overall, The title is misleading. lol",negative
"As a student, The creator uses slides to explain the topic. 😍",neutral
This explanation made the topic more confusing.,negative
"not gonna lie, the video was uploaded recently. haha",neutral
"As a student, The information is outdated and not helpful.",negative
"Honestly, The information is outdated and not helpful. 🔥",negative
"After watching this, Very informative and entertaining at the same time.",positive
"In my opinion, There are several examples in the video.",neutral
"In my opinion, The video contains a practical demonstration. 👍",neutral
"Personally, The quality has gone downhill.!!!",negative
"Personally, Finally someone explained it properly.",positive
"Overall, Such a useful video, thank you for sharing.",positive
I watched this on my phone.,neutral
"After watching this, This deserves way more views.",positive
"Personally, This video was a complete waste of time. :)",negative
"Not gonna lie, Loved every second of this video.!!!",positive
"For me, I watched this video today.",neutral
"As a student, The editing is fantastic and the content is even better. 🙌",positive
"finally, the comments section has many different opinions.",neutral
"Overall, I found this while searching for information!",neutral
"As a beginner, I watched this on my phone. 🔥",neutral
"personally, the information is outdated and not helpful.",negative
"As a beginner, Very informative and entertaining at the same time.",positive
"After watching this, The video covers both theory and examples. lol",neutral
"in my opinion, i am watching this for a college assignment. 😊",neutral
The video is about the topic mentioned in the title.,neutral
"Personally, The video feels rushed and incomplete.",negative
"Honestly, This topic is discussed in the second half.",neutral
"Finally, This is a tutorial about the basics.",neutral
"In my opinion, Very informative and entertaining at the same time.",positive
"After watching this, The audio quality is terrible.",negative
The explanation was confusing and poorly organized.!!!,negative
"For me, You explained this topic really well. 😂",positive
"Finally, Keep making content like this! lol",positive
"After watching this, The video covers both theory and examples.",neutral
"Honestly, I am taking notes while watching this.",neutral
"Finally, The video is around ten minutes long. 😍",neutral
"Honestly, The examples made everything easy to understand.!!!",positive
"In my opinion, I am taking notes while watching this. 🙌",neutral
"As a student, The information is outdated and not helpful. 👍",negative
"Overall, The editing is fantastic and the content is even better. 🙌",positive
"As a student, Too many ads and not enough useful information. 🙌",negative
"For me, This explanation made the topic more confusing. 😂",negative
"Personally, I am taking notes while watching this.",neutral
"Personally, I watched this on my phone.",neutral
"In my opinion, Keep making content like this!",positive
"After watching this, I found this while searching for information. 😂",neutral
"After watching this, Such a useful video, thank you for sharing.",positive
"After watching this, I did not find this useful at all. 🙌",negative
"in my opinion, this was not worth my time.",negative
"Finally, The creator answers a few questions in the video.",neutral
"Personally, I found this while searching for information.",neutral
"in my opinion, i am taking notes while watching this!",neutral
"Great explanation, everything was very clear.",positive
"For me, This is exactly what I was looking for. 🔥",positive
"In my opinion, The creator uploaded another video on this topic.",neutral
"After watching this, Finally someone explained it properly.",positive
"In my opinion, You explained this topic really well.",positive
"Honestly, Very disappointing content. 🔥",negative
"Overall, The examples made everything easy to understand. 🔥",positive
"Not gonna lie, The video was uploaded recently.",neutral
"Honestly, The explanation was confusing and poorly organized.",negative
"As a beginner, This is exactly what I was looking for.!!!",positive
"Overall, The audio quality is terrible. 🔥",negative
"Overall, I regret clicking on this video. 🙌",negative
"As a beginner, This video helped me solve my problem. 🔥",positive
"For me, This topic is discussed in the second half.!!!",neutral
"For me, The examples made everything easy to understand.",positive
"In my opinion, The video was uploaded recently.",neutral
"as a beginner, you explained this topic really well. 😂",positive
I really enjoyed watching this.,positive
"Finally, Too many ads and not enough useful information.",negative
"Not gonna lie, The video was uploaded recently. haha",neutral
"Finally, I regret clicking on this video.!!!",negative
"Overall, The video is way too long for such a simple topic.",negative
"Personally, I watched this on my phone. ❤️",neutral
"Overall, Keep making content like this! ❤️",positive
"As a student, The creator uploaded another video on this topic.",neutral
"As a student, There is too much unnecessary talking. 🙌",negative
"For me, The video is about the topic mentioned in the title.",neutral
"In my opinion, The comments section has many different opinions.",neutral
"Not gonna lie, Very informative and entertaining at the same time.",positive
"for me, this was recommended on my homepage.",neutral
"After watching this, I came here randomly and ended up learning a lot.",positive
"Personally, I regret clicking on this video.",negative
"After watching this, This was recommended on my homepage.",neutral
"after watching this, this video is absolutely amazing, i learned so much! 😍",positive
"Overall, There is too much unnecessary talking. lol",negative
"In my opinion, This video helped me solve my problem. lol",positive
"Not gonna lie, I stopped watching halfway through. 😍",negative
"Personally, I watched the whole thing without getting bored. ❤️",positive
"After watching this, This explanation made the topic more confusing. 👍",negative
"In my opinion, The creator answers a few questions in the video. ❤️",neutral
"Not gonna lie, I regret clicking on this video!",negative
"Finally, I am watching this for a college assignment.",neutral
"Honestly, The editing is distracting and annoying. 🔥",negative
"Overall, This video is absolutely amazing, I learned so much! 🙌",positive
"For me, I will come back to this video later.",neutral
"Personally, Excellent work by the creator. ❤️",positive
"For me, I watched this on my phone. 😂",neutral
"Personally, You explained this topic really well. haha",positive
"For me, The editing is distracting and annoying.!!!",negative
"For me, This deserves way more views. 🙌",positive
"Not gonna lie, This was not worth my time.",negative
"not gonna lie, the comments section has many different opinions.",neutral
"Honestly, The creator answers a few questions in the video. 😂",neutral
"Honestly, This was not worth my time.",negative
Finally someone explained it properly.,positive
"as a student, keep making content like this!",positive
"After watching this, This topic is discussed in the second half.",neutral
"Finally, I am taking notes while watching this. 😍",neutral
"As a student, This is exactly what I was looking for. lol",positive
"as a student, i really enjoyed watching this.",positive
"Overall, The editing is distracting and annoying. 😍",negative
"After watching this, The audio quality is terrible! 👍",negative
"after watching this, the video is way too long for such a simple topic. 🙌",negative
"After watching this, You explained this topic really well.",positive
"As a student, This explanation made the topic more confusing.",negative
"Honestly, I expected much better from this channel.",negative
"As a beginner, Too many ads and not enough useful information.",negative
"For me, One of the best videos on this topic. lol",positive
"as a beginner, one of the best videos on this topic. haha",positive
"Finally, The editing is distracting and annoying. 👍",negative
"As a beginner, I stopped watching halfway through.",negative
"As a beginner, Great explanation, everything was very clear. 😊",positive
"Honestly, I stopped watching halfway through.",negative
"Overall, There is a link mentioned in the description. ❤️",neutral
"Not gonna lie, The video covers both theory and examples.",neutral
"As a student, I regret clicking on this video.",negative
"In my opinion, Keep making content like this! 😍",positive
"After watching this, This topic is discussed in the second half! lol",neutral
"Personally, This was not worth my time. 😊",negative
"After watching this, Great explanation, everything was very clear. ❤️",positive
"As a beginner, There is a link mentioned in the description! 😍",neutral
"as a beginner, this was not worth my time. lol",negative
"Finally, This explanation made the topic more confusing. 👍",negative
"In my opinion, I found this while searching for information.",neutral
"Personally, The comments section has many different opinions. ❤️",neutral
"Personally, This was recommended on my homepage.",neutral
"In my opinion, The video was uploaded recently.",neutral
"As a student, The comments section has many different opinions.",neutral
"In my opinion, The audio quality is terrible.",negative
"As a beginner, Great explanation, everything was very clear. ❤️",positive
"For me, Finally someone explained it properly!",positive
"Overall, The comments section has many different opinions.",neutral
"Personally, Great explanation, everything was very clear.",positive
"After watching this, Finally someone explained it properly. :)",positive
"In my opinion, This is exactly what I was looking for.",positive
"After watching this, I am watching this for a college assignment!",neutral
"Not gonna lie, The title is misleading.",negative
"finally, the video feels rushed and incomplete. 😊",negative
"Finally, This video is absolutely amazing, I learned so much!",positive
"Finally, The information is outdated and not helpful. 🙌",negative
"Not gonna lie, I watched this on my phone.",neutral
"In my opinion, The video is about the topic mentioned in the title.",neutral
"Personally, I expected much better from this channel.",negative
"Honestly, I did not find this useful at all! ❤️",negative
"As a beginner, I found this while searching for information.",neutral
"After watching this, This video helped me solve my problem.",positive
"Finally, The editing is fantastic and the content is even better!",positive
"For me, The editing is fantastic and the content is even better. 🙌",positive
"As a beginner, The editing is fantastic and the content is even better.!!!",positive
"Honestly, The video is way too long for such a simple topic.",negative
"As a student, This video helped me solve my problem.",positive
"Overall, Finally someone explained it properly.",positive
"In my opinion, This channel keeps getting better.",positive
"In my opinion, I expected much better from this channel.!!!",negative
"In my opinion, This is one of the weakest videos on this topic.",negative
"Honestly, I stopped watching halfway through. lol",negative
"As a student, I stopped watching halfway through.",negative
"In my opinion, This video is absolutely amazing, I learned so much!",positive
"Overall, The creator answers a few questions in the video. haha",neutral
"As a student, Too many ads and not enough useful information. ❤️",negative
"As a beginner, Great explanation, everything was very clear.",positive
"Finally, There are several examples in the video. 😂",neutral
"honestly, the quality has gone downhill.",negative
"finally, i watched this on my phone. 🙌",neutral
"As a student, This video is absolutely amazing, I learned so much!",positive
"Personally, The explanation was confusing and poorly organized. ❤️",negative
"For me, This is one of the weakest videos on this topic.",negative
"Not gonna lie, The editing is fantastic and the content is even better. lol",positive
"Honestly, The title is misleading.",negative
"For me, The comments section has many different opinions.",neutral
"Honestly, The examples made everything easy to understand.",positive
"As a beginner, Very disappointing content!",negative
"As a student, I am taking notes while watching this!",neutral
"In my opinion, The video was uploaded recently.",neutral
"Finally, I stopped watching halfway through. :)",negative
"As a beginner, The quality has gone downhill.",negative
"As a student, I am taking notes while watching this.",neutral
"Personally, One of the best videos on this topic.",positive
"Honestly, The video was uploaded recently.",neutral
"Honestly, The explanation was confusing and poorly organized.",negative
"After watching this, The creator uploaded another video on this topic.",neutral
"Overall, The examples made everything easy to understand. 👍",positive
the video is way too long for such a simple topic. 😊,negative
"As a beginner, Very informative and entertaining at the same time.",positive
"not gonna lie, i came here randomly and ended up learning a lot. haha",positive
"Not gonna lie, The explanation was confusing and poorly organized. ❤️",negative
"Honestly, I really enjoyed watching this. 😊",positive
"In my opinion, The creator uploaded another video on this topic.",neutral
"Not gonna lie, The creator answers a few questions in the video. 😍",neutral
"Honestly, This channel keeps getting better.",positive
"As a beginner, The creator answers a few questions in the video. lol",neutral
"Honestly, Very informative and entertaining at the same time. :)",positive
"Overall, I watched this video today.",neutral
"As a beginner, This is exactly what I was looking for. 👍",positive
"Personally, The audio quality is terrible.",negative
"As a beginner, The editing is distracting and annoying. 😂",negative
"Overall, The creator answers a few questions in the video.",neutral
"As a beginner, The comments section has many different opinions.",neutral
"As a student, This is one of the weakest videos on this topic. :)",negative
"After watching this, This deserves way more views. 😂",positive
"As a beginner, This is a tutorial about the basics.",neutral
"In my opinion, This was not worth my time.",negative
"Overall, This was recommended on my homepage.",neutral
"Personally, The title is misleading.",negative
"Finally, I watched this video today.",neutral
"Honestly, Too many ads and not enough useful information.",negative
"For me, The video contains a practical demonstration. 😂",neutral
"After watching this, I am taking notes while watching this. 😂",neutral
"As a beginner, I did not find this useful at all.",negative
"for me, this was recommended on my homepage! haha",neutral
"Finally, This deserves way more views.",positive
"as a beginner, the video is around ten minutes long. haha",neutral
"In my opinion, This was recommended on my homepage.",neutral
"For me, I watched this on my phone.!!!",neutral
"As a beginner, This is one of the weakest videos on this topic.",negative
"Personally, The video is about the topic mentioned in the title.",neutral
"Honestly, The video feels rushed and incomplete.",negative
"In my opinion, I stopped watching halfway through.",negative
"Honestly, This explanation made the topic more confusing.",negative
"Honestly, This channel keeps getting better. 👍",positive
the editing is fantastic and the content is even better.,positive
"After watching this, This video is absolutely amazing, I learned so much!",positive
"Finally, The information is outdated and not helpful. lol",negative
"For me, Excellent work by the creator. 🔥",positive
"After watching this, Great explanation, everything was very clear. :)",positive
"As a beginner, This topic is discussed in the second half. haha",neutral
"Not gonna lie, I will come back to this video later.!!!",neutral
"As a beginner, I watched the whole thing without getting bored.",positive
"For me, I found this while searching for information.",neutral
"After watching this, The quality has gone downhill! 👍",negative
"As a beginner, This topic is discussed in the second half.",neutral
"finally, this video is absolutely amazing, i learned so much!",positive
"After watching this, Excellent work by the creator.",positive
"Overall, I am watching this for a college assignment.",neutral
"In my opinion, I am taking notes while watching this.",neutral
"As a student, The creator answers a few questions in the video. :)",neutral
"After watching this, Keep making content like this!",positive
"Finally, I regret clicking on this video. 😊",negative
"Finally, This is a tutorial about the basics.",neutral
"Not gonna lie, There are several examples in the video. 😂",neutral
"for me, i came here randomly and ended up learning a lot. 😊",positive
"As a student, This was recommended on my homepage.",neutral
"After watching this, The video feels rushed and incomplete. 😊",negative
"Overall, The video covers both theory and examples.",neutral
"Personally, The creator uses slides to explain the topic.",neutral
"Not gonna lie, Finally someone explained it properly.",positive
"Personally, The editing is fantastic and the content is even better. ❤️",positive
The video was uploaded recently.!!!,neutral
I am taking notes while watching this. ❤️,neutral
"Honestly, Finally someone explained it properly.",positive
"Not gonna lie, Finally someone explained it properly.",positive
"After watching this, This is one of the weakest videos on this topic.",negative
"finally, this is exactly what i was looking for. 😍",positive
"personally, great explanation, everything was very clear.",positive
"Overall, I regret clicking on this video.",negative
"Not gonna lie, The audio quality is terrible.",negative
The editing is distracting and annoying. ❤️,negative
"After watching this, Such a useful video, thank you for sharing.",positive
"Overall, Excellent work by the creator. 🙌",positive
This video helped me solve my problem. 🔥,positive
"Personally, I watched the whole thing without getting bored.",positive
"Great explanation, everything was very clear.",positive
"In my opinion, The video contains a practical demonstration.",neutral
"Such a useful video, thank you for sharing.",positive
"Finally, This video helped me solve my problem. :)",positive
"personally, too many ads and not enough useful information! 😊",negative
"After watching this, This video helped me solve my problem.",positive
"For me, This was recommended on my homepage. :)",neutral
The video contains a practical demonstration.,neutral
"After watching this, This is one of the weakest videos on this topic.",negative
"Personally, The editing is distracting and annoying. 😊",negative
"Overall, This was not worth my time. 🔥",negative
"after watching this, the video was uploaded recently. ❤️",neutral
"Not gonna lie, I stopped watching halfway through.",negative
this video helped me solve my problem. 😍,positive
"in my opinion, i could not understand what the creator was trying to say.",negative
"For me, I watched this on my phone. 🙌",neutral
"Finally, There is a link mentioned in the description. ❤️",neutral
"After watching this, The explanation was simple and practical. 😍",positive
"In my opinion, This was recommended on my homepage.",neutral
"Honestly, This deserves way more views.",positive
"Overall, The comments section has many different opinions.",neutral
"As a student, Loved every second of this video. 😍",positive
"After watching this, Excellent work by the creator.",positive
"In my opinion, The information is outdated and not helpful.",negative
"For me, This is one of the weakest videos on this topic. 😍",negative
"Overall, Finally someone explained it properly. lol",positive
"Honestly, The information is outdated and not helpful. ❤️",negative
"After watching this, There is too much unnecessary talking.!!!",negative
"personally, i really enjoyed watching this.",positive
"Overall, I could not understand what the creator was trying to say.",negative
"finally, there is too much unnecessary talking. :)",negative
"As a beginner, I watched this video today.!!!",neutral
"As a student, The video is around ten minutes long.",neutral
"In my opinion, The explanation was confusing and poorly organized.",negative
"As a student, This was not worth my time.",negative
you explained this topic really well. :),positive
"As a student, I stopped watching halfway through.",negative
"In my opinion, This is a tutorial about the basics. 😊",neutral
"After watching this, This was recommended on my homepage.",neutral
"Personally, Great explanation, everything was very clear.",positive
"For me, There is a link mentioned in the description.",neutral
Keep making content like this!,positive
"In my opinion, There is a link mentioned in the description. 👍",neutral
The comments section has many different opinions!,neutral
"Finally, The information is outdated and not helpful. 😊",negative
"After watching this, I am taking notes while watching this.",neutral
"For me, I did not find this useful at all. 😊",negative
"Overall, The editing is fantastic and the content is even better.",positive
"As a student, The creator answers a few questions in the video.",neutral
"Honestly, I am taking notes while watching this. 🙌",neutral
"For me, You explained this topic really well.",positive
"overall, such a useful video, thank you for sharing.",positive
"finally, i will come back to this video later.",neutral
"Personally, The quality has gone downhill. lol",negative
"As a student, Very informative and entertaining at the same time.",positive
"For me, Such a useful video, thank you for sharing.",positive
"For me, Such a useful video, thank you for sharing.",positive
"In my opinion, I really enjoyed watching this. :)",positive
"After watching this, This topic is discussed in the second half.",neutral
"Finally, This was not worth my time.",negative
"As a student, I am watching this for a college assignment.",neutral
"For me, Excellent work by the creator.",positive
"Overall, The explanation was confusing and poorly organized. 😂",negative
"After watching this, This explanation made the topic more confusing.",negative
Keep making content like this!,positive
There are several examples in the video.,neutral
"In my opinion, The editing is distracting and annoying.",negative
"Finally, This video helped me solve my problem.",positive
"In my opinion, The editing is distracting and annoying.",negative
"Overall, Too many ads and not enough useful information! ❤️",negative
"As a student, The audio quality is terrible. 🙌",negative
"Not gonna lie, This is one of the weakest videos on this topic! 👍",negative
"After watching this, This is a tutorial about the basics.",neutral
"After watching this, I watched the whole thing without getting bored! 😊",positive
"Honestly, The video covers both theory and examples.",neutral
"As a student, I expected much better from this channel.!!!",negative
"After watching this, The explanation was simple and practical.",positive
"In my opinion, The audio quality is terrible. 🙌",negative
"Personally, I watched the whole thing without getting bored. 😊",positive
"Personally, The quality has gone downhill. lol",negative
"For me, There is too much unnecessary talking. 🙌",negative
"Personally, The information is outdated and not helpful. :)",negative
I really enjoyed watching this.,positive
"Finally, Great explanation, everything was very clear. :)",positive
"In my opinion, The video contains a practical demonstration.",neutral
"overall, the editing is fantastic and the content is even better.",positive
"Not gonna lie, The information is outdated and not helpful.",negative
"As a beginner, The video is around ten minutes long.!!!",neutral
"As a student, I am taking notes while watching this. 😊",neutral
"Finally, I could not understand what the creator was trying to say.",negative
"Personally, You explained this topic really well. :)",positive
"After watching this, I could not understand what the creator was trying to say.",negative
"Honestly, This topic is discussed in the second half. :)",neutral
"As a beginner, The video was uploaded recently.",neutral
"After watching this, The editing is distracting and annoying.",negative
"Personally, I am watching this for a college assignment.",neutral
"Honestly, Such a useful video, thank you for sharing!",positive
"Not gonna lie, Very informative and entertaining at the same time.",positive
"As a beginner, I came here randomly and ended up learning a lot.",positive
"for me, the video is about the topic mentioned in the title.",neutral
"For me, The editing is distracting and annoying.",negative
"For me, The video feels rushed and incomplete.",negative
"As a student, This video is absolutely amazing, I learned so much! 😊",positive
"finally, one of the best videos on this topic.",positive
"finally, i am taking notes while watching this.",neutral
"Finally, This is exactly what I was looking for.",positive
"Overall, This topic is discussed in the second half.",neutral
"Finally, There is too much unnecessary talking.",negative
"Not gonna lie, This is exactly what I was looking for.",positive
"Not gonna lie, Loved every second of this video.",positive
"as a beginner, very informative and entertaining at the same time. ❤️",positive
"After watching this, This is one of the weakest videos on this topic.",negative
"In my opinion, One of the best videos on this topic. 😍",positive
"Personally, I did not find this useful at all.",negative
"After watching this, The video feels rushed and incomplete.",negative
"As a student, The creator uploaded another video on this topic.",neutral
"In my opinion, The explanation was confusing and poorly organized.",negative
"In my opinion, I watched this on my phone.",neutral
"Honestly, Such a useful video, thank you for sharing. 🙌",positive
"Personally, The editing is fantastic and the content is even better.",positive
"For me, There is too much unnecessary talking.",negative
"For me, The creator uses slides to explain the topic.",neutral
"Finally, Excellent work by the creator.",positive
"In my opinion, I stopped watching halfway through.",negative
"In my opinion, The video feels rushed and incomplete.",negative
"In my opinion, I will come back to this video later.",neutral
"Personally, Too many ads and not enough useful information.",negative
"As a beginner, The video is way too long for such a simple topic.",negative
"Not gonna lie, This channel keeps getting better. :)",positive
"Not gonna lie, This topic is discussed in the second half.",neutral
"Overall, I stopped watching halfway through.",negative
"For me, Excellent work by the creator.",positive
"Personally, I expected much better from this channel. 👍",negative
"In my opinion, The video was uploaded recently.!!!",neutral
"honestly, the title is misleading! lol",negative
"Finally, The creator uses slides to explain the topic. 👍",neutral
"As a student, This explanation made the topic more confusing.",negative
"Personally, There is too much unnecessary talking.",negative
"In my opinion, I found this while searching for information.",neutral
"Honestly, I really enjoyed watching this.",positive
"Overall, Very informative and entertaining at the same time.",positive
"As a student, The creator uses slides to explain the topic.",neutral
"Honestly, There is too much unnecessary talking.",negative
"For me, The creator answers a few questions in the video.",neutral
"Personally, Finally someone explained it properly. 😊",positive
"Honestly, This video was a complete waste of time.",negative
"After watching this, There is a link mentioned in the description.",neutral
"Not gonna lie, The video is way too long for such a simple topic.",negative
"Personally, This was recommended on my homepage.",neutral
"As a beginner, The video feels rushed and incomplete. 😍",negative
"After watching this, Excellent work by the creator.",positive
"As a student, I am watching this for a college assignment. 😍",neutral
"Not gonna lie, The explanation was confusing and poorly organized. 😊",negative
"After watching this, I watched this on my phone. :)",neutral
"In my opinion, This video is absolutely amazing, I learned so much!",positive
"In my opinion, Keep making content like this! 🔥",positive
"Honestly, This is exactly what I was looking for.",positive
"For me, This video helped me solve my problem.",positive
"Not gonna lie, I am taking notes while watching this. 🙌",neutral
"Finally, I watched this video today.",neutral
"As a beginner, This was not worth my time. 😂",negative
"Not gonna lie, The editing is fantastic and the content is even better.",positive
"Overall, There is a link mentioned in the description. lol",neutral
"In my opinion, The quality has gone downhill. 🔥",negative
"Personally, This was not worth my time!",negative
"Finally, This is one of the weakest videos on this topic.",negative
I really enjoyed watching this. 🔥,positive
"As a student, The quality has gone downhill. lol",negative
"Finally, One of the best videos on this topic.",positive
"Personally, I really enjoyed watching this.",positive
"Finally, I did not find this useful at all.",negative
"As a student, You explained this topic really well.",positive
"Personally, There are several examples in the video. haha",neutral
"For me, Such a useful video, thank you for sharing.",positive
"In my opinion, This is a tutorial about the basics.",neutral
"Overall, I watched this on my phone!",neutral
"As a student, Loved every second of this video.",positive
"As a student, I am taking notes while watching this.",neutral
"Honestly, I regret clicking on this video!",negative
The explanation was confusing and poorly organized.,negative
I really enjoyed watching this.,positive
"Personally, This is exactly what I was looking for.",positive
"Honestly, I watched this video today. 🙌",neutral
"For me, I am watching this for a college assignment. lol",neutral
"Finally, I did not find this useful at all. 😍",negative
"Overall, I expected much better from this channel. 😊",negative
"Not gonna lie, This is a tutorial about the basics.",neutral
"Not gonna lie, The title is misleading.",negative
"As a beginner, Finally someone explained it properly. 😊",positive
"personally, the video feels rushed and incomplete.",negative
"Honestly, This is one of the weakest videos on this topic. 😍",negative
"For me, The video contains a practical demonstration!",neutral
"As a beginner, There is a link mentioned in the description.!!!",neutral
"After watching this, I came here randomly and ended up learning a lot. haha",positive
"in my opinion, this video helped me solve my problem.",positive
"Overall, The comments section has many different opinions.",neutral
"Finally, This video helped me solve my problem.",positive
"Overall, This channel keeps getting better.!!!",positive
"After watching this, This was recommended on my homepage.",neutral
"In my opinion, The creator answers a few questions in the video. haha",neutral
"Finally, The examples made everything easy to understand.",positive
"Overall, There are several examples in the video!",neutral
"After watching this, This channel keeps getting better. 😊",positive
"As a student, I expected much better from this channel. 🙌",negative
"Honestly, The video covers both theory and examples.",neutral
"Not gonna lie, The creator answers a few questions in the video. 🔥",neutral
"after watching this, finally someone explained it properly. 😊",positive
"For me, The creator uses slides to explain the topic. 😍",neutral
"Honestly, The editing is fantastic and the content is even better.",positive
"Overall, The video feels rushed and incomplete.",negative
Too many ads and not enough useful information.,negative
"Finally, The video is around ten minutes long.",neutral
"In my opinion, I could not understand what the creator was trying to say.",negative
"As a beginner, Finally someone explained it properly.",positive
"Honestly, I am watching this for a college assignment.",neutral
"In my opinion, This video was a complete waste of time. lol",negative
"As a beginner, The editing is distracting and annoying.",negative
"Personally, I could not understand what the creator was trying to say.",negative
"Not gonna lie, One of the best videos on this topic.",positive
"For me, The video feels rushed and incomplete.!!!",negative
"As a beginner, This was recommended on my homepage. 😊",neutral
"Finally, The explanation was confusing and poorly organized. 😊",negative
"As a student, This was recommended on my homepage.",neutral
"Overall, The creator answers a few questions in the video.",neutral
"Honestly, Very disappointing content. 😊",negative
"Honestly, I regret clicking on this video.",negative
"After watching this, I will come back to this video later.",neutral
"As a student, The video is about the topic mentioned in the title.",neutral
"Overall, The creator answers a few questions in the video.",neutral
"Not gonna lie, This is exactly what I was looking for.",positive
"Personally, There are several examples in the video. lol",neutral
"As a student, I did not find this useful at all.",negative
"After watching this, The title is misleading. 🔥",negative
"As a beginner, I really enjoyed watching this.",positive
"Personally, The title is misleading.",negative
"As a beginner, This was recommended on my homepage. 🙌",neutral
"Personally, The title is misleading.",negative
"Personally, The video covers both theory and examples. ❤️",neutral
"Honestly, I watched this video today.",neutral
"Personally, I came here randomly and ended up learning a lot.",positive
"In my opinion, Keep making content like this!",positive
"Not gonna lie, The video was uploaded recently.",neutral
"Personally, Great explanation, everything was very clear.",positive
"Not gonna lie, This explanation made the topic more confusing.",negative
"As a beginner, The examples made everything easy to understand.",positive
"after watching this, there are several examples in the video.",neutral
"In my opinion, The video is about the topic mentioned in the title.",neutral
"Overall, This explanation made the topic more confusing.",negative
"For me, There are several examples in the video!",neutral
"Overall, The video contains a practical demonstration.",neutral
"As a beginner, I will come back to this video later.",neutral
"Finally, This video was a complete waste of time.",negative
"After watching this, I watched this video today. haha",neutral
"As a beginner, There is too much unnecessary talking.",negative
"In my opinion, This topic is discussed in the second half. haha",neutral
"In my opinion, Finally someone explained it properly. :)",positive
"For me, Keep making content like this!",positive
"Not gonna lie, I found this while searching for information.",neutral
"In my opinion, This video is absolutely amazing, I learned so much! 🙌",positive
"Overall, There are several examples in the video.",neutral
"Finally, The explanation was simple and practical. 😍",positive
"In my opinion, I am watching this for a college assignment. haha",neutral
"Finally, I found this while searching for information.",neutral
"Finally, The examples made everything easy to understand. :)",positive
"As a beginner, The creator uses slides to explain the topic. ❤️",neutral
"For me, The video feels rushed and incomplete.",negative
"Personally, This video is absolutely amazing, I learned so much!",positive
"Personally, This is one of the weakest videos on this topic. 😍",negative
"Not gonna lie, Excellent work by the creator. lol",positive
"Overall, Finally someone explained it properly. 😂",positive
"In my opinion, The creator uploaded another video on this topic! ❤️",neutral
"In my opinion, There is a link mentioned in the description.",neutral
"As a beginner, The video feels rushed and incomplete. :)",negative
"Personally, The editing is fantastic and the content is even better. 😊",positive
"as a beginner, the creator answers a few questions in the video. :)",neutral
"Personally, The video is way too long for such a simple topic. ❤️",negative
"Personally, The creator answers a few questions in the video.",neutral
"Personally, This channel keeps getting better.",positive
"Personally, I will come back to this video later. 🔥",neutral
"In my opinion, The video is about the topic mentioned in the title.",neutral
"Finally, The audio quality is terrible. ❤️",negative
"As a beginner, The creator answers a few questions in the video. 🔥",neutral
"After watching this, Very informative and entertaining at the same time.",positive
"As a student, Keep making content like this!",positive
"Not gonna lie, I found this while searching for information.",neutral
"In my opinion, I watched this video today! 🔥",neutral
"For me, The comments section has many different opinions. 😂",neutral
"Honestly, This channel keeps getting better. 😂",positive
"Not gonna lie, The video covers both theory and examples. ❤️",neutral
"Overall, Too many ads and not enough useful information.",negative
"Not gonna lie, Excellent work by the creator.",positive
"Not gonna lie, The explanation was confusing and poorly organized. :)",negative
"Finally, This video was a complete waste of time.",negative
"Finally, The explanation was confusing and poorly organized.",negative
"Overall, This video is absolutely amazing, I learned so much!",positive
"Overall, There are several examples in the video. 😂",neutral
"For me, Loved every second of this video.",positive
i am watching this for a college assignment. 👍,neutral
"For me, The audio quality is terrible.",negative
"As a student, The information is outdated and not helpful.",negative
"As a beginner, There is a link mentioned in the description. haha",neutral
"As a beginner, I will come back to this video later.",neutral
The editing is distracting and annoying.,negative
Loved every second of this video.!!!,positive
Very informative and entertaining at the same time.,positive
This was not worth my time.,negative
"After watching this, This is one of the weakest videos on this topic.",negative
"After watching this, The creator answers a few questions in the video. 🔥",neutral
"In my opinion, Too many ads and not enough useful information!",negative
"Finally, I am watching this for a college assignment.",neutral
"Personally, This video helped me solve my problem.",positive
"Finally, The creator uses slides to explain the topic.",neutral
"As a student, There is a link mentioned in the description. ❤️",neutral
"Honestly, This video is absolutely amazing, I learned so much! haha",positive
"As a beginner, There is a link mentioned in the description. 🙌",neutral
"Not gonna lie, I watched this on my phone.",neutral
"Personally, I am taking notes while watching this.",neutral
"After watching this, I am watching this for a college assignment.",neutral
"As a student, The examples made everything easy to understand. haha",positive
The video was uploaded recently. 👍,neutral
"As a beginner, The explanation was confusing and poorly organized. 🙌",negative
"Finally, Very informative and entertaining at the same time. lol",positive
I will come back to this video later.,neutral
"Not gonna lie, The examples made everything easy to understand.",positive
"In my opinion, Excellent work by the creator. 👍",positive
"Not gonna lie, I expected much better from this channel.",negative
"For me, The video covers both theory and examples.",neutral
"Not gonna lie, There is a link mentioned in the description.",neutral
"Finally, The creator uploaded another video on this topic. :)",neutral
"Honestly, The examples made everything easy to understand.",positive
"Personally, The comments section has many different opinions.",neutral
"personally, i watched this on my phone. :)",neutral
The creator answers a few questions in the video!,neutral
"As a beginner, The comments section has many different opinions.",neutral
"For me, I expected much better from this channel. 😂",negative
"Honestly, I stopped watching halfway through.",negative
"Overall, The video is way too long for such a simple topic.",negative
"Honestly, I am taking notes while watching this.",neutral
"In my opinion, I really enjoyed watching this!",positive
"Personally, There are several examples in the video. :)",neutral
There is too much unnecessary talking.,negative
too many ads and not enough useful information.,negative
"Finally, Excellent work by the creator. haha",positive
"As a beginner, Such a useful video, thank you for sharing.",positive
"As a student, This was recommended on my homepage.",neutral
"Personally, I came here randomly and ended up learning a lot! :)",positive
The information is outdated and not helpful. haha,negative
"personally, excellent work by the creator. 👍",positive
"Finally, The explanation was confusing and poorly organized. haha",negative
"Finally, I am taking notes while watching this.",neutral
"Personally, The explanation was simple and practical.",positive
"As a beginner, The creator answers a few questions in the video.",neutral
"In my opinion, Excellent work by the creator.",positive
"Personally, I expected much better from this channel.",negative
"In my opinion, Very disappointing content.",negative
"Overall, The explanation was simple and practical.",positive
"Overall, This was recommended on my homepage.",neutral
The video feels rushed and incomplete.,negative
"Honestly, Too many ads and not enough useful information.",negative
"After watching this, The audio quality is terrible.!!!",negative
"Overall, Keep making content like this! :)",positive
"Honestly, The information is outdated and not helpful.",negative
"Personally, I will come back to this video later. 😊",neutral
I watched this video today. lol,neutral
"Finally, The creator uses slides to explain the topic. 😊",neutral
"Personally, The examples made everything easy to understand. 🔥",positive
"Finally, This channel keeps getting better.",positive
"honestly, i came here randomly and ended up learning a lot. haha",positive
I will come back to this video later!,neutral
"Overall, One of the best videos on this topic. haha",positive
"For me, The information is outdated and not helpful.",negative
"As a student, Keep making content like this!",positive
"Overall, This video helped me solve my problem. 😊",positive
"For me, The information is outdated and not helpful.",negative
"Honestly, I expected much better from this channel.",negative
"As a student, This is one of the weakest videos on this topic. 🔥",negative
"Personally, The editing is fantastic and the content is even better.",positive
"In my opinion, I really enjoyed watching this.",positive
Too many ads and not enough useful information.,negative
"Honestly, I watched this on my phone.",neutral
"Overall, I regret clicking on this video! ❤️",negative
"Overall, I watched this on my phone.",neutral
"Not gonna lie, I am taking notes while watching this. 🙌",neutral
"As a beginner, The creator uploaded another video on this topic. 😂",neutral
"Honestly, I watched this video today.",neutral
"As a beginner, Very disappointing content. ❤️",negative
"For me, The video is about the topic mentioned in the title. lol",neutral
"as a student, this was recommended on my homepage.",neutral
"After watching this, Finally someone explained it properly. 👍",positive
"Not gonna lie, The editing is distracting and annoying. 😊",negative
"As a student, Finally someone explained it properly. lol",positive
"As a beginner, The creator answers a few questions in the video. 😂",neutral
"Finally, I found this while searching for information. 🔥",neutral
"In my opinion, Great explanation, everything was very clear. lol",positive
"For me, Such a useful video, thank you for sharing. 😊",positive
I watched the whole thing without getting bored.,positive
"After watching this, Great explanation, everything was very clear. 😂",positive
"For me, This is a tutorial about the basics.",neutral
"Not gonna lie, The video is way too long for such a simple topic.",negative
one of the best videos on this topic.,positive
"Finally, Great explanation, everything was very clear.",positive
"Overall, I am taking notes while watching this. 😍",neutral
"In my opinion, This is one of the weakest videos on this topic. 🙌",negative
"as a student, this is exactly what i was looking for. ❤️",positive
"As a student, Very informative and entertaining at the same time.",positive
"After watching this, The video feels rushed and incomplete. haha",negative
I watched this video today.,neutral
"As a beginner, I found this while searching for information.",neutral
"Personally, This was recommended on my homepage. 🙌",neutral
"Honestly, The information is outdated and not helpful.",negative
"Honestly, You explained this topic really well. 🔥",positive
"as a student, you explained this topic really well.",positive
"Overall, The video contains a practical demonstration.",neutral
"In my opinion, The video was uploaded recently.",neutral
"Honestly, The video is way too long for such a simple topic.",negative
"Honestly, This topic is discussed in the second half.",neutral
"In my opinion, This deserves way more views. 🔥",positive
"Finally, One of the best videos on this topic. 😊",positive
"After watching this, This was not worth my time. 🙌",negative
"As a student, Such a useful video, thank you for sharing.",positive
"As a beginner, There is a link mentioned in the description.",neutral
"For me, This video is absolutely amazing, I learned so much! 🙌",positive
"not gonna lie, the quality has gone downhill.",negative
"Finally, Excellent work by the creator.",positive
"In my opinion, I could not understand what the creator was trying to say. 🙌",negative
"Not gonna lie, The audio quality is terrible.",negative
"For me, I did not find this useful at all.",negative
"Personally, I really enjoyed watching this.",positive
"Honestly, Great explanation, everything was very clear. :)",positive
"Not gonna lie, The video feels rushed and incomplete.",negative
"As a beginner, The video is around ten minutes long.",neutral
"Personally, This is one of the weakest videos on this topic. lol",negative
"After watching this, There is a link mentioned in the description.",neutral
"Personally, The editing is distracting and annoying.",negative
"Overall, This is exactly what I was looking for. ❤️",positive
"For me, This deserves way more views.",positive
"Honestly, I am watching this for a college assignment.!!!",neutral
"Overall, One of the best videos on this topic. ❤️",positive
"Personally, I stopped watching halfway through. lol",negative
"Honestly, This video helped me solve my problem.",positive
"In my opinion, This video is absolutely amazing, I learned so much!",positive
There is too much unnecessary talking.,negative
"As a beginner, This video was a complete waste of time.",negative
"Not gonna lie, This was not worth my time.",negative
"Finally, There is too much unnecessary talking. haha",negative
"As a beginner, I am watching this for a college assignment.",neutral
"Honestly, This is one of the weakest videos on this topic.",negative
I stopped watching halfway through. haha,negative
"After watching this, I am taking notes while watching this.",neutral
"Overall, The creator uploaded another video on this topic. 😊",neutral
"In my opinion, I stopped watching halfway through.",negative
"In my opinion, The video was uploaded recently.",neutral
"Personally, The video is around ten minutes long.!!!",neutral
"Personally, The video covers both theory and examples.",neutral
"Honestly, The information is outdated and not helpful.",negative
"after watching this, the video feels rushed and incomplete.",negative
"As a beginner, There is too much unnecessary talking.",negative
"Honestly, This video was a complete waste of time. ❤️",negative
"Overall, Too many ads and not enough useful information.",negative
"For me, I did not find this useful at all.",negative
I really enjoyed watching this.,positive
"Finally, This video is absolutely amazing, I learned so much!",positive
"For me, The video is about the topic mentioned in the title.",neutral
"In my opinion, The video was uploaded recently. haha",neutral
"Not gonna lie, This was recommended on my homepage.!!!",neutral
"As a student, The title is misleading. lol",negative
"Overall, The video contains a practical demonstration.",neutral
"Finally, The video covers both theory and examples.",neutral
"After watching this, The video contains a practical demonstration.",neutral
"after watching this, there is too much unnecessary talking. 🙌",negative
"Personally, I really enjoyed watching this.",positive
"In my opinion, I came here randomly and ended up learning a lot.",positive
"In my opinion, I am taking notes while watching this.",neutral
"For me, I watched the whole thing without getting bored. 👍",positive
"As a student, I am taking notes while watching this. 🔥",neutral
"Honestly, The audio quality is terrible. :)",negative
"After watching this, The quality has gone downhill!",negative
"finally, this was not worth my time. 🔥",negative
"In my opinion, There is too much unnecessary talking. ❤️",negative
"Finally, The editing is distracting and annoying.",negative
"Overall, The quality has gone downhill.",negative
"not gonna lie, this was recommended on my homepage!",neutral
"For me, The examples made everything easy to understand.",positive
There is too much unnecessary talking. lol,negative
"Personally, The creator uploaded another video on this topic.",neutral
"Overall, I really enjoyed watching this. 😍",positive
"for me, this explanation made the topic more confusing.",negative
The creator uses slides to explain the topic. haha,neutral
"Finally, I watched this on my phone.",neutral
"Not gonna lie, I could not understand what the creator was trying to say.",negative
"After watching this, There is a link mentioned in the description.",neutral
"After watching this, This video was a complete waste of time.",negative
"As a student, Finally someone explained it properly.",positive
"As a student, The editing is distracting and annoying.",negative
"As a student, Too many ads and not enough useful information.",negative
"After watching this, I did not find this useful at all.",negative
"For me, The video is around ten minutes long.",neutral
I am watching this for a college assignment.,neutral
"Personally, I watched this video today.",neutral
This topic is discussed in the second half.,neutral
"As a student, The editing is distracting and annoying.",negative
"Overall, I am taking notes while watching this.",neutral
"Personally, I watched the whole thing without getting bored. 😊",positive
"Honestly, I will come back to this video later. 🙌",neutral
"In my opinion, Excellent work by the creator.",positive
"As a beginner, The comments section has many different opinions.",neutral
"Honestly, This was not worth my time.",negative
"Not gonna lie, This was recommended on my homepage. 🔥",neutral
"As a student, Great explanation, everything was very clear.!!!",positive
"After watching this, The video is around ten minutes long. 🙌",neutral
"After watching this, The video is around ten minutes long! 👍",neutral
"Not gonna lie, Finally someone explained it properly. 👍",positive
"Personally, I did not find this useful at all. 👍",negative
"Overall, This is a tutorial about the basics.",neutral
"Honestly, Finally someone explained it properly.",positive
"Finally, The video is way too long for such a simple topic.",negative
There is a link mentioned in the description. 👍,neutral
"For me, The creator answers a few questions in the video. 😍",neutral
"As a student, This video was a complete waste of time. ❤️",negative
"As a student, Very informative and entertaining at the same time. 🙌",positive
"Personally, I am taking notes while watching this. 😂",neutral
"In my opinion, You explained this topic really well.",positive
"In my opinion, The editing is distracting and annoying. haha",negative
"As a student, This video is absolutely amazing, I learned so much!",positive
"As a beginner, Very disappointing content.",negative
This channel keeps getting better.,positive
"Personally, Such a useful video, thank you for sharing.",positive
"after watching this, the video feels rushed and incomplete.",negative
"As a beginner, This video was a complete waste of time.",negative
"Not gonna lie, I regret clicking on this video. ❤️",negative
"As a student, The editing is fantastic and the content is even better.",positive
"Not gonna lie, This was recommended on my homepage.",neutral
"Honestly, The editing is distracting and annoying.",negative
"Finally, This channel keeps getting better. 😂",positive
"As a student, This topic is discussed in the second half.",neutral
"In my opinion, This video is absolutely amazing, I learned so much!!!!",positive
"overall, i expected much better from this channel.",negative
"Overall, This video was a complete waste of time.",negative
"Overall, The comments section has many different opinions.",neutral
"In my opinion, This explanation made the topic more confusing. 🔥",negative
"For me, I found this while searching for information.",neutral
"In my opinion, This is exactly what I was looking for.",positive
"As a beginner, The creator answers a few questions in the video.",neutral
"As a beginner, The editing is fantastic and the content is even better. ❤️",positive
"Honestly, This explanation made the topic more confusing.",negative
"As a beginner, I watched the whole thing without getting bored.",positive
"Not gonna lie, This deserves way more views.",positive
"Overall, You explained this topic really well. lol",positive
"Personally, Too many ads and not enough useful information. 😊",negative
"Honestly, This channel keeps getting better. :)",positive
"For me, Such a useful video, thank you for sharing.",positive
"As a student, I really enjoyed watching this.",positive
"Honestly, The audio quality is terrible.",negative
"Personally, The editing is distracting and annoying. ❤️",negative
"Not gonna lie, This deserves way more views.",positive
"Personally, The video was uploaded recently.",neutral
"Finally, The examples made everything easy to understand!",positive
"Personally, The video was uploaded recently.",neutral
"As a beginner, I watched the whole thing without getting bored.",positive
"For me, I expected much better from this channel.",negative
"In my opinion, The video is about the topic mentioned in the title.",neutral
I expected much better from this channel.,negative
"Overall, The comments section has many different opinions. 🔥",neutral
"As a student, Too many ads and not enough useful information.",negative
"As a student, I stopped watching halfway through.",negative
"Not gonna lie, This topic is discussed in the second half. haha",neutral
"Finally, The quality has gone downhill.",negative
"In my opinion, I stopped watching halfway through.",negative
"Honestly, This was recommended on my homepage.",neutral
"Honestly, Too many ads and not enough useful information. lol",negative
"For me, I came here randomly and ended up learning a lot.",positive
"For me, Very informative and entertaining at the same time. lol",positive
"Honestly, The comments section has many different opinions.",neutral
"For me, This channel keeps getting better. 😍",positive
"Honestly, I watched this video today. 🔥",neutral
"As a student, I came here randomly and ended up learning a lot.",positive
This is exactly what I was looking for.,positive
"Personally, The video covers both theory and examples.",neutral
This is one of the weakest videos on this topic.,negative
"As a student, I came here randomly and ended up learning a lot.",positive
There is a link mentioned in the description. ❤️,neutral
"For me, This video helped me solve my problem. lol",positive
"Not gonna lie, I watched this video today. 😂",neutral
"After watching this, This is exactly what I was looking for!",positive
"finally, there is too much unnecessary talking.",negative
Too many ads and not enough useful information. 🔥,negative
"As a student, I expected much better from this channel.",negative
"after watching this, this video helped me solve my problem.",positive
"Not gonna lie, The creator answers a few questions in the video.",neutral
"Finally, The creator uploaded another video on this topic.",neutral
"As a student, This is one of the weakest videos on this topic. :)",negative
"Not gonna lie, I could not understand what the creator was trying to say. haha",negative
"Not gonna lie, I am watching this for a college assignment! haha",neutral
The audio quality is terrible. 😊,negative
There are several examples in the video.,neutral
"Honestly, I am watching this for a college assignment.",neutral
The video was uploaded recently.,neutral
"In my opinion, The quality has gone downhill.",negative
"Finally, This explanation made the topic more confusing!!!!",negative
"Personally, I stopped watching halfway through.",negative
"After watching this, The examples made everything easy to understand.",positive
There is a link mentioned in the description.,neutral
"As a beginner, The audio quality is terrible. ❤️",negative
"As a student, You explained this topic really well.",positive
"For me, The information is outdated and not helpful.",negative
"As a beginner, I found this while searching for information. 👍",neutral
"In my opinion, I did not find this useful at all. 🙌",negative
"After watching this, This channel keeps getting better.",positive
"Honestly, I watched this on my phone.",neutral
"After watching this, I watched this video today. 😂",neutral
"Overall, I am taking notes while watching this.",neutral
"Finally, The explanation was confusing and poorly organized.!!!",negative
"In my opinion, The creator answers a few questions in the video.",neutral
"Personally, The comments section has many different opinions.",neutral
"Finally, The editing is fantastic and the content is even better. 😍",positive
"after watching this, this video was a complete waste of time. haha",negative
"honestly, finally someone explained it properly.",positive
"Not gonna lie, I could not understand what the creator was trying to say. 👍",negative
"In my opinion, The audio quality is terrible. lol",negative
"Overall, The explanation was simple and practical.",positive
The examples made everything easy to understand.,positive
"Overall, Keep making content like this! 😍",positive
"After watching this, The video covers both theory and examples. :)",neutral
"As a student, The editing is distracting and annoying.",negative
"For me, I regret clicking on this video. 😍",negative
"honestly, the video feels rushed and incomplete.",negative
"In my opinion, The quality has gone downhill. haha",negative
"Overall, This video was a complete waste of time.",negative
"Not gonna lie, Keep making content like this!",positive
"For me, The creator answers a few questions in the video. :)",neutral
There is too much unnecessary talking.,negative
This is one of the weakest videos on this topic.,negative
"Honestly, The video is around ten minutes long.",neutral
"honestly, the creator answers a few questions in the video. 😍",neutral
"For me, This was not worth my time. 🔥",negative
"As a beginner, I regret clicking on this video. 😊",negative
"Personally, Too many ads and not enough useful information. 😍",negative
"Not gonna lie, The video is around ten minutes long. :)",neutral
"For me, The creator uses slides to explain the topic! 😂",neutral
"Not gonna lie, Great explanation, everything was very clear. lol",positive
"In my opinion, The video contains a practical demonstration.",neutral
"Not gonna lie, I watched this on my phone. 🙌",neutral
"Personally, The video contains a practical demonstration. haha",neutral
"Honestly, The creator uses slides to explain the topic. 😊",neutral
"Not gonna lie, I will come back to this video later. :)",neutral
"As a student, This was not worth my time.",negative
"personally, the creator answers a few questions in the video.",neutral
"Personally, There is a link mentioned in the description.",neutral
"After watching this, There is a link mentioned in the description. haha",neutral
"Not gonna lie, I came here randomly and ended up learning a lot. lol",positive
"as a beginner, i am watching this for a college assignment.",neutral
"As a student, Loved every second of this video. ❤️",positive
"Finally, I regret clicking on this video.",negative
"As a student, I am taking notes while watching this.",neutral
"For me, The editing is fantastic and the content is even better. 🙌",positive
"For me, The video is around ten minutes long.",neutral
"Overall, The video covers both theory and examples.",neutral
"As a beginner, This video is absolutely amazing, I learned so much!",positive
"After watching this, Very disappointing content. 😊",negative
"Finally, This topic is discussed in the second half. lol",neutral
"As a student, This video is absolutely amazing, I learned so much! 👍",positive
"In my opinion, I came here randomly and ended up learning a lot. 😍",positive
"Finally, Keep making content like this!",positive
"For me, The video feels rushed and incomplete. :)",negative
The quality has gone downhill. 👍,negative
"Personally, The creator uses slides to explain the topic. lol",neutral
"After watching this, I regret clicking on this video.",negative
"personally, i watched the whole thing without getting bored.",positive
"For me, I am watching this for a college assignment.",neutral
This was recommended on my homepage.,neutral
"Honestly, The creator uses slides to explain the topic. 😍",neutral
"Overall, I watched the whole thing without getting bored. 😊",positive
"After watching this, The video is about the topic mentioned in the title!",neutral
"Overall, This video was a complete waste of time.",negative
"As a student, This is exactly what I was looking for. 🙌",positive
"Great explanation, everything was very clear.",positive
"Overall, Such a useful video, thank you for sharing. 😂",positive
"Honestly, I came here randomly and ended up learning a lot.",positive
"Finally, The quality has gone downhill.",negative
"As a beginner, I stopped watching halfway through.",negative
"Not gonna lie, The quality has gone downhill.",negative
"Finally, Loved every second of this video. 👍",positive
"Not gonna lie, Too many ads and not enough useful information. lol",negative
"Honestly, The video is around ten minutes long.",neutral
"Personally, I stopped watching halfway through. 😂",negative
This channel keeps getting better.!!!,positive
"Not gonna lie, The examples made everything easy to understand.",positive
"In my opinion, The creator uses slides to explain the topic. :)",neutral
"After watching this, I watched this on my phone. 👍",neutral
"for me, the information is outdated and not helpful.",negative
"In my opinion, The creator uses slides to explain the topic. 😊",neutral
"Honestly, The creator answers a few questions in the video.",neutral
"For me, I am watching this for a college assignment.!!!",neutral
"In my opinion, The video is way too long for such a simple topic.",negative
The comments section has many different opinions. lol,neutral
"For me, There are several examples in the video. 🔥",neutral
"Not gonna lie, There is too much unnecessary talking.",negative
"Personally, I did not find this useful at all.",negative
"Not gonna lie, The editing is distracting and annoying. haha",negative
You explained this topic really well.,positive
"As a beginner, I am taking notes while watching this. haha",neutral
i did not find this useful at all.,negative
I did not find this useful at all. 🙌,negative
"In my opinion, This was recommended on my homepage!",neutral
"In my opinion, I watched the whole thing without getting bored.",positive
"Honestly, This is one of the weakest videos on this topic. ❤️",negative
"After watching this, The comments section has many different opinions. :)",neutral
"After watching this, You explained this topic really well. 👍",positive
"Honestly, This video helped me solve my problem. 🙌",positive
"for me, i am watching this for a college assignment.",neutral
"In my opinion, This was not worth my time.",negative
"As a beginner, I regret clicking on this video.",negative
"Overall, I could not understand what the creator was trying to say. 😍",negative
"Personally, The video covers both theory and examples.!!!",neutral
"Personally, This was not worth my time.",negative
"Not gonna lie, I watched this on my phone.",neutral
"As a beginner, Very disappointing content. 🔥",negative
"As a student, Keep making content like this! 👍",positive
"Overall, This video was a complete waste of time. 🔥",negative
"Not gonna lie, This explanation made the topic more confusing.",negative
"Not gonna lie, This video helped me solve my problem. 🙌",positive
"Overall, There are several examples in the video.!!!",neutral
"Personally, Too many ads and not enough useful information.",negative
"As a beginner, Excellent work by the creator.",positive
"Honestly, I watched this video today. lol",neutral
"Personally, This is a tutorial about the basics.",neutral
"After watching this, The editing is fantastic and the content is even better. 🔥",positive
"Honestly, I watched this video today.",neutral
The explanation was simple and practical. haha,positive
"Overall, The information is outdated and not helpful.",negative
"Honestly, The editing is fantastic and the content is even better.",positive
"Overall, The creator answers a few questions in the video.",neutral
The title is misleading.,negative
This is exactly what I was looking for. 😊,positive
"For me, The creator uses slides to explain the topic.",neutral
"Personally, I am taking notes while watching this. lol",neutral
"In my opinion, Too many ads and not enough useful information.",negative
"Personally, I stopped watching halfway through! 👍",negative
"As a student, This was recommended on my homepage. :)",neutral
"Finally, Excellent work by the creator!",positive
"Personally, I came here randomly and ended up learning a lot.",positive
"After watching this, I expected much better from this channel.",negative
"Not gonna lie, There are several examples in the video.",neutral
"Honestly, The examples made everything easy to understand.",positive
"as a student, the editing is distracting and annoying.",negative
"Overall, This video is absolutely amazing, I learned so much!",positive
"For me, I really enjoyed watching this. 🙌",positive
"As a beginner, The editing is distracting and annoying.",negative
"For me, The video is around ten minutes long. 😊",neutral
"As a beginner, Too many ads and not enough useful information.",negative
"as a beginner, i found this while searching for information.",neutral
"Personally, The title is misleading. 🔥",negative
"Not gonna lie, I expected much better from this channel. haha",negative
"not gonna lie, great explanation, everything was very clear. ❤️",positive
The video is way too long for such a simple topic.,negative
"Personally, This explanation made the topic more confusing!",negative
The quality has gone downhill.,negative
This deserves way more views.,positive
"Not gonna lie, Loved every second of this video.",positive
"Overall, The editing is distracting and annoying.",negative
"For me, The editing is distracting and annoying. ❤️",negative
"After watching this, Too many ads and not enough useful information.",negative
"Personally, The editing is distracting and annoying.",negative
I am taking notes while watching this. 🙌,neutral
"As a student, Excellent work by the creator. 😂",positive
"Honestly, The audio quality is terrible.",negative
"As a beginner, The video is around ten minutes long.",neutral
"As a student, Finally someone explained it properly! 😂",positive
"Overall, I expected much better from this channel. 😍",negative
"Personally, You explained this topic really well. haha",positive
"In my opinion, Such a useful video, thank you for sharing. 🙌",positive
"Overall, I am taking notes while watching this. 🙌",neutral
"As a student, The editing is distracting and annoying.",negative
"After watching this, The comments section has many different opinions.",neutral
"After watching this, The title is misleading. lol",negative
"Finally, Keep making content like this!",positive
"Finally, Finally someone explained it properly.",positive
"Not gonna lie, The video was uploaded recently.",neutral
"Overall, This deserves way more views.",positive
"Finally, The editing is fantastic and the content is even better.",positive
"In my opinion, The video feels rushed and incomplete!",negative
"Honestly, I came here randomly and ended up learning a lot. :)",positive
"Honestly, The creator uses slides to explain the topic. 😂",neutral
"Not gonna lie, The creator uploaded another video on this topic.",neutral
"Honestly, This was not worth my time!!!!",negative
"Honestly, The explanation was simple and practical.",positive
The video feels rushed and incomplete.,negative
"As a beginner, Too many ads and not enough useful information.",negative
"For me, This explanation made the topic more confusing.",negative
"Honestly, Great explanation, everything was very clear! 😍",positive
"As a beginner, This explanation made the topic more confusing. ❤️",negative
"Honestly, Very disappointing content.",negative
"Finally, Great explanation, everything was very clear.",positive
"as a student, you explained this topic really well.",positive
"As a beginner, The video was uploaded recently. 😍",neutral
"For me, This is exactly what I was looking for.",positive
"Not gonna lie, The video covers both theory and examples.",neutral
"In my opinion, I am taking notes while watching this.",neutral
"As a student, I did not find this useful at all. 👍",negative
"In my opinion, This deserves way more views. 👍",positive
"As a student, This was recommended on my homepage.",neutral
"Not gonna lie, The explanation was simple and practical!",positive
"Personally, The examples made everything easy to understand.",positive
"Honestly, The creator answers a few questions in the video. 👍",neutral
This channel keeps getting better.,positive
"Honestly, I will come back to this video later! lol",neutral
"Personally, I am taking notes while watching this.",neutral
"As a student, I will come back to this video later.!!!",neutral
"Overall, I found this while searching for information.",neutral
"As a beginner, This is exactly what I was looking for. 🔥",positive
"personally, i regret clicking on this video.",negative
The editing is fantastic and the content is even better.,positive
"After watching this, This explanation made the topic more confusing.",negative
One of the best videos on this topic. ❤️,positive
"Overall, I came here randomly and ended up learning a lot. 👍",positive
"As a student, The title is misleading. ❤️",negative
"Personally, The video covers both theory and examples.",neutral
This video helped me solve my problem. 😍,positive
"Not gonna lie, This video is absolutely amazing, I learned so much! 😊",positive
"As a student, There is too much unnecessary talking. lol",negative
"As a student, I am taking notes while watching this.",neutral
"As a beginner, The video is around ten minutes long.",neutral
"Finally, This explanation made the topic more confusing.",negative
"In my opinion, Too many ads and not enough useful information.",negative
"For me, There is too much unnecessary talking. 🔥",negative
"After watching this, I expected much better from this channel. ❤️",negative
"Overall, This was not worth my time.",negative
"Honestly, I could not understand what the creator was trying to say. 😍",negative
"Overall, The explanation was simple and practical.",positive
"Honestly, The video is around ten minutes long.",neutral
loved every second of this video.,positive
"For me, This deserves way more views.",positive
"As a student, The creator answers a few questions in the video.",neutral
"After watching this, Such a useful video, thank you for sharing.",positive
"Overall, The examples made everything easy to understand.",positive
"In my opinion, This was not worth my time.",negative
"Not gonna lie, I am taking notes while watching this. haha",neutral
"Finally, Keep making content like this!",positive
"As a beginner, The creator uploaded another video on this topic.",neutral
"After watching this, I stopped watching halfway through. ❤️",negative
"As a student, There are several examples in the video.",neutral
"Not gonna lie, I found this while searching for information.!!!",neutral
"Honestly, I came here randomly and ended up learning a lot. 😊",positive
"For me, The editing is distracting and annoying.",negative
"After watching this, The video is way too long for such a simple topic. 👍",negative
"As a student, I regret clicking on this video.",negative
"overall, this deserves way more views.",positive
This explanation made the topic more confusing.,negative
"In my opinion, The explanation was simple and practical. ❤️",positive
"Finally, I will come back to this video later.",neutral
"Honestly, The creator uses slides to explain the topic. 🙌",neutral
"Finally, The audio quality is terrible. 😂",negative
"Honestly, I am taking notes while watching this.!!!",neutral
"Such a useful video, thank you for sharing.",positive
"After watching this, Loved every second of this video.",positive
"Overall, The creator uses slides to explain the topic.",neutral
"Overall, The creator answers a few questions in the video. 😂",neutral
"Finally, The explanation was simple and practical.",positive
"Not gonna lie, Such a useful video, thank you for sharing.",positive
"Honestly, I regret clicking on this video.",negative
"As a beginner, The video was uploaded recently.",neutral
I regret clicking on this video.,negative
"In my opinion, Great explanation, everything was very clear.",positive
"Personally, This explanation made the topic more confusing.",negative
"As a student, Too many ads and not enough useful information.",negative
"In my opinion, The video is way too long for such a simple topic.",negative
"For me, The quality has gone downhill. haha",negative
"Not gonna lie, I did not find this useful at all.",negative
"After watching this, The video is way too long for such a simple topic. haha",negative
"after watching this, this video was a complete waste of time.",negative
"Finally, I am watching this for a college assignment. :)",neutral
"Honestly, The creator uploaded another video on this topic.",neutral
"For me, The video covers both theory and examples. 😍",neutral
"For me, This is a tutorial about the basics.",neutral
"Finally, I watched the whole thing without getting bored.",positive
"Not gonna lie, This video is absolutely amazing, I learned so much! :)",positive
"As a beginner, I will come back to this video later.",neutral
The explanation was confusing and poorly organized. haha,negative
"Honestly, The video is about the topic mentioned in the title.",neutral
"Personally, Very informative and entertaining at the same time.",positive
"For me, The video feels rushed and incomplete. 🙌",negative
"Honestly, Too many ads and not enough useful information. 😊",negative
"Overall, This deserves way more views.",positive
"Finally, This channel keeps getting better. 🙌",positive
"Personally, I came here randomly and ended up learning a lot. lol",positive
"Finally, Very informative and entertaining at the same time.",positive
"In my opinion, The video was uploaded recently.",neutral
"Personally, Excellent work by the creator.",positive
"Honestly, One of the best videos on this topic.",positive
"In my opinion, I am watching this for a college assignment. haha",neutral
The video was uploaded recently.,neutral
"For me, I am taking notes while watching this. :)",neutral
"Honestly, This is a tutorial about the basics.!!!",neutral
"After watching this, Loved every second of this video.",positive
"Not gonna lie, Keep making content like this! :)",positive
i could not understand what the creator was trying to say.,negative
"Honestly, Excellent work by the creator. haha",positive
"overall, there is a link mentioned in the description. :)",neutral
"Not gonna lie, The comments section has many different opinions. 😊",neutral
"Finally, I watched the whole thing without getting bored. :)",positive
"as a beginner, i stopped watching halfway through.",negative
"Finally, I did not find this useful at all.",negative
"As a beginner, This video is absolutely amazing, I learned so much!",positive
"Honestly, I came here randomly and ended up learning a lot.",positive
"For me, The video covers both theory and examples.",neutral
"Not gonna lie, This was recommended on my homepage. :)",neutral
"Honestly, I watched this on my phone.",neutral
The quality has gone downhill.,negative
I found this while searching for information. 😊,neutral
"In my opinion, I stopped watching halfway through. :)",negative
"As a beginner, This was not worth my time.",negative
"Finally, Such a useful video, thank you for sharing. lol",positive
There is too much unnecessary talking.,negative
"As a beginner, Loved every second of this video.",positive
"For me, Finally someone explained it properly.",positive
"as a beginner, this is one of the weakest videos on this topic.",negative
"As a beginner, The audio quality is terrible. 😍",negative
"As a student, There are several examples in the video.",neutral
"Honestly, I watched this video today. ❤️",neutral
"finally, very disappointing content.",negative
"Personally, This video is absolutely amazing, I learned so much! 😍",positive
"After watching this, The quality has gone downhill. :)",negative
"Overall, Keep making content like this! 👍",positive
"For me, Finally someone explained it properly. 😊",positive
"As a beginner, The video contains a practical demonstration.",neutral
"Honestly, I really enjoyed watching this.",positive
"As a beginner, Such a useful video, thank you for sharing.",positive
"As a beginner, I watched this on my phone.",neutral
"Personally, The video is about the topic mentioned in the title.",neutral
"In my opinion, Very informative and entertaining at the same time. lol",positive
"honestly, too many ads and not enough useful information.",negative
"Finally, The video contains a practical demonstration. ❤️",neutral
"for me, this is one of the weakest videos on this topic. 🙌",negative
"Finally, I watched the whole thing without getting bored.",positive
"Finally, There is a link mentioned in the description. lol",neutral
"Overall, Loved every second of this video.",positive
"As a student, I watched this video today. ❤️",neutral
"Personally, The video was uploaded recently.",neutral
"Honestly, Loved every second of this video.",positive
"Not gonna lie, This video is absolutely amazing, I learned so much!",positive
"Personally, This explanation made the topic more confusing. 🙌",negative
"Personally, Keep making content like this! 😍",positive
"As a student, I could not understand what the creator was trying to say. 🙌",negative
"Honestly, There is too much unnecessary talking. 👍",negative
"Honestly, Keep making content like this! lol",positive
"For me, This video helped me solve my problem.",positive
"Great explanation, everything was very clear.",positive
"For me, The video covers both theory and examples. 🔥",neutral
The creator uploaded another video on this topic.,neutral
"Personally, The creator answers a few questions in the video. 👍",neutral
"In my opinion, The video feels rushed and incomplete.",negative
"As a student, This is a tutorial about the basics.",neutral
"Finally, You explained this topic really well.",positive
"For me, One of the best videos on this topic.",positive
"Overall, Finally someone explained it properly. 👍",positive
This is a tutorial about the basics.,neutral
"Finally, The creator uses slides to explain the topic.",neutral
"Honestly, The video is way too long for such a simple topic.",negative
"Honestly, I am taking notes while watching this. ❤️",neutral
There is a link mentioned in the description.,neutral
"after watching this, i watched this video today. haha",neutral
"Personally, I watched the whole thing without getting bored.",positive
"as a student, this is a tutorial about the basics.",neutral
"Personally, The explanation was confusing and poorly organized.",negative
"Not gonna lie, I watched this on my phone.",neutral
"As a beginner, This was not worth my time. :)",negative
"As a beginner, The video is way too long for such a simple topic. 🙌",negative
"overall, the video is around ten minutes long.",neutral
The explanation was simple and practical. 🙌,positive
"As a beginner, Very disappointing content.",negative
"after watching this, great explanation, everything was very clear.",positive
"As a beginner, I watched the whole thing without getting bored. 😊",positive
"Honestly, This was not worth my time. 🔥",negative
"Finally, One of the best videos on this topic.",positive
"Finally, I watched the whole thing without getting bored. 😂",positive
"Personally, This channel keeps getting better.",positive
"As a beginner, There is too much unnecessary talking.",negative
"Not gonna lie, I am taking notes while watching this.",neutral
"After watching this, Too many ads and not enough useful information.",negative
"For me, The video contains a practical demonstration.!!!",neutral
"Finally, The video contains a practical demonstration. 👍",neutral
"As a beginner, This deserves way more views. 🙌",positive
"As a beginner, I regret clicking on this video.",negative
"After watching this, Very informative and entertaining at the same time.!!!",positive
"for me, the audio quality is terrible.!!!",negative
"As a student, The editing is distracting and annoying.",negative
"as a student, the editing is fantastic and the content is even better.",positive
"In my opinion, I will come back to this video later.!!!",neutral
"Honestly, The video contains a practical demonstration! 👍",neutral
I will come back to this video later.,neutral
"Personally, I expected much better from this channel. 😍",negative
"overall, the title is misleading. :)",negative
"Honestly, I expected much better from this channel.",negative
"Finally, Keep making content like this! ❤️",positive
"Finally, This topic is discussed in the second half.",neutral
"As a student, The video is way too long for such a simple topic.",negative
"In my opinion, The creator answers a few questions in the video. ❤️",neutral
"overall, i watched this video today.",neutral
"As a student, There is too much unnecessary talking.",negative
"as a beginner, finally someone explained it properly. lol",positive
"Personally, The video was uploaded recently. lol",neutral
"Not gonna lie, The video was uploaded recently.",neutral
"Honestly, Very informative and entertaining at the same time!",positive
"In my opinion, You explained this topic really well. 👍",positive
"Not gonna lie, The creator answers a few questions in the video. 😊",neutral
"Personally, This deserves way more views.",positive
"Overall, The video was uploaded recently.",neutral
"Finally, Such a useful video, thank you for sharing!",positive
"Honestly, Very informative and entertaining at the same time.",positive
I watched this on my phone.,neutral
"As a beginner, There is too much unnecessary talking. 🙌",negative
"After watching this, This is exactly what I was looking for.",positive
"In my opinion, Very disappointing content.",negative
"As a beginner, I could not understand what the creator was trying to say! 😂",negative
i regret clicking on this video.,negative
"as a beginner, this video is absolutely amazing, i learned so much!",positive
"As a student, This video is absolutely amazing, I learned so much! haha",positive
"Honestly, The video is around ten minutes long.",neutral
"Personally, The editing is distracting and annoying.",negative
"Overall, I will come back to this video later.",neutral
"Not gonna lie, This video is absolutely amazing, I learned so much! 🙌",positive
"Not gonna lie, The creator answers a few questions in the video. 😊",neutral
"Finally, This is a tutorial about the basics.",neutral
"As a student, This video is absolutely amazing, I learned so much! ❤️",positive
"As a beginner, This was not worth my time. 😂",negative
"In my opinion, There is a link mentioned in the description. lol",neutral
"As a student, Finally someone explained it properly. 🙌",positive
"As a beginner, There is a link mentioned in the description.",neutral
"Finally, The editing is distracting and annoying. ❤️",negative
"For me, This video is absolutely amazing, I learned so much! 🔥",positive
"after watching this, i will come back to this video later.",neutral
"Honestly, I really enjoyed watching this. 👍",positive
The creator answers a few questions in the video.,neutral
"As a beginner, This explanation made the topic more confusing.",negative
"As a student, I really enjoyed watching this.",positive
"Finally, The video is about the topic mentioned in the title.",neutral
"Not gonna lie, Great explanation, everything was very clear.",positive
"As a beginner, This is a tutorial about the basics.",neutral
"For me, The title is misleading.",negative
"As a beginner, This is exactly what I was looking for. 😂",positive
"As a student, I expected much better from this channel. 🔥",negative
"As a beginner, This was not worth my time.!!!",negative
"As a student, The creator uses slides to explain the topic.",neutral
"As a student, Loved every second of this video.",positive
"Finally, Such a useful video, thank you for sharing.",positive
"Honestly, The creator uses slides to explain the topic!",neutral
"As a student, The audio quality is terrible. lol",negative
"Finally, The creator uses slides to explain the topic.",neutral
"As a student, I watched this video today. 🙌",neutral
"In my opinion, This topic is discussed in the second half. 🙌",neutral
"Honestly, I could not understand what the creator was trying to say. 😂",negative
"Overall, The explanation was confusing and poorly organized.",negative
"Such a useful video, thank you for sharing.!!!",positive
"As a beginner, I found this while searching for information. ❤️",neutral
"Personally, The video was uploaded recently.",neutral
"In my opinion, I came here randomly and ended up learning a lot.",positive
I came here randomly and ended up learning a lot.,positive
"Finally, I watched the whole thing without getting bored!",positive
"Overall, Such a useful video, thank you for sharing.",positive
"Personally, I came here randomly and ended up learning a lot.",positive
"As a beginner, The creator uses slides to explain the topic.",neutral
"For me, This was recommended on my homepage.",neutral
"For me, Excellent work by the creator.",positive
"Not gonna lie, Too many ads and not enough useful information.",negative
"As a student, The title is misleading. 🙌",negative
"In my opinion, The title is misleading. ❤️",negative
"Overall, I watched this on my phone.",neutral
"Honestly, I will come back to this video later. 😍",neutral
"After watching this, I will come back to this video later. 🙌",neutral
"Finally, This was not worth my time.",negative
"For me, The comments section has many different opinions.",neutral
"Finally, This topic is discussed in the second half.",neutral
"As a student, The explanation was confusing and poorly organized.",negative
"Overall, Such a useful video, thank you for sharing.",positive
"As a student, I did not find this useful at all.",negative
"in my opinion, very informative and entertaining at the same time. ❤️",positive
"Not gonna lie, I watched this on my phone.",neutral
"Overall, This was not worth my time.",negative
"After watching this, This topic is discussed in the second half!",neutral
"As a student, I regret clicking on this video. 😂",negative
I stopped watching halfway through. 😂,negative
"Overall, I watched this on my phone.",neutral
"Overall, This was not worth my time. 😊",negative
Keep making content like this!,positive
"In my opinion, This is one of the weakest videos on this topic.",negative
"As a student, The title is misleading.",negative
"As a beginner, This was not worth my time.",negative
"This video is absolutely amazing, I learned so much!",positive
This explanation made the topic more confusing.,negative
"As a beginner, I watched the whole thing without getting bored.",positive
"After watching this, The video feels rushed and incomplete.",negative
"overall, this video was a complete waste of time.",negative
"Overall, I am watching this for a college assignment.",neutral
"Not gonna lie, The video is way too long for such a simple topic. 😊",negative
This explanation made the topic more confusing!,negative
The creator answers a few questions in the video. ❤️,neutral
"In my opinion, I came here randomly and ended up learning a lot. :)",positive
"Not gonna lie, The information is outdated and not helpful. 😊",negative
"As a student, The creator uses slides to explain the topic.",neutral
"As a beginner, I watched the whole thing without getting bored. haha",positive
"Personally, I watched the whole thing without getting bored. haha",positive
"Finally, This was not worth my time. 😊",negative
"As a student, The information is outdated and not helpful. 😂",negative
"Finally, I stopped watching halfway through.",negative
The video feels rushed and incomplete.,negative
The editing is fantastic and the content is even better.,positive
"After watching this, This was not worth my time.",negative
"Personally, The video contains a practical demonstration.",neutral
"In my opinion, I did not find this useful at all.",negative
The video is way too long for such a simple topic. 👍,negative
"in my opinion, the explanation was simple and practical. lol",positive
This video was a complete waste of time.,negative
"For me, One of the best videos on this topic. ❤️",positive
"For me, The audio quality is terrible. 😂",negative
"Overall, I stopped watching halfway through.",negative
The editing is fantastic and the content is even better. 😂,positive
"Finally, This video is absolutely amazing, I learned so much! 👍",positive
"After watching this, I came here randomly and ended up learning a lot. ❤️",positive
"In my opinion, I watched this on my phone. :)",neutral
"finally, the editing is distracting and annoying.",negative
"In my opinion, The audio quality is terrible. haha",negative
"For me, The video was uploaded recently. :)",neutral
"Personally, This is exactly what I was looking for.",positive
"As a beginner, The editing is distracting and annoying.",negative
"Finally, I watched the whole thing without getting bored.",positive
I am watching this for a college assignment. haha,neutral
"finally, the creator answers a few questions in the video. 😍",neutral
This video helped me solve my problem.,positive
"personally, the title is misleading. haha",negative
"Not gonna lie, The creator answers a few questions in the video.",neutral
"Finally, There is too much unnecessary talking. lol",negative
"Finally, I could not understand what the creator was trying to say.",negative
"As a student, Finally someone explained it properly. :)",positive
"After watching this, I regret clicking on this video. 😂",negative
"as a student, this video helped me solve my problem.",positive
"as a student, this channel keeps getting better!!!!",positive
"Personally, I did not find this useful at all.",negative
"Overall, The title is misleading.",negative
"Honestly, One of the best videos on this topic.",positive
"for me, there is too much unnecessary talking.",negative
"In my opinion, The quality has gone downhill. 😊",negative
"As a beginner, There are several examples in the video. 😍",neutral
"for me, one of the best videos on this topic.",positive
"In my opinion, One of the best videos on this topic.",positive
"After watching this, The audio quality is terrible. lol",negative
"Honestly, The comments section has many different opinions.",neutral
"As a beginner, I will come back to this video later. :)",neutral
"Personally, Very disappointing content.",negative
"As a student, The creator uploaded another video on this topic. 🙌",neutral
The video is about the topic mentioned in the title.,neutral
"Honestly, This deserves way more views.",positive
"In my opinion, The video is about the topic mentioned in the title.",neutral
"Honestly, This deserves way more views. ❤️",positive
"Overall, I watched this video today.",neutral
"Not gonna lie, The video is about the topic mentioned in the title.",neutral
"Not gonna lie, I regret clicking on this video. haha",negative
"as a beginner, i expected much better from this channel.",negative
"As a beginner, Loved every second of this video.",positive
"For me, The explanation was simple and practical.",positive
"As a student, I watched the whole thing without getting bored. 😂",positive
"Honestly, The creator uses slides to explain the topic.",neutral
"After watching this, The creator answers a few questions in the video. 😊",neutral
"in my opinion, this is exactly what i was looking for.",positive
"Not gonna lie, The video was uploaded recently. :)",neutral
"In my opinion, This channel keeps getting better.",positive
"for me, this is exactly what i was looking for.",positive
"Finally, The title is misleading.",negative
"Honestly, The audio quality is terrible. :)",negative
"Honestly, There is too much unnecessary talking. 👍",negative
"Not gonna lie, The explanation was simple and practical.",positive
"Personally, Such a useful video, thank you for sharing. ❤️",positive
